2025-02-10 20:38:48 [INFO] [rustastic_drone::drone] [32m✓[0m [ Drone 3 ]: has received the packet Packet { routing_header: SourceRoutingHeader { hop_index: 0, hops: [] }, session_id: 2, pack_type: FloodRequest(FloodRequest { flood_id: 4, initiator_id: 9, path_trace: [(9, Client), (6, Drone)] }) }
2025-02-10 20:38:48 [INFO] [rust_do_it::drone] Drone 4 received packet Packet { routing_header: SourceRoutingHeader { hop_index: 0, hops: [] }, session_id: 2, pack_type: FloodRequest(FloodRequest { flood_id: 4, initiator_id: 9, path_trace: [(9, Client), (2, Drone), (5, Drone), (8, Drone), (1, Drone)] }) }
2025-02-10 20:38:48 [INFO] [rustastic_drone::drone] [32m✓[0m [ Drone 3 ]: sent the FloodRequest with flood_id: 4 sent to [ Drone 15 ]
2025-02-10 20:38:48 [INFO] [rustastic_drone::drone] [32m✓[0m [ Drone 3 ]: sent a FloodRequest with flood_id: 4 to the [ Drone 15 ]
2025-02-10 20:38:48 [INFO] [rustastic_drone::drone] [32m✓[0m [ Drone 3 ]: sent the FloodRequest with flood_id: 4 sent to [ Drone 17 ]
2025-02-10 20:38:48 [INFO] [rustastic_drone::drone] [32m✓[0m [ Drone 3 ]: sent a FloodRequest with flood_id: 4 to the [ Drone 17 ]
2025-02-10 20:38:48 [INFO] [rustastic_drone::drone] [32m✓[0m [ Drone 3 ]: sent the FloodRequest with flood_id: 4 sent to [ Drone 12 ]
2025-02-10 20:38:48 [INFO] [getdroned::get_droned] Drone 7 received a packet: Packet { routing_header: SourceRoutingHeader { hop_index: 0, hops: [] }, session_id: 2, pack_type: FloodRequest(FloodRequest { flood_id: 4, initiator_id: 9, path_trace: [(9, Client), (2, Drone), (5, Drone), (8, Drone), (1, Drone), (4, Drone)] }) }
2025-02-10 20:38:48 [INFO] [rustastic_drone::drone] [32m✓[0m [ Drone 3 ]: sent a FloodRequest with flood_id: 4 to the [ Drone 12 ]
2025-02-10 20:38:48 [INFO] [rustastic_drone::drone] [32m✓[0m [ Drone 3 ]: sent the FloodRequest with flood_id: 4 sent to [ Drone 10 ]
2025-02-10 20:38:48 [INFO] [getdroned::get_droned] Drone 7 received a packet: Packet { routing_header: SourceRoutingHeader { hop_index: 0, hops: [] }, session_id: 2, pack_type: FloodRequest(FloodRequest { flood_id: 4, initiator_id: 9, path_trace: [(9, Client), (2, Drone), (5, Drone), (8, Drone), (1, Drone), (4, Drone), (16, Server)] }) }
2025-02-10 20:38:48 [INFO] [rustastic_drone::drone] [32m✓[0m [ Drone 3 ]: sent a FloodRequest with flood_id: 4 to the [ Drone 10 ]
2025-02-10 20:38:48 [INFO] [getdroned::get_droned] Drone 7 received a packet: Packet { routing_header: SourceRoutingHeader { hop_index: 0, hops: [] }, session_id: 2, pack_type: FloodRequest(FloodRequest { flood_id: 4, initiator_id: 9, path_trace: [(9, Client), (2, Drone), (5, Drone), (8, Drone), (1, Drone), (4, Drone), (18, Server)] }) }
2025-02-10 20:38:48 [INFO] [rustastic_drone::drone] [32m✓[0m [ Drone 3 ]: has received the packet Packet { routing_header: SourceRoutingHeader { hop_index: 0, hops: [] }, session_id: 2, pack_type: FloodRequest(FloodRequest { flood_id: 4, initiator_id: 9, path_trace: [(9, Client), (2, Drone), (5, Drone), (8, Drone), (15, Server)] }) }
2025-02-10 20:38:48 [INFO] [rust_do_it::drone] Drone 4 received packet Packet { routing_header: SourceRoutingHeader { hop_index: 2, hops: [7, 16, 4, 1, 8, 5, 2, 9] }, session_id: 2, pack_type: FloodResponse(FloodResponse { flood_id: 4, path_trace: [(9, Client), (2, Drone), (5, Drone), (8, Drone), (1, Drone), (4, Drone), (16, Server), (7, Drone)] }) }
2025-02-10 20:38:48 [INFO] [getdroned::get_droned] Drone 7 received a packet: Packet { routing_header: SourceRoutingHeader { hop_index: 1, hops: [18, 7, 4, 1, 8, 5, 2, 9] }, session_id: 4, pack_type: FloodResponse(FloodResponse { flood_id: 4, path_trace: [(9, Client), (2, Drone), (5, Drone), (8, Drone), (1, Drone), (4, Drone), (7, Drone), (18, Server)] }) }
2025-02-10 20:38:48 [INFO] [rust_do_it::drone] Drone 4 received packet Packet { routing_header: SourceRoutingHeader { hop_index: 2, hops: [7, 18, 4, 1, 8, 5, 2, 9] }, session_id: 2, pack_type: FloodResponse(FloodResponse { flood_id: 4, path_trace: [(9, Client), (2, Drone), (5, Drone), (8, Drone), (1, Drone), (4, Drone), (18, Server), (7, Drone)] }) }
2025-02-10 20:38:48 [INFO] [getdroned::get_droned] Drone 7 received a packet: Packet { routing_header: SourceRoutingHeader { hop_index: 1, hops: [16, 7, 4, 1, 8, 5, 2, 9] }, session_id: 4, pack_type: FloodResponse(FloodResponse { flood_id: 4, path_trace: [(9, Client), (2, Drone), (5, Drone), (8, Drone), (1, Drone), (4, Drone), (7, Drone), (16, Server)] }) }
2025-02-10 20:38:48 [INFO] [rustastic_drone::drone] [32m✓[0m [ Drone 3 ]: sent the FloodResponse to [ Drone 15 ]
└─>Reason: [33m!!![0m [ Drone 3 ]: has already received a FloodRequest with flood_id: 4
2025-02-10 20:38:48 [INFO] [rust_do_it::drone] Drone 4 received packet Packet { routing_header: SourceRoutingHeader { hop_index: 2, hops: [18, 7, 4, 1, 8, 5, 2, 9] }, session_id: 4, pack_type: FloodResponse(FloodResponse { flood_id: 4, path_trace: [(9, Client), (2, Drone), (5, Drone), (8, Drone), (1, Drone), (4, Drone), (7, Drone), (18, Server)] }) }
2025-02-10 20:38:48 [INFO] [rustastic_drone::drone] [32m✓[0m [ Drone 3 ]: has received the packet Packet { routing_header: SourceRoutingHeader { hop_index: 0, hops: [] }, session_id: 2, pack_type: FloodRequest(FloodRequest { flood_id: 4, initiator_id: 9, path_trace: [(9, Client), (2, Drone), (5, Drone), (8, Drone), (17, Server)] }) }
2025-02-10 20:38:48 [INFO] [rust_do_it::drone] Drone 4 received packet Packet { routing_header: SourceRoutingHeader { hop_index: 2, hops: [16, 7, 4, 1, 8, 5, 2, 9] }, session_id: 4, pack_type: FloodResponse(FloodResponse { flood_id: 4, path_trace: [(9, Client), (2, Drone), (5, Drone), (8, Drone), (1, Drone), (4, Drone), (7, Drone), (16, Server)] }) }
2025-02-10 20:38:48 [INFO] [rustastic_drone::drone] [32m✓[0m [ Drone 3 ]: sent the FloodResponse to [ Drone 17 ]
└─>Reason: [33m!!![0m [ Drone 3 ]: has already received a FloodRequest with flood_id: 4
2025-02-10 20:38:48 [INFO] [rustastic_drone::drone] [32m✓[0m [ Drone 3 ]: has received the packet Packet { routing_header: SourceRoutingHeader { hop_index: 1, hops: [15, 3, 6, 9] }, session_id: 4, pack_type: FloodResponse(FloodResponse { flood_id: 4, path_trace: [(9, Client), (6, Drone), (3, Drone), (15, Server)] }) }
2025-02-10 20:38:48 [INFO] [rustastic_drone::drone] [32m✓[0m Packet with [ session_id: 4 ] is being handled from [ Drone 3 ]
2025-02-10 20:38:48 [INFO] [rustastic_drone::drone] [32m✓[0m [ Drone 3 ]: sent a FloodResponse with flood_id: 4 to [ Drone 6 ]
2025-02-10 20:38:48 [INFO] [rustastic_drone::drone] [32m✓[0m [ Drone 3 ]: has received the packet Packet { routing_header: SourceRoutingHeader { hop_index: 1, hops: [17, 3, 6, 9] }, session_id: 4, pack_type: FloodResponse(FloodResponse { flood_id: 4, path_trace: [(9, Client), (6, Drone), (3, Drone), (17, Server)] }) }
2025-02-10 20:38:48 [INFO] [rustastic_drone::drone] [32m✓[0m Packet with [ session_id: 4 ] is being handled from [ Drone 3 ]
2025-02-10 20:38:48 [INFO] [rustastic_drone::drone] [32m✓[0m [ Drone 3 ]: sent a FloodResponse with flood_id: 4 to [ Drone 6 ]
2025-02-10 20:38:48 [INFO] [rustastic_drone::drone] [32m✓[0m [ Drone 3 ]: has received the packet Packet { routing_header: SourceRoutingHeader { hop_index: 0, hops: [] }, session_id: 2, pack_type: FloodRequest(FloodRequest { flood_id: 4, initiator_id: 9, path_trace: [(9, Client), (6, Drone), (12, Client)] }) }
2025-02-10 20:38:48 [INFO] [rustastic_drone::drone] [32m✓[0m [ Drone 3 ]: sent the FloodResponse to [ Drone 12 ]
└─>Reason: [33m!!![0m [ Drone 3 ]: has already received a FloodRequest with flood_id: 4
2025-02-10 20:38:48 [INFO] [rustastic_drone::drone] [32m✓[0m [ Drone 3 ]: has received the packet Packet { routing_header: SourceRoutingHeader { hop_index: 0, hops: [] }, session_id: 2, pack_type: FloodRequest(FloodRequest { flood_id: 4, initiator_id: 9, path_trace: [(9, Client), (2, Drone), (5, Drone), (8, Drone), (1, Drone), (4, Drone), (7, Drone), (10, Client)] }) }
2025-02-10 20:38:48 [INFO] [rustastic_drone::drone] [32m✓[0m [ Drone 3 ]: sent the FloodResponse to [ Drone 10 ]
└─>Reason: [33m!!![0m [ Drone 3 ]: has already received a FloodRequest with flood_id: 4
2025-02-10 20:38:48 [INFO] [rustastic_drone::drone] [32m✓[0m [ Drone 3 ]: has received the packet Packet { routing_header: SourceRoutingHeader { hop_index: 1, hops: [10, 3, 6, 9] }, session_id: 4, pack_type: FloodResponse(FloodResponse { flood_id: 4, path_trace: [(9, Client), (6, Drone), (3, Drone), (10, Client)] }) }
2025-02-10 20:38:48 [INFO] [rustastic_drone::drone] [32m✓[0m Packet with [ session_id: 4 ] is being handled from [ Drone 3 ]
2025-02-10 20:38:48 [INFO] [rustastic_drone::drone] [32m✓[0m [ Drone 3 ]: sent a FloodResponse with flood_id: 4 to [ Drone 6 ]
2025-02-10 20:38:48 [INFO] [rustastic_drone::drone] [32m✓[0m [ Drone 3 ]: has received the packet Packet { routing_header: SourceRoutingHeader { hop_index: 1, hops: [12, 3, 6, 9] }, session_id: 4, pack_type: FloodResponse(FloodResponse { flood_id: 4, path_trace: [(9, Client), (6, Drone), (3, Drone), (12, Client)] }) }
2025-02-10 20:38:48 [INFO] [rustastic_drone::drone] [32m✓[0m Packet with [ session_id: 4 ] is being handled from [ Drone 3 ]
2025-02-10 20:38:48 [INFO] [rustastic_drone::drone] [32m✓[0m [ Drone 3 ]: sent a FloodResponse with flood_id: 4 to [ Drone 6 ]
2025-02-10 20:38:48 [INFO] [getdroned::get_droned] Drone 7 received a packet: Packet { routing_header: SourceRoutingHeader { hop_index: 2, hops: [3, 10, 7, 4, 1, 8, 5, 2, 9] }, session_id: 2, pack_type: FloodResponse(FloodResponse { flood_id: 4, path_trace: [(9, Client), (2, Drone), (5, Drone), (8, Drone), (1, Drone), (4, Drone), (7, Drone), (10, Client), (3, Drone)] }) }
2025-02-10 20:38:48 [INFO] [rust_do_it::drone] Drone 4 received packet Packet { routing_header: SourceRoutingHeader { hop_index: 3, hops: [3, 10, 7, 4, 1, 8, 5, 2, 9] }, session_id: 2, pack_type: FloodResponse(FloodResponse { flood_id: 4, path_trace: [(9, Client), (2, Drone), (5, Drone), (8, Drone), (1, Drone), (4, Drone), (7, Drone), (10, Client), (3, Drone)] }) }
2025-02-10 20:38:48 [INFO] [rustastic_drone::drone] [32m✓[0m [ Drone 3 ]: has received the packet Packet { routing_header: SourceRoutingHeader { hop_index: 2, hops: [9, 6, 3, 10] }, session_id: 12, pack_type: MsgFragment(Fragment { fragment_index: 0, total_n_fragments: 1, length: 26, data: [123, 34, 84, 121, 112, 101, 82, 101, 113, 117, 101, 115, 116, 34, 58, 123, 34, 102, 114, 111, 109, 34, 58, 57, 125, 125, 0, 0, 0, 0, 0, 0, 0, 0, 0, 0, 0, 0, 0, 0, 0, 0, 0, 0, 0, 0, 0, 0, 0, 0, 0, 0, 0, 0, 0, 0, 0, 0, 0, 0, 0, 0, 0, 0, 0, 0, 0, 0, 0, 0, 0, 0, 0, 0, 0, 0, 0, 0, 0, 0, 0, 0, 0, 0, 0, 0, 0, 0, 0, 0, 0, 0, 0, 0, 0, 0, 0, 0, 0, 0, 0, 0, 0, 0, 0, 0, 0, 0, 0, 0, 0, 0, 0, 0, 0, 0, 0, 0, 0, 0, 0, 0, 0, 0, 0, 0, 0, 0] }) }
2025-02-10 20:38:48 [INFO] [rustastic_drone::drone] [32m✓[0m Packet with [ session_id: 12 ] is being handled from [ Drone 3 ]
2025-02-10 20:38:48 [INFO] [rustastic_drone::drone] [32m✓[0m [ Drone 3 ]: forwarded the the fragment [ fragment_index: 0 ] of the Packet [ session_id: 12 ]
2025-02-10 20:38:48 [WARN] [rustastic_drone::drone] └─>[33m!!![0m Fragment was added to the [ Drone 3 ] buffer
2025-02-10 20:38:48 [INFO] [rustastic_drone::drone] [32m✓[0m [ Drone 3 ]: was sent a Fragment { index: 1 out of 1, data: 0x7b225479706552657175657374223a7b2266726f... + other 6 bytes } packet to [ Drone 10 ]
2025-02-10 20:38:48 [INFO] [rustastic_drone::drone] [32m✓[0m [ Drone 3 ]: has received the packet Packet { routing_header: SourceRoutingHeader { hop_index: 0, hops: [] }, session_id: 1, pack_type: FloodRequest(FloodRequest { flood_id: 0, initiator_id: 14, path_trace: [(14, Server), (5, Drone), (8, Drone), (15, Server)] }) }
2025-02-10 20:38:48 [INFO] [rust_do_it::drone] Drone 4 received packet Packet { routing_header: SourceRoutingHeader { hop_index: 0, hops: [] }, session_id: 1, pack_type: FloodRequest(FloodRequest { flood_id: 0, initiator_id: 14, path_trace: [(14, Server), (5, Drone), (8, Drone), (1, Drone)] }) }
2025-02-10 20:38:48 [INFO] [rustastic_drone::drone] [32m✓[0m [ Drone 3 ]: sent the FloodRequest with flood_id: 0 sent to [ Drone 6 ]
2025-02-10 20:38:48 [INFO] [rustastic_drone::drone] [32m✓[0m [ Drone 3 ]: sent a FloodRequest with flood_id: 0 to the [ Drone 6 ]
2025-02-10 20:38:48 [INFO] [getdroned::get_droned] Drone 7 received a packet: Packet { routing_header: SourceRoutingHeader { hop_index: 0, hops: [] }, session_id: 1, pack_type: FloodRequest(FloodRequest { flood_id: 0, initiator_id: 14, path_trace: [(14, Server), (5, Drone), (8, Drone), (1, Drone), (4, Drone)] }) }
2025-02-10 20:38:48 [INFO] [rustastic_drone::drone] [32m✓[0m [ Drone 3 ]: sent the FloodRequest with flood_id: 0 sent to [ Drone 17 ]
2025-02-10 20:38:48 [INFO] [getdroned::get_droned] Drone 7 received a packet: Packet { routing_header: SourceRoutingHeader { hop_index: 0, hops: [] }, session_id: 1, pack_type: FloodRequest(FloodRequest { flood_id: 0, initiator_id: 14, path_trace: [(14, Server), (5, Drone), (8, Drone), (1, Drone), (4, Drone), (16, Server)] }) }
2025-02-10 20:38:48 [INFO] [rustastic_drone::drone] [32m✓[0m [ Drone 3 ]: sent a FloodRequest with flood_id: 0 to the [ Drone 17 ]
2025-02-10 20:38:48 [INFO] [getdroned::get_droned] Drone 7 received a packet: Packet { routing_header: SourceRoutingHeader { hop_index: 0, hops: [] }, session_id: 1, pack_type: FloodRequest(FloodRequest { flood_id: 0, initiator_id: 14, path_trace: [(14, Server), (5, Drone), (8, Drone), (1, Drone), (4, Drone), (18, Server)] }) }
2025-02-10 20:38:48 [INFO] [rustastic_drone::drone] [32m✓[0m [ Drone 3 ]: sent the FloodRequest with flood_id: 0 sent to [ Drone 12 ]
2025-02-10 20:38:48 [INFO] [rust_do_it::drone] Drone 4 received packet Packet { routing_header: SourceRoutingHeader { hop_index: 2, hops: [7, 16, 4, 1, 8, 5, 14] }, session_id: 1, pack_type: FloodResponse(FloodResponse { flood_id: 0, path_trace: [(14, Server), (5, Drone), (8, Drone), (1, Drone), (4, Drone), (16, Server), (7, Drone)] }) }
2025-02-10 20:38:48 [INFO] [getdroned::get_droned] Drone 7 received a packet: Packet { routing_header: SourceRoutingHeader { hop_index: 1, hops: [16, 7, 4, 1, 8, 5, 14] }, session_id: 0, pack_type: FloodResponse(FloodResponse { flood_id: 0, path_trace: [(14, Server), (5, Drone), (8, Drone), (1, Drone), (4, Drone), (7, Drone), (16, Server)] }) }
2025-02-10 20:38:48 [INFO] [rustastic_drone::drone] [32m✓[0m [ Drone 3 ]: sent a FloodRequest with flood_id: 0 to the [ Drone 12 ]
2025-02-10 20:38:48 [INFO] [rust_do_it::drone] Drone 4 received packet Packet { routing_header: SourceRoutingHeader { hop_index: 2, hops: [7, 18, 4, 1, 8, 5, 14] }, session_id: 1, pack_type: FloodResponse(FloodResponse { flood_id: 0, path_trace: [(14, Server), (5, Drone), (8, Drone), (1, Drone), (4, Drone), (18, Server), (7, Drone)] }) }
2025-02-10 20:38:48 [INFO] [getdroned::get_droned] Drone 7 received a packet: Packet { routing_header: SourceRoutingHeader { hop_index: 1, hops: [18, 7, 4, 1, 8, 5, 14] }, session_id: 0, pack_type: FloodResponse(FloodResponse { flood_id: 0, path_trace: [(14, Server), (5, Drone), (8, Drone), (1, Drone), (4, Drone), (7, Drone), (18, Server)] }) }
2025-02-10 20:38:48 [INFO] [rustastic_drone::drone] [32m✓[0m [ Drone 3 ]: sent the FloodRequest with flood_id: 0 sent to [ Drone 10 ]
2025-02-10 20:38:48 [INFO] [rust_do_it::drone] Drone 4 received packet Packet { routing_header: SourceRoutingHeader { hop_index: 2, hops: [16, 7, 4, 1, 8, 5, 14] }, session_id: 0, pack_type: FloodResponse(FloodResponse { flood_id: 0, path_trace: [(14, Server), (5, Drone), (8, Drone), (1, Drone), (4, Drone), (7, Drone), (16, Server)] }) }
2025-02-10 20:38:48 [INFO] [rustastic_drone::drone] [32m✓[0m [ Drone 3 ]: sent a FloodRequest with flood_id: 0 to the [ Drone 10 ]
2025-02-10 20:38:48 [INFO] [rust_do_it::drone] Drone 4 received packet Packet { routing_header: SourceRoutingHeader { hop_index: 2, hops: [18, 7, 4, 1, 8, 5, 14] }, session_id: 0, pack_type: FloodResponse(FloodResponse { flood_id: 0, path_trace: [(14, Server), (5, Drone), (8, Drone), (1, Drone), (4, Drone), (7, Drone), (18, Server)] }) }
2025-02-10 20:38:48 [INFO] [rustastic_drone::drone] [32m✓[0m [ Drone 3 ]: has received the packet Packet { routing_header: SourceRoutingHeader { hop_index: 0, hops: [] }, session_id: 1, pack_type: FloodRequest(FloodRequest { flood_id: 0, initiator_id: 14, path_trace: [(14, Server), (5, Drone), (8, Drone), (17, Server)] }) }
2025-02-10 20:38:48 [INFO] [rustastic_drone::drone] [32m✓[0m [ Drone 3 ]: sent the FloodResponse to [ Drone 17 ]
└─>Reason: [33m!!![0m [ Drone 3 ]: has already received a FloodRequest with flood_id: 0
2025-02-10 20:38:48 [INFO] [rustastic_drone::drone] [32m✓[0m [ Drone 3 ]: has received the packet Packet { routing_header: SourceRoutingHeader { hop_index: 0, hops: [] }, session_id: 1, pack_type: FloodRequest(FloodRequest { flood_id: 0, initiator_id: 14, path_trace: [(14, Server), (5, Drone), (8, Drone), (15, Server), (3, Drone), (6, Drone), (12, Client)] }) }
2025-02-10 20:38:48 [INFO] [rustastic_drone::drone] [32m✓[0m [ Drone 3 ]: sent the FloodResponse to [ Drone 12 ]
└─>Reason: [33m!!![0m [ Drone 3 ]: has already received a FloodRequest with flood_id: 0
2025-02-10 20:38:48 [INFO] [rustastic_drone::drone] [32m✓[0m [ Drone 3 ]: has received the packet Packet { routing_header: SourceRoutingHeader { hop_index: 1, hops: [17, 3, 15, 8, 5, 14] }, session_id: 0, pack_type: FloodResponse(FloodResponse { flood_id: 0, path_trace: [(14, Server), (5, Drone), (8, Drone), (15, Server), (3, Drone), (17, Server)] }) }
2025-02-10 20:38:48 [INFO] [rustastic_drone::drone] [32m✓[0m Packet with [ session_id: 0 ] is being handled from [ Drone 3 ]
2025-02-10 20:38:48 [INFO] [rustastic_drone::drone] [32m✓[0m [ Drone 3 ]: sent a FloodResponse with flood_id: 0 to [ Drone 15 ]
2025-02-10 20:38:48 [INFO] [rust_do_it::drone] Drone 4 received packet Packet { routing_header: SourceRoutingHeader { hop_index: 4, hops: [14, 5, 8, 1, 4, 16] }, session_id: 2, pack_type: MsgFragment(Fragment { fragment_index: 0, total_n_fragments: 1, length: 27, data: [123, 34, 84, 121, 112, 101, 82, 101, 113, 117, 101, 115, 116, 34, 58, 123, 34, 102, 114, 111, 109, 34, 58, 49, 52, 125, 125, 0, 0, 0, 0, 0, 0, 0, 0, 0, 0, 0, 0, 0, 0, 0, 0, 0, 0, 0, 0, 0, 0, 0, 0, 0, 0, 0, 0, 0, 0, 0, 0, 0, 0, 0, 0, 0, 0, 0, 0, 0, 0, 0, 0, 0, 0, 0, 0, 0, 0, 0, 0, 0, 0, 0, 0, 0, 0, 0, 0, 0, 0, 0, 0, 0, 0, 0, 0, 0, 0, 0, 0, 0, 0, 0, 0, 0, 0, 0, 0, 0, 0, 0, 0, 0, 0, 0, 0, 0, 0, 0, 0, 0, 0, 0, 0, 0, 0, 0, 0, 0] }) }
2025-02-10 20:38:48 [INFO] [rust_do_it::drone] Drone 4 received packet Packet { routing_header: SourceRoutingHeader { hop_index: 4, hops: [14, 5, 8, 1, 4, 18] }, session_id: 3, pack_type: MsgFragment(Fragment { fragment_index: 0, total_n_fragments: 1, length: 27, data: [123, 34, 84, 121, 112, 101, 82, 101, 113, 117, 101, 115, 116, 34, 58, 123, 34, 102, 114, 111, 109, 34, 58, 49, 52, 125, 125, 0, 0, 0, 0, 0, 0, 0, 0, 0, 0, 0, 0, 0, 0, 0, 0, 0, 0, 0, 0, 0, 0, 0, 0, 0, 0, 0, 0, 0, 0, 0, 0, 0, 0, 0, 0, 0, 0, 0, 0, 0, 0, 0, 0, 0, 0, 0, 0, 0, 0, 0, 0, 0, 0, 0, 0, 0, 0, 0, 0, 0, 0, 0, 0, 0, 0, 0, 0, 0, 0, 0, 0, 0, 0, 0, 0, 0, 0, 0, 0, 0, 0, 0, 0, 0, 0, 0, 0, 0, 0, 0, 0, 0, 0, 0, 0, 0, 0, 0, 0, 0] }) }
2025-02-10 20:38:48 [INFO] [rust_do_it::drone] Drone 4 received packet Packet { routing_header: SourceRoutingHeader { hop_index: 1, hops: [16, 4, 1, 8, 5, 14] }, session_id: 2, pack_type: Ack(Ack { fragment_index: 0 }) }
2025-02-10 20:38:48 [INFO] [rust_do_it::drone] Drone 4 received packet Packet { routing_header: SourceRoutingHeader { hop_index: 0, hops: [] }, session_id: 1, pack_type: FloodRequest(FloodRequest { flood_id: 0, initiator_id: 16, path_trace: [(16, Server)] }) }
2025-02-10 20:38:48 [INFO] [rust_do_it::drone] Drone 4 received packet Packet { routing_header: SourceRoutingHeader { hop_index: 1, hops: [18, 4, 1, 8, 5, 14] }, session_id: 3, pack_type: Ack(Ack { fragment_index: 0 }) }
2025-02-10 20:38:48 [INFO] [getdroned::get_droned] Drone 7 received a packet: Packet { routing_header: SourceRoutingHeader { hop_index: 0, hops: [] }, session_id: 1, pack_type: FloodRequest(FloodRequest { flood_id: 0, initiator_id: 16, path_trace: [(16, Server)] }) }
2025-02-10 20:38:48 [INFO] [rust_do_it::drone] Drone 4 received packet Packet { routing_header: SourceRoutingHeader { hop_index: 0, hops: [] }, session_id: 1, pack_type: FloodRequest(FloodRequest { flood_id: 0, initiator_id: 18, path_trace: [(18, Server)] }) }
2025-02-10 20:38:48 [INFO] [rust_do_it::drone] Drone 4 received packet Packet { routing_header: SourceRoutingHeader { hop_index: 0, hops: [] }, session_id: 1, pack_type: FloodRequest(FloodRequest { flood_id: 0, initiator_id: 16, path_trace: [(16, Server), (7, Drone)] }) }
2025-02-10 20:38:48 [INFO] [rustastic_drone::drone] [32m✓[0m [ Drone 3 ]: has received the packet Packet { routing_header: SourceRoutingHeader { hop_index: 2, hops: [9, 6, 3, 10, 7, 16] }, session_id: 19, pack_type: MsgFragment(Fragment { fragment_index: 0, total_n_fragments: 1, length: 26, data: [123, 34, 84, 121, 112, 101, 82, 101, 113, 117, 101, 115, 116, 34, 58, 123, 34, 102, 114, 111, 109, 34, 58, 57, 125, 125, 0, 0, 0, 0, 0, 0, 0, 0, 0, 0, 0, 0, 0, 0, 0, 0, 0, 0, 0, 0, 0, 0, 0, 0, 0, 0, 0, 0, 0, 0, 0, 0, 0, 0, 0, 0, 0, 0, 0, 0, 0, 0, 0, 0, 0, 0, 0, 0, 0, 0, 0, 0, 0, 0, 0, 0, 0, 0, 0, 0, 0, 0, 0, 0, 0, 0, 0, 0, 0, 0, 0, 0, 0, 0, 0, 0, 0, 0, 0, 0, 0, 0, 0, 0, 0, 0, 0, 0, 0, 0, 0, 0, 0, 0, 0, 0, 0, 0, 0, 0, 0, 0] }) }
2025-02-10 20:38:48 [INFO] [rustastic_drone::drone] [32m✓[0m Packet with [ session_id: 19 ] is being handled from [ Drone 3 ]
2025-02-10 20:38:48 [INFO] [rustastic_drone::drone] [32m✓[0m [ Drone 3 ]: forwarded the the fragment [ fragment_index: 0 ] of the Packet [ session_id: 19 ]
2025-02-10 20:38:48 [INFO] [getdroned::get_droned] Drone 7 received a packet: Packet { routing_header: SourceRoutingHeader { hop_index: 0, hops: [] }, session_id: 1, pack_type: FloodRequest(FloodRequest { flood_id: 0, initiator_id: 16, path_trace: [(16, Server), (4, Drone)] }) }
2025-02-10 20:38:48 [WARN] [rustastic_drone::drone] └─>[33m!!![0m Fragment was added to the [ Drone 3 ] buffer
2025-02-10 20:38:48 [INFO] [getdroned::get_droned] Drone 7 received a packet: Packet { routing_header: SourceRoutingHeader { hop_index: 0, hops: [] }, session_id: 1, pack_type: FloodRequest(FloodRequest { flood_id: 0, initiator_id: 18, path_trace: [(18, Server)] }) }
2025-02-10 20:38:48 [INFO] [rustastic_drone::drone] [32m✓[0m [ Drone 3 ]: was sent a Fragment { index: 1 out of 1, data: 0x7b225479706552657175657374223a7b2266726f... + other 6 bytes } packet to [ Drone 10 ]
2025-02-10 20:38:48 [INFO] [rust_do_it::drone] Drone 4 received packet Packet { routing_header: SourceRoutingHeader { hop_index: 0, hops: [] }, session_id: 1, pack_type: FloodRequest(FloodRequest { flood_id: 0, initiator_id: 17, path_trace: [(17, Server), (8, Drone), (1, Drone)] }) }
2025-02-10 20:38:48 [INFO] [rustastic_drone::drone] [32m✓[0m [ Drone 3 ]: has received the packet Packet { routing_header: SourceRoutingHeader { hop_index: 0, hops: [] }, session_id: 1, pack_type: FloodRequest(FloodRequest { flood_id: 0, initiator_id: 16, path_trace: [(16, Server), (4, Drone), (1, Drone), (8, Drone), (15, Server)] }) }
2025-02-10 20:38:48 [INFO] [rust_do_it::drone] Drone 4 received packet Packet { routing_header: SourceRoutingHeader { hop_index: 1, hops: [7, 4, 16] }, session_id: 1, pack_type: FloodResponse(FloodResponse { flood_id: 0, path_trace: [(16, Server), (4, Drone), (7, Drone)] }) }
2025-02-10 20:38:48 [INFO] [rust_do_it::drone] Drone 4 received packet Packet { routing_header: SourceRoutingHeader { hop_index: 0, hops: [] }, session_id: 1, pack_type: FloodRequest(FloodRequest { flood_id: 0, initiator_id: 18, path_trace: [(18, Server), (7, Drone)] }) }
2025-02-10 20:38:48 [INFO] [rust_do_it::drone] Drone 4 received packet Packet { routing_header: SourceRoutingHeader { hop_index: 5, hops: [2, 14, 5, 8, 1, 4, 16] }, session_id: 1, pack_type: FloodResponse(FloodResponse { flood_id: 0, path_trace: [(16, Server), (4, Drone), (1, Drone), (8, Drone), (5, Drone), (14, Server), (2, Drone)] }) }
2025-02-10 20:38:48 [INFO] [rustastic_drone::drone] [32m✓[0m [ Drone 3 ]: sent the FloodRequest with flood_id: 0 sent to [ Drone 6 ]
2025-02-10 20:38:48 [INFO] [rustastic_drone::drone] [32m✓[0m [ Drone 3 ]: sent a FloodRequest with flood_id: 0 to the [ Drone 6 ]
2025-02-10 20:38:48 [INFO] [getdroned::get_droned] Drone 7 received a packet: Packet { routing_header: SourceRoutingHeader { hop_index: 0, hops: [] }, session_id: 1, pack_type: FloodRequest(FloodRequest { flood_id: 0, initiator_id: 16, path_trace: [(16, Server), (4, Drone), (18, Server)] }) }
2025-02-10 20:38:48 [INFO] [rust_do_it::drone] Drone 4 received packet Packet { routing_header: SourceRoutingHeader { hop_index: 5, hops: [14, 2, 5, 8, 1, 4, 16] }, session_id: 0, pack_type: FloodResponse(FloodResponse { flood_id: 0, path_trace: [(16, Server), (4, Drone), (1, Drone), (8, Drone), (5, Drone), (2, Drone), (14, Server)] }) }
2025-02-10 20:38:48 [INFO] [getdroned::get_droned] Drone 7 received a packet: Packet { routing_header: SourceRoutingHeader { hop_index: 1, hops: [18, 7, 16] }, session_id: 0, pack_type: FloodResponse(FloodResponse { flood_id: 0, path_trace: [(16, Server), (7, Drone), (18, Server)] }) }
2025-02-10 20:38:48 [INFO] [rust_do_it::drone] Drone 4 received packet Packet { routing_header: SourceRoutingHeader { hop_index: 5, hops: [2, 14, 5, 8, 1, 4, 18] }, session_id: 1, pack_type: FloodResponse(FloodResponse { flood_id: 0, path_trace: [(18, Server), (4, Drone), (1, Drone), (8, Drone), (5, Drone), (14, Server), (2, Drone)] }) }
2025-02-10 20:38:48 [INFO] [getdroned::get_droned] Drone 7 received a packet: Packet { routing_header: SourceRoutingHeader { hop_index: 0, hops: [] }, session_id: 1, pack_type: FloodRequest(FloodRequest { flood_id: 0, initiator_id: 18, path_trace: [(18, Server), (4, Drone)] }) }
2025-02-10 20:38:48 [INFO] [getdroned::get_droned] Drone 7 received a packet: Packet { routing_header: SourceRoutingHeader { hop_index: 1, hops: [4, 7, 16] }, session_id: 1, pack_type: FloodResponse(FloodResponse { flood_id: 0, path_trace: [(16, Server), (7, Drone), (4, Drone)] }) }
2025-02-10 20:38:48 [INFO] [getdroned::get_droned] Drone 7 received a packet: Packet { routing_header: SourceRoutingHeader { hop_index: 0, hops: [] }, session_id: 1, pack_type: FloodRequest(FloodRequest { flood_id: 0, initiator_id: 18, path_trace: [(18, Server), (4, Drone), (16, Server)] }) }
2025-02-10 20:38:48 [INFO] [getdroned::get_droned] Drone 7 received a packet: Packet { routing_header: SourceRoutingHeader { hop_index: 0, hops: [] }, session_id: 1, pack_type: FloodRequest(FloodRequest { flood_id: 0, initiator_id: 17, path_trace: [(17, Server), (8, Drone), (1, Drone), (4, Drone)] }) }
2025-02-10 20:38:48 [INFO] [rustastic_drone::drone] [32m✓[0m [ Drone 3 ]: sent the FloodRequest with flood_id: 0 sent to [ Drone 17 ]
2025-02-10 20:38:48 [INFO] [rustastic_drone::drone] [32m✓[0m [ Drone 3 ]: sent a FloodRequest with flood_id: 0 to the [ Drone 17 ]
2025-02-10 20:38:48 [INFO] [rustastic_drone::drone] [32m✓[0m [ Drone 3 ]: sent the FloodRequest with flood_id: 0 sent to [ Drone 12 ]
2025-02-10 20:38:48 [INFO] [rustastic_drone::drone] [32m✓[0m [ Drone 3 ]: sent a FloodRequest with flood_id: 0 to the [ Drone 12 ]
2025-02-10 20:38:48 [INFO] [rustastic_drone::drone] [32m✓[0m [ Drone 3 ]: sent the FloodRequest with flood_id: 0 sent to [ Drone 10 ]
2025-02-10 20:38:48 [INFO] [rust_do_it::drone] Drone 4 received packet Packet { routing_header: SourceRoutingHeader { hop_index: 1, hops: [7, 4, 18] }, session_id: 1, pack_type: FloodResponse(FloodResponse { flood_id: 0, path_trace: [(18, Server), (4, Drone), (7, Drone)] }) }
2025-02-10 20:38:48 [INFO] [getdroned::get_droned] Drone 7 received a packet: Packet { routing_header: SourceRoutingHeader { hop_index: 0, hops: [] }, session_id: 1, pack_type: FloodRequest(FloodRequest { flood_id: 0, initiator_id: 17, path_trace: [(17, Server), (8, Drone), (1, Drone), (4, Drone), (18, Server)] }) }
2025-02-10 20:38:48 [INFO] [getdroned::get_droned] Drone 7 received a packet: Packet { routing_header: SourceRoutingHeader { hop_index: 1, hops: [16, 7, 18] }, session_id: 0, pack_type: FloodResponse(FloodResponse { flood_id: 0, path_trace: [(18, Server), (7, Drone), (16, Server)] }) }
2025-02-10 20:38:48 [INFO] [rust_do_it::drone] Drone 4 received packet Packet { routing_header: SourceRoutingHeader { hop_index: 1, hops: [16, 4, 1, 8, 5, 14] }, session_id: 2, pack_type: MsgFragment(Fragment { fragment_index: 0, total_n_fragments: 1, length: 27, data: [123, 34, 84, 121, 112, 101, 82, 101, 113, 117, 101, 115, 116, 34, 58, 123, 34, 102, 114, 111, 109, 34, 58, 49, 54, 125, 125, 0, 0, 0, 0, 0, 0, 0, 0, 0, 0, 0, 0, 0, 0, 0, 0, 0, 0, 0, 0, 0, 0, 0, 0, 0, 0, 0, 0, 0, 0, 0, 0, 0, 0, 0, 0, 0, 0, 0, 0, 0, 0, 0, 0, 0, 0, 0, 0, 0, 0, 0, 0, 0, 0, 0, 0, 0, 0, 0, 0, 0, 0, 0, 0, 0, 0, 0, 0, 0, 0, 0, 0, 0, 0, 0, 0, 0, 0, 0, 0, 0, 0, 0, 0, 0, 0, 0, 0, 0, 0, 0, 0, 0, 0, 0, 0, 0, 0, 0, 0, 0] }) }
2025-02-10 20:38:48 [INFO] [getdroned::get_droned] Drone 7 received a packet: Packet { routing_header: SourceRoutingHeader { hop_index: 0, hops: [] }, session_id: 1, pack_type: FloodRequest(FloodRequest { flood_id: 0, initiator_id: 17, path_trace: [(17, Server), (8, Drone), (1, Drone), (4, Drone), (16, Server)] }) }
2025-02-10 20:38:48 [INFO] [rust_do_it::drone] Drone 4 received packet Packet { routing_header: SourceRoutingHeader { hop_index: 5, hops: [14, 2, 5, 8, 1, 4, 18] }, session_id: 0, pack_type: FloodResponse(FloodResponse { flood_id: 0, path_trace: [(18, Server), (4, Drone), (1, Drone), (8, Drone), (5, Drone), (2, Drone), (14, Server)] }) }
2025-02-10 20:38:48 [INFO] [getdroned::get_droned] Drone 7 received a packet: Packet { routing_header: SourceRoutingHeader { hop_index: 1, hops: [4, 7, 18] }, session_id: 1, pack_type: FloodResponse(FloodResponse { flood_id: 0, path_trace: [(18, Server), (7, Drone), (4, Drone)] }) }
2025-02-10 20:38:48 [INFO] [rust_do_it::drone] Drone 4 received packet Packet { routing_header: SourceRoutingHeader { hop_index: 2, hops: [7, 18, 4, 16] }, session_id: 1, pack_type: FloodResponse(FloodResponse { flood_id: 0, path_trace: [(16, Server), (4, Drone), (18, Server), (7, Drone)] }) }
2025-02-10 20:38:48 [INFO] [getdroned::get_droned] Drone 7 received a packet: Packet { routing_header: SourceRoutingHeader { hop_index: 1, hops: [18, 7, 4, 1, 8, 17] }, session_id: 0, pack_type: FloodResponse(FloodResponse { flood_id: 0, path_trace: [(17, Server), (8, Drone), (1, Drone), (4, Drone), (7, Drone), (18, Server)] }) }
2025-02-10 20:38:48 [INFO] [getdroned::get_droned] Drone 7 received a packet: Packet { routing_header: SourceRoutingHeader { hop_index: 1, hops: [16, 7, 18] }, session_id: 3, pack_type: MsgFragment(Fragment { fragment_index: 0, total_n_fragments: 1, length: 27, data: [123, 34, 84, 121, 112, 101, 82, 101, 113, 117, 101, 115, 116, 34, 58, 123, 34, 102, 114, 111, 109, 34, 58, 49, 54, 125, 125, 0, 0, 0, 0, 0, 0, 0, 0, 0, 0, 0, 0, 0, 0, 0, 0, 0, 0, 0, 0, 0, 0, 0, 0, 0, 0, 0, 0, 0, 0, 0, 0, 0, 0, 0, 0, 0, 0, 0, 0, 0, 0, 0, 0, 0, 0, 0, 0, 0, 0, 0, 0, 0, 0, 0, 0, 0, 0, 0, 0, 0, 0, 0, 0, 0, 0, 0, 0, 0, 0, 0, 0, 0, 0, 0, 0, 0, 0, 0, 0, 0, 0, 0, 0, 0, 0, 0, 0, 0, 0, 0, 0, 0, 0, 0, 0, 0, 0, 0, 0, 0] }) }
2025-02-10 20:38:48 [INFO] [getdroned::get_droned] Drone 7 received a packet: Packet { routing_header: SourceRoutingHeader { hop_index: 1, hops: [16, 7, 4, 1, 8, 17] }, session_id: 0, pack_type: FloodResponse(FloodResponse { flood_id: 0, path_trace: [(17, Server), (8, Drone), (1, Drone), (4, Drone), (7, Drone), (16, Server)] }) }
2025-02-10 20:38:48 [INFO] [rustastic_drone::drone] [32m✓[0m [ Drone 3 ]: sent a FloodRequest with flood_id: 0 to the [ Drone 10 ]
2025-02-10 20:38:48 [INFO] [rustastic_drone::drone] [32m✓[0m [ Drone 3 ]: has received the packet Packet { routing_header: SourceRoutingHeader { hop_index: 0, hops: [] }, session_id: 1, pack_type: FloodRequest(FloodRequest { flood_id: 0, initiator_id: 16, path_trace: [(16, Server), (4, Drone), (1, Drone), (8, Drone), (17, Server)] }) }
2025-02-10 20:38:48 [INFO] [rustastic_drone::drone] [32m✓[0m [ Drone 3 ]: sent the FloodResponse to [ Drone 17 ]
└─>Reason: [33m!!![0m [ Drone 3 ]: has already received a FloodRequest with flood_id: 0
2025-02-10 20:38:48 [INFO] [rustastic_drone::drone] [32m✓[0m [ Drone 3 ]: has received the packet Packet { routing_header: SourceRoutingHeader { hop_index: 0, hops: [] }, session_id: 1, pack_type: FloodRequest(FloodRequest { flood_id: 0, initiator_id: 17, path_trace: [(17, Server)] }) }
2025-02-10 20:38:48 [INFO] [rustastic_drone::drone] [32m✓[0m [ Drone 3 ]: sent the FloodRequest with flood_id: 0 sent to [ Drone 6 ]
2025-02-10 20:38:48 [INFO] [rustastic_drone::drone] [32m✓[0m [ Drone 3 ]: sent a FloodRequest with flood_id: 0 to the [ Drone 6 ]
2025-02-10 20:38:48 [INFO] [rustastic_drone::drone] [32m✓[0m [ Drone 3 ]: sent the FloodRequest with flood_id: 0 sent to [ Drone 15 ]
2025-02-10 20:38:48 [INFO] [rust_do_it::drone] Drone 4 received packet Packet { routing_header: SourceRoutingHeader { hop_index: 2, hops: [18, 7, 4, 1, 8, 17] }, session_id: 0, pack_type: FloodResponse(FloodResponse { flood_id: 0, path_trace: [(17, Server), (8, Drone), (1, Drone), (4, Drone), (7, Drone), (18, Server)] }) }
2025-02-10 20:38:48 [INFO] [rustastic_drone::drone] [32m✓[0m [ Drone 3 ]: sent a FloodRequest with flood_id: 0 to the [ Drone 15 ]
2025-02-10 20:38:48 [INFO] [rust_do_it::drone] Drone 4 received packet Packet { routing_header: SourceRoutingHeader { hop_index: 2, hops: [7, 16, 4, 18] }, session_id: 1, pack_type: FloodResponse(FloodResponse { flood_id: 0, path_trace: [(18, Server), (4, Drone), (16, Server), (7, Drone)] }) }
2025-02-10 20:38:48 [INFO] [rust_do_it::drone] Drone 4 received packet Packet { routing_header: SourceRoutingHeader { hop_index: 2, hops: [7, 16, 4, 1, 8, 17] }, session_id: 1, pack_type: FloodResponse(FloodResponse { flood_id: 0, path_trace: [(17, Server), (8, Drone), (1, Drone), (4, Drone), (16, Server), (7, Drone)] }) }
2025-02-10 20:38:48 [INFO] [rust_do_it::drone] Drone 4 received packet Packet { routing_header: SourceRoutingHeader { hop_index: 2, hops: [7, 18, 4, 1, 8, 17] }, session_id: 1, pack_type: FloodResponse(FloodResponse { flood_id: 0, path_trace: [(17, Server), (8, Drone), (1, Drone), (4, Drone), (18, Server), (7, Drone)] }) }
2025-02-10 20:38:48 [INFO] [rust_do_it::drone] Drone 4 received packet Packet { routing_header: SourceRoutingHeader { hop_index: 2, hops: [16, 7, 4, 1, 8, 17] }, session_id: 0, pack_type: FloodResponse(FloodResponse { flood_id: 0, path_trace: [(17, Server), (8, Drone), (1, Drone), (4, Drone), (7, Drone), (16, Server)] }) }
2025-02-10 20:38:48 [INFO] [rust_do_it::drone] Drone 4 received packet Packet { routing_header: SourceRoutingHeader { hop_index: 1, hops: [18, 4, 1, 8, 5, 14] }, session_id: 3, pack_type: MsgFragment(Fragment { fragment_index: 0, total_n_fragments: 1, length: 27, data: [123, 34, 84, 121, 112, 101, 82, 101, 113, 117, 101, 115, 116, 34, 58, 123, 34, 102, 114, 111, 109, 34, 58, 49, 56, 125, 125, 0, 0, 0, 0, 0, 0, 0, 0, 0, 0, 0, 0, 0, 0, 0, 0, 0, 0, 0, 0, 0, 0, 0, 0, 0, 0, 0, 0, 0, 0, 0, 0, 0, 0, 0, 0, 0, 0, 0, 0, 0, 0, 0, 0, 0, 0, 0, 0, 0, 0, 0, 0, 0, 0, 0, 0, 0, 0, 0, 0, 0, 0, 0, 0, 0, 0, 0, 0, 0, 0, 0, 0, 0, 0, 0, 0, 0, 0, 0, 0, 0, 0, 0, 0, 0, 0, 0, 0, 0, 0, 0, 0, 0, 0, 0, 0, 0, 0, 0, 0, 0] }) }
2025-02-10 20:38:48 [INFO] [getdroned::get_droned] Drone 7 received a packet: Packet { routing_header: SourceRoutingHeader { hop_index: 1, hops: [18, 7, 16] }, session_id: 2, pack_type: MsgFragment(Fragment { fragment_index: 0, total_n_fragments: 1, length: 27, data: [123, 34, 84, 121, 112, 101, 82, 101, 113, 117, 101, 115, 116, 34, 58, 123, 34, 102, 114, 111, 109, 34, 58, 49, 56, 125, 125, 0, 0, 0, 0, 0, 0, 0, 0, 0, 0, 0, 0, 0, 0, 0, 0, 0, 0, 0, 0, 0, 0, 0, 0, 0, 0, 0, 0, 0, 0, 0, 0, 0, 0, 0, 0, 0, 0, 0, 0, 0, 0, 0, 0, 0, 0, 0, 0, 0, 0, 0, 0, 0, 0, 0, 0, 0, 0, 0, 0, 0, 0, 0, 0, 0, 0, 0, 0, 0, 0, 0, 0, 0, 0, 0, 0, 0, 0, 0, 0, 0, 0, 0, 0, 0, 0, 0, 0, 0, 0, 0, 0, 0, 0, 0, 0, 0, 0, 0, 0, 0] }) }
2025-02-10 20:38:48 [INFO] [getdroned::get_droned] Drone 7 received a packet: Packet { routing_header: SourceRoutingHeader { hop_index: 1, hops: [18, 7, 16] }, session_id: 3, pack_type: Ack(Ack { fragment_index: 0 }) }
2025-02-10 20:38:48 [INFO] [getdroned::get_droned] Drone 7 received a packet: Packet { routing_header: SourceRoutingHeader { hop_index: 1, hops: [18, 7, 16] }, session_id: 4, pack_type: MsgFragment(Fragment { fragment_index: 0, total_n_fragments: 1, length: 58, data: [123, 34, 84, 121, 112, 101, 82, 101, 115, 112, 111, 110, 115, 101, 34, 58, 123, 34, 101, 100, 103, 101, 95, 116, 121, 112, 101, 34, 58, 123, 34, 83, 101, 114, 118, 101, 114, 34, 58, 34, 67, 104, 97, 116, 34, 125, 44, 34, 102, 114, 111, 109, 34, 58, 49, 56, 125, 125, 0, 0, 0, 0, 0, 0, 0, 0, 0, 0, 0, 0, 0, 0, 0, 0, 0, 0, 0, 0, 0, 0, 0, 0, 0, 0, 0, 0, 0, 0, 0, 0, 0, 0, 0, 0, 0, 0, 0, 0, 0, 0, 0, 0, 0, 0, 0, 0, 0, 0, 0, 0, 0, 0, 0, 0, 0, 0, 0, 0, 0, 0, 0, 0, 0, 0, 0, 0, 0, 0] }) }
2025-02-10 20:38:48 [INFO] [rustastic_drone::drone] [32m✓[0m [ Drone 3 ]: sent the FloodRequest with flood_id: 0 sent to [ Drone 12 ]
2025-02-10 20:38:48 [INFO] [rustastic_drone::drone] [32m✓[0m [ Drone 3 ]: sent a FloodRequest with flood_id: 0 to the [ Drone 12 ]
2025-02-10 20:38:48 [INFO] [rustastic_drone::drone] [32m✓[0m [ Drone 3 ]: sent the FloodRequest with flood_id: 0 sent to [ Drone 10 ]
2025-02-10 20:38:48 [INFO] [rustastic_drone::drone] [32m✓[0m [ Drone 3 ]: sent a FloodRequest with flood_id: 0 to the [ Drone 10 ]
2025-02-10 20:38:48 [INFO] [rustastic_drone::drone] [32m✓[0m [ Drone 3 ]: has received the packet Packet { routing_header: SourceRoutingHeader { hop_index: 0, hops: [] }, session_id: 1, pack_type: FloodRequest(FloodRequest { flood_id: 0, initiator_id: 18, path_trace: [(18, Server), (4, Drone), (1, Drone), (8, Drone), (17, Server)] }) }
2025-02-10 20:38:48 [INFO] [rustastic_drone::drone] [32m✓[0m [ Drone 3 ]: sent the FloodRequest with flood_id: 0 sent to [ Drone 6 ]
2025-02-10 20:38:48 [INFO] [rustastic_drone::drone] [32m✓[0m [ Drone 3 ]: sent a FloodRequest with flood_id: 0 to the [ Drone 6 ]
2025-02-10 20:38:48 [INFO] [rustastic_drone::drone] [32m✓[0m [ Drone 3 ]: sent the FloodRequest with flood_id: 0 sent to [ Drone 15 ]
2025-02-10 20:38:48 [INFO] [rustastic_drone::drone] [32m✓[0m [ Drone 3 ]: sent a FloodRequest with flood_id: 0 to the [ Drone 15 ]
2025-02-10 20:38:48 [INFO] [rustastic_drone::drone] [32m✓[0m [ Drone 3 ]: sent the FloodRequest with flood_id: 0 sent to [ Drone 12 ]
2025-02-10 20:38:48 [INFO] [rustastic_drone::drone] [32m✓[0m [ Drone 3 ]: sent a FloodRequest with flood_id: 0 to the [ Drone 12 ]
2025-02-10 20:38:48 [INFO] [rustastic_drone::drone] [32m✓[0m [ Drone 3 ]: sent the FloodRequest with flood_id: 0 sent to [ Drone 10 ]
2025-02-10 20:38:48 [INFO] [rustastic_drone::drone] [32m✓[0m [ Drone 3 ]: sent a FloodRequest with flood_id: 0 to the [ Drone 10 ]
2025-02-10 20:38:48 [INFO] [rustastic_drone::drone] [32m✓[0m [ Drone 3 ]: has received the packet Packet { routing_header: SourceRoutingHeader { hop_index: 0, hops: [] }, session_id: 1, pack_type: FloodRequest(FloodRequest { flood_id: 0, initiator_id: 18, path_trace: [(18, Server), (4, Drone), (1, Drone), (8, Drone), (15, Server)] }) }
2025-02-10 20:38:48 [INFO] [rustastic_drone::drone] [32m✓[0m [ Drone 3 ]: sent the FloodResponse to [ Drone 15 ]
└─>Reason: [33m!!![0m [ Drone 3 ]: has already received a FloodRequest with flood_id: 0
2025-02-10 20:38:48 [INFO] [rustastic_drone::drone] [32m✓[0m [ Drone 3 ]: has received the packet Packet { routing_header: SourceRoutingHeader { hop_index: 0, hops: [] }, session_id: 1, pack_type: FloodRequest(FloodRequest { flood_id: 0, initiator_id: 17, path_trace: [(17, Server), (8, Drone), (15, Server)] }) }
2025-02-10 20:38:48 [INFO] [rust_do_it::drone] Drone 4 received packet Packet { routing_header: SourceRoutingHeader { hop_index: 4, hops: [3, 17, 8, 1, 4, 16] }, session_id: 1, pack_type: FloodResponse(FloodResponse { flood_id: 0, path_trace: [(16, Server), (4, Drone), (1, Drone), (8, Drone), (17, Server), (3, Drone)] }) }
2025-02-10 20:38:48 [INFO] [rustastic_drone::drone] [32m✓[0m [ Drone 3 ]: sent the FloodResponse to [ Drone 15 ]
└─>Reason: [33m!!![0m [ Drone 3 ]: has already received a FloodRequest with flood_id: 0
2025-02-10 20:38:48 [INFO] [rustastic_drone::drone] [32m✓[0m [ Drone 3 ]: has received the packet Packet { routing_header: SourceRoutingHeader { hop_index: 1, hops: [17, 3, 15, 8, 1, 4, 16] }, session_id: 0, pack_type: FloodResponse(FloodResponse { flood_id: 0, path_trace: [(16, Server), (4, Drone), (1, Drone), (8, Drone), (15, Server), (3, Drone), (17, Server)] }) }
2025-02-10 20:38:48 [INFO] [rust_do_it::drone] Drone 4 received packet Packet { routing_header: SourceRoutingHeader { hop_index: 1, hops: [16, 4, 18] }, session_id: 4, pack_type: MsgFragment(Fragment { fragment_index: 0, total_n_fragments: 1, length: 71, data: [123, 34, 84, 121, 112, 101, 82, 101, 115, 112, 111, 110, 115, 101, 34, 58, 123, 34, 101, 100, 103, 101, 95, 116, 121, 112, 101, 34, 58, 123, 34, 83, 101, 114, 118, 101, 114, 34, 58, 123, 34, 67, 111, 110, 116, 101, 110, 116, 34, 58, 34, 77, 101, 100, 105, 97, 34, 125, 125, 44, 34, 102, 114, 111, 109, 34, 58, 49, 54, 125, 125, 0, 0, 0, 0, 0, 0, 0, 0, 0, 0, 0, 0, 0, 0, 0, 0, 0, 0, 0, 0, 0, 0, 0, 0, 0, 0, 0, 0, 0, 0, 0, 0, 0, 0, 0, 0, 0, 0, 0, 0, 0, 0, 0, 0, 0, 0, 0, 0, 0, 0, 0, 0, 0, 0, 0, 0, 0] }) }
2025-02-10 20:38:48 [INFO] [getdroned::get_droned] Drone 7 received a packet: Packet { routing_header: SourceRoutingHeader { hop_index: 1, hops: [16, 7, 18] }, session_id: 2, pack_type: Ack(Ack { fragment_index: 0 }) }
2025-02-10 20:38:48 [INFO] [getdroned::get_droned] Drone 7 received a packet: Packet { routing_header: SourceRoutingHeader { hop_index: 1, hops: [16, 7, 18] }, session_id: 4, pack_type: Ack(Ack { fragment_index: 0 }) }
2025-02-10 20:38:48 [INFO] [rustastic_drone::drone] [32m✓[0m Packet with [ session_id: 0 ] is being handled from [ Drone 3 ]
2025-02-10 20:38:48 [INFO] [rustastic_drone::drone] [32m✓[0m [ Drone 3 ]: sent a FloodResponse with flood_id: 0 to [ Drone 15 ]
2025-02-10 20:38:48 [INFO] [rustastic_drone::drone] [32m✓[0m [ Drone 3 ]: has received the packet Packet { routing_header: SourceRoutingHeader { hop_index: 2, hops: [9, 6, 3, 15] }, session_id: 14, pack_type: MsgFragment(Fragment { fragment_index: 0, total_n_fragments: 1, length: 26, data: [123, 34, 84, 121, 112, 101, 82, 101, 113, 117, 101, 115, 116, 34, 58, 123, 34, 102, 114, 111, 109, 34, 58, 57, 125, 125, 0, 0, 0, 0, 0, 0, 0, 0, 0, 0, 0, 0, 0, 0, 0, 0, 0, 0, 0, 0, 0, 0, 0, 0, 0, 0, 0, 0, 0, 0, 0, 0, 0, 0, 0, 0, 0, 0, 0, 0, 0, 0, 0, 0, 0, 0, 0, 0, 0, 0, 0, 0, 0, 0, 0, 0, 0, 0, 0, 0, 0, 0, 0, 0, 0, 0, 0, 0, 0, 0, 0, 0, 0, 0, 0, 0, 0, 0, 0, 0, 0, 0, 0, 0, 0, 0, 0, 0, 0, 0, 0, 0, 0, 0, 0, 0, 0, 0, 0, 0, 0, 0] }) }
2025-02-10 20:38:48 [INFO] [rustastic_drone::drone] [32m✓[0m Packet with [ session_id: 14 ] is being handled from [ Drone 3 ]
2025-02-10 20:38:48 [INFO] [rustastic_drone::drone] [32m✓[0m [ Drone 3 ]: forwarded the the fragment [ fragment_index: 0 ] of the Packet [ session_id: 14 ]
2025-02-10 20:38:48 [WARN] [rustastic_drone::drone] └─>[33m!!![0m Fragment was added to the [ Drone 3 ] buffer
2025-02-10 20:38:48 [INFO] [rust_do_it::drone] Drone 4 received packet Packet { routing_header: SourceRoutingHeader { hop_index: 1, hops: [18, 4, 16] }, session_id: 4, pack_type: Ack(Ack { fragment_index: 0 }) }
2025-02-10 20:38:48 [INFO] [rustastic_drone::drone] [32m✓[0m [ Drone 3 ]: was sent a Fragment { index: 1 out of 1, data: 0x7b225479706552657175657374223a7b2266726f... + other 6 bytes } packet to [ Drone 15 ]
2025-02-10 20:38:48 [INFO] [rust_do_it::drone] Drone 4 received packet Packet { routing_header: SourceRoutingHeader { hop_index: 4, hops: [14, 5, 8, 1, 4, 16] }, session_id: 2, pack_type: Ack(Ack { fragment_index: 0 }) }
2025-02-10 20:38:48 [INFO] [rustastic_drone::drone] [32m✓[0m [ Drone 3 ]: has received the packet Packet { routing_header: SourceRoutingHeader { hop_index: 1, hops: [15, 3, 17] }, session_id: 0, pack_type: FloodResponse(FloodResponse { flood_id: 0, path_trace: [(17, Server), (3, Drone), (15, Server)] }) }
2025-02-10 20:38:48 [INFO] [rustastic_drone::drone] [32m✓[0m Packet with [ session_id: 0 ] is being handled from [ Drone 3 ]
2025-02-10 20:38:48 [INFO] [rustastic_drone::drone] [32m✓[0m [ Drone 3 ]: sent a FloodResponse with flood_id: 0 to [ Drone 17 ]
2025-02-10 20:38:48 [INFO] [rustastic_drone::drone] [32m✓[0m [ Drone 3 ]: has received the packet Packet { routing_header: SourceRoutingHeader { hop_index: 1, hops: [15, 3, 17, 8, 1, 4, 18] }, session_id: 0, pack_type: FloodResponse(FloodResponse { flood_id: 0, path_trace: [(18, Server), (4, Drone), (1, Drone), (8, Drone), (17, Server), (3, Drone), (15, Server)] }) }
2025-02-10 20:38:48 [INFO] [rustastic_drone::drone] [32m✓[0m Packet with [ session_id: 0 ] is being handled from [ Drone 3 ]
2025-02-10 20:38:48 [INFO] [rustastic_drone::drone] [32m✓[0m [ Drone 3 ]: sent a FloodResponse with flood_id: 0 to [ Drone 17 ]
2025-02-10 20:38:48 [INFO] [rust_do_it::drone] Drone 4 received packet Packet { routing_header: SourceRoutingHeader { hop_index: 4, hops: [14, 5, 8, 1, 4, 16] }, session_id: 6, pack_type: MsgFragment(Fragment { fragment_index: 0, total_n_fragments: 1, length: 70, data: [123, 34, 84, 121, 112, 101, 82, 101, 115, 112, 111, 110, 115, 101, 34, 58, 123, 34, 101, 100, 103, 101, 95, 116, 121, 112, 101, 34, 58, 123, 34, 83, 101, 114, 118, 101, 114, 34, 58, 123, 34, 67, 111, 110, 116, 101, 110, 116, 34, 58, 34, 84, 101, 120, 116, 34, 125, 125, 44, 34, 102, 114, 111, 109, 34, 58, 49, 52, 125, 125, 0, 0, 0, 0, 0, 0, 0, 0, 0, 0, 0, 0, 0, 0, 0, 0, 0, 0, 0, 0, 0, 0, 0, 0, 0, 0, 0, 0, 0, 0, 0, 0, 0, 0, 0, 0, 0, 0, 0, 0, 0, 0, 0, 0, 0, 0, 0, 0, 0, 0, 0, 0, 0, 0, 0, 0, 0, 0] }) }
2025-02-10 20:38:48 [INFO] [rustastic_drone::drone] [32m✓[0m [ Drone 3 ]: has received the packet Packet { routing_header: SourceRoutingHeader { hop_index: 2, hops: [9, 6, 3, 17] }, session_id: 7, pack_type: MsgFragment(Fragment { fragment_index: 0, total_n_fragments: 1, length: 26, data: [123, 34, 84, 121, 112, 101, 82, 101, 113, 117, 101, 115, 116, 34, 58, 123, 34, 102, 114, 111, 109, 34, 58, 57, 125, 125, 0, 0, 0, 0, 0, 0, 0, 0, 0, 0, 0, 0, 0, 0, 0, 0, 0, 0, 0, 0, 0, 0, 0, 0, 0, 0, 0, 0, 0, 0, 0, 0, 0, 0, 0, 0, 0, 0, 0, 0, 0, 0, 0, 0, 0, 0, 0, 0, 0, 0, 0, 0, 0, 0, 0, 0, 0, 0, 0, 0, 0, 0, 0, 0, 0, 0, 0, 0, 0, 0, 0, 0, 0, 0, 0, 0, 0, 0, 0, 0, 0, 0, 0, 0, 0, 0, 0, 0, 0, 0, 0, 0, 0, 0, 0, 0, 0, 0, 0, 0, 0, 0] }) }
2025-02-10 20:38:48 [INFO] [rustastic_drone::drone] [32m✓[0m Packet with [ session_id: 7 ] is being handled from [ Drone 3 ]
2025-02-10 20:38:48 [INFO] [rustastic_drone::drone] [32m✓[0m [ Drone 3 ]: forwarded the the fragment [ fragment_index: 0 ] of the Packet [ session_id: 7 ]
2025-02-10 20:38:48 [INFO] [rust_do_it::drone] Drone 4 received packet Packet { routing_header: SourceRoutingHeader { hop_index: 3, hops: [17, 8, 1, 4, 7, 18] }, session_id: 3, pack_type: MsgFragment(Fragment { fragment_index: 0, total_n_fragments: 1, length: 27, data: [123, 34, 84, 121, 112, 101, 82, 101, 113, 117, 101, 115, 116, 34, 58, 123, 34, 102, 114, 111, 109, 34, 58, 49, 55, 125, 125, 0, 0, 0, 0, 0, 0, 0, 0, 0, 0, 0, 0, 0, 0, 0, 0, 0, 0, 0, 0, 0, 0, 0, 0, 0, 0, 0, 0, 0, 0, 0, 0, 0, 0, 0, 0, 0, 0, 0, 0, 0, 0, 0, 0, 0, 0, 0, 0, 0, 0, 0, 0, 0, 0, 0, 0, 0, 0, 0, 0, 0, 0, 0, 0, 0, 0, 0, 0, 0, 0, 0, 0, 0, 0, 0, 0, 0, 0, 0, 0, 0, 0, 0, 0, 0, 0, 0, 0, 0, 0, 0, 0, 0, 0, 0, 0, 0, 0, 0, 0, 0] }) }
2025-02-10 20:38:48 [WARN] [rustastic_drone::drone] └─>[33m!!![0m Fragment was added to the [ Drone 3 ] buffer
2025-02-10 20:38:48 [INFO] [rust_do_it::drone] Drone 4 received packet Packet { routing_header: SourceRoutingHeader { hop_index: 4, hops: [3, 15, 8, 1, 4, 18] }, session_id: 1, pack_type: FloodResponse(FloodResponse { flood_id: 0, path_trace: [(18, Server), (4, Drone), (1, Drone), (8, Drone), (15, Server), (3, Drone)] }) }
2025-02-10 20:38:48 [INFO] [rustastic_drone::drone] [32m✓[0m [ Drone 3 ]: was sent a Fragment { index: 1 out of 1, data: 0x7b225479706552657175657374223a7b2266726f... + other 6 bytes } packet to [ Drone 17 ]
2025-02-10 20:38:48 [INFO] [rustastic_drone::drone] [32m✓[0m [ Drone 3 ]: has received the packet Packet { routing_header: SourceRoutingHeader { hop_index: 1, hops: [15, 3, 6, 9] }, session_id: 14, pack_type: Ack(Ack { fragment_index: 0 }) }
2025-02-10 20:38:48 [INFO] [rust_do_it::drone] Drone 4 received packet Packet { routing_header: SourceRoutingHeader { hop_index: 3, hops: [17, 8, 1, 4, 16] }, session_id: 4, pack_type: MsgFragment(Fragment { fragment_index: 0, total_n_fragments: 1, length: 27, data: [123, 34, 84, 121, 112, 101, 82, 101, 113, 117, 101, 115, 116, 34, 58, 123, 34, 102, 114, 111, 109, 34, 58, 49, 55, 125, 125, 0, 0, 0, 0, 0, 0, 0, 0, 0, 0, 0, 0, 0, 0, 0, 0, 0, 0, 0, 0, 0, 0, 0, 0, 0, 0, 0, 0, 0, 0, 0, 0, 0, 0, 0, 0, 0, 0, 0, 0, 0, 0, 0, 0, 0, 0, 0, 0, 0, 0, 0, 0, 0, 0, 0, 0, 0, 0, 0, 0, 0, 0, 0, 0, 0, 0, 0, 0, 0, 0, 0, 0, 0, 0, 0, 0, 0, 0, 0, 0, 0, 0, 0, 0, 0, 0, 0, 0, 0, 0, 0, 0, 0, 0, 0, 0, 0, 0, 0, 0, 0] }) }
2025-02-10 20:38:48 [INFO] [rust_do_it::drone] Drone 4 received packet Packet { routing_header: SourceRoutingHeader { hop_index: 4, hops: [14, 5, 8, 1, 4, 18] }, session_id: 3, pack_type: Ack(Ack { fragment_index: 0 }) }
2025-02-10 20:38:48 [INFO] [rust_do_it::drone] Drone 4 received packet Packet { routing_header: SourceRoutingHeader { hop_index: 4, hops: [14, 5, 8, 1, 4, 18] }, session_id: 7, pack_type: MsgFragment(Fragment { fragment_index: 0, total_n_fragments: 1, length: 70, data: [123, 34, 84, 121, 112, 101, 82, 101, 115, 112, 111, 110, 115, 101, 34, 58, 123, 34, 101, 100, 103, 101, 95, 116, 121, 112, 101, 34, 58, 123, 34, 83, 101, 114, 118, 101, 114, 34, 58, 123, 34, 67, 111, 110, 116, 101, 110, 116, 34, 58, 34, 84, 101, 120, 116, 34, 125, 125, 44, 34, 102, 114, 111, 109, 34, 58, 49, 52, 125, 125, 0, 0, 0, 0, 0, 0, 0, 0, 0, 0, 0, 0, 0, 0, 0, 0, 0, 0, 0, 0, 0, 0, 0, 0, 0, 0, 0, 0, 0, 0, 0, 0, 0, 0, 0, 0, 0, 0, 0, 0, 0, 0, 0, 0, 0, 0, 0, 0, 0, 0, 0, 0, 0, 0, 0, 0, 0, 0] }) }
2025-02-10 20:38:48 [INFO] [rust_do_it::drone] Drone 4 received packet Packet { routing_header: SourceRoutingHeader { hop_index: 5, hops: [17, 3, 15, 8, 1, 4, 16] }, session_id: 0, pack_type: FloodResponse(FloodResponse { flood_id: 0, path_trace: [(16, Server), (4, Drone), (1, Drone), (8, Drone), (15, Server), (3, Drone), (17, Server)] }) }
2025-02-10 20:38:48 [INFO] [rust_do_it::drone] Drone 4 received packet Packet { routing_header: SourceRoutingHeader { hop_index: 1, hops: [16, 4, 1, 8, 5, 14] }, session_id: 6, pack_type: Ack(Ack { fragment_index: 0 }) }
2025-02-10 20:38:48 [INFO] [rust_do_it::drone] Drone 4 received packet Packet { routing_header: SourceRoutingHeader { hop_index: 1, hops: [16, 4, 1, 8, 17] }, session_id: 4, pack_type: Ack(Ack { fragment_index: 0 }) }
2025-02-10 20:38:48 [INFO] [getdroned::get_droned] Drone 7 received a packet: Packet { routing_header: SourceRoutingHeader { hop_index: 4, hops: [17, 8, 1, 4, 7, 18] }, session_id: 3, pack_type: MsgFragment(Fragment { fragment_index: 0, total_n_fragments: 1, length: 27, data: [123, 34, 84, 121, 112, 101, 82, 101, 113, 117, 101, 115, 116, 34, 58, 123, 34, 102, 114, 111, 109, 34, 58, 49, 55, 125, 125, 0, 0, 0, 0, 0, 0, 0, 0, 0, 0, 0, 0, 0, 0, 0, 0, 0, 0, 0, 0, 0, 0, 0, 0, 0, 0, 0, 0, 0, 0, 0, 0, 0, 0, 0, 0, 0, 0, 0, 0, 0, 0, 0, 0, 0, 0, 0, 0, 0, 0, 0, 0, 0, 0, 0, 0, 0, 0, 0, 0, 0, 0, 0, 0, 0, 0, 0, 0, 0, 0, 0, 0, 0, 0, 0, 0, 0, 0, 0, 0, 0, 0, 0, 0, 0, 0, 0, 0, 0, 0, 0, 0, 0, 0, 0, 0, 0, 0, 0, 0, 0] }) }
2025-02-10 20:38:48 [INFO] [rustastic_drone::drone] [32m✓[0m Packet with [ session_id: 14 ] is being handled from [ Drone 3 ]
2025-02-10 20:38:48 [INFO] [rustastic_drone::drone] [34mi[0m [ Drone 3 ]: received a Ack(0)
2025-02-10 20:38:48 [INFO] [rustastic_drone::drone] [32m✓[0m [ Drone 3 ]: was sent a Ack(0) packet to [ Drone 6 ]
2025-02-10 20:38:48 [INFO] [rustastic_drone::drone] [32m✓[0m [ Drone 3 ]: has received the packet Packet { routing_header: SourceRoutingHeader { hop_index: 0, hops: [] }, session_id: 1, pack_type: FloodRequest(FloodRequest { flood_id: 0, initiator_id: 15, path_trace: [(15, Server)] }) }
2025-02-10 20:38:48 [INFO] [rustastic_drone::drone] [32m✓[0m [ Drone 3 ]: sent the FloodRequest with flood_id: 0 sent to [ Drone 6 ]
2025-02-10 20:38:48 [INFO] [rustastic_drone::drone] [32m✓[0m [ Drone 3 ]: sent a FloodRequest with flood_id: 0 to the [ Drone 6 ]
2025-02-10 20:38:48 [INFO] [rustastic_drone::drone] [32m✓[0m [ Drone 3 ]: sent the FloodRequest with flood_id: 0 sent to [ Drone 17 ]
2025-02-10 20:38:48 [INFO] [rustastic_drone::drone] [32m✓[0m [ Drone 3 ]: sent a FloodRequest with flood_id: 0 to the [ Drone 17 ]
2025-02-10 20:38:48 [INFO] [rustastic_drone::drone] [32m✓[0m [ Drone 3 ]: sent the FloodRequest with flood_id: 0 sent to [ Drone 12 ]
2025-02-10 20:38:48 [INFO] [rustastic_drone::drone] [32m✓[0m [ Drone 3 ]: sent a FloodRequest with flood_id: 0 to the [ Drone 12 ]
2025-02-10 20:38:48 [INFO] [rustastic_drone::drone] [32m✓[0m [ Drone 3 ]: sent the FloodRequest with flood_id: 0 sent to [ Drone 10 ]
2025-02-10 20:38:48 [INFO] [rustastic_drone::drone] [32m✓[0m [ Drone 3 ]: sent a FloodRequest with flood_id: 0 to the [ Drone 10 ]
2025-02-10 20:38:48 [INFO] [rustastic_drone::drone] [32m✓[0m [ Drone 3 ]: has received the packet Packet { routing_header: SourceRoutingHeader { hop_index: 1, hops: [17, 3, 6, 9] }, session_id: 7, pack_type: Ack(Ack { fragment_index: 0 }) }
2025-02-10 20:38:48 [INFO] [rustastic_drone::drone] [32m✓[0m Packet with [ session_id: 7 ] is being handled from [ Drone 3 ]
2025-02-10 20:38:48 [INFO] [rustastic_drone::drone] [34mi[0m [ Drone 3 ]: received a Ack(0)
2025-02-10 20:38:48 [INFO] [rustastic_drone::drone] [32m✓[0m [ Drone 3 ]: was sent a Ack(0) packet to [ Drone 6 ]
2025-02-10 20:38:48 [INFO] [rustastic_drone::drone] [32m✓[0m [ Drone 3 ]: has received the packet Packet { routing_header: SourceRoutingHeader { hop_index: 0, hops: [] }, session_id: 7, pack_type: FloodRequest(FloodRequest { flood_id: 1, initiator_id: 17, path_trace: [(17, Server)] }) }
2025-02-10 20:38:48 [INFO] [rustastic_drone::drone] [32m✓[0m [ Drone 3 ]: sent the FloodRequest with flood_id: 1 sent to [ Drone 6 ]
2025-02-10 20:38:48 [INFO] [rustastic_drone::drone] [32m✓[0m [ Drone 3 ]: sent a FloodRequest with flood_id: 1 to the [ Drone 6 ]
2025-02-10 20:38:48 [INFO] [rustastic_drone::drone] [32m✓[0m [ Drone 3 ]: sent the FloodRequest with flood_id: 1 sent to [ Drone 15 ]
2025-02-10 20:38:48 [INFO] [rustastic_drone::drone] [32m✓[0m [ Drone 3 ]: sent a FloodRequest with flood_id: 1 to the [ Drone 15 ]
2025-02-10 20:38:48 [INFO] [rustastic_drone::drone] [32m✓[0m [ Drone 3 ]: sent the FloodRequest with flood_id: 1 sent to [ Drone 12 ]
2025-02-10 20:38:48 [INFO] [rust_do_it::drone] Drone 4 received packet Packet { routing_header: SourceRoutingHeader { hop_index: 1, hops: [16, 4, 1, 8, 17] }, session_id: 5, pack_type: MsgFragment(Fragment { fragment_index: 0, total_n_fragments: 1, length: 71, data: [123, 34, 84, 121, 112, 101, 82, 101, 115, 112, 111, 110, 115, 101, 34, 58, 123, 34, 101, 100, 103, 101, 95, 116, 121, 112, 101, 34, 58, 123, 34, 83, 101, 114, 118, 101, 114, 34, 58, 123, 34, 67, 111, 110, 116, 101, 110, 116, 34, 58, 34, 77, 101, 100, 105, 97, 34, 125, 125, 44, 34, 102, 114, 111, 109, 34, 58, 49, 54, 125, 125, 0, 0, 0, 0, 0, 0, 0, 0, 0, 0, 0, 0, 0, 0, 0, 0, 0, 0, 0, 0, 0, 0, 0, 0, 0, 0, 0, 0, 0, 0, 0, 0, 0, 0, 0, 0, 0, 0, 0, 0, 0, 0, 0, 0, 0, 0, 0, 0, 0, 0, 0, 0, 0, 0, 0, 0, 0] }) }
2025-02-10 20:38:48 [INFO] [rustastic_drone::drone] [32m✓[0m [ Drone 3 ]: sent a FloodRequest with flood_id: 1 to the [ Drone 12 ]
2025-02-10 20:38:48 [INFO] [rust_do_it::drone] Drone 4 received packet Packet { routing_header: SourceRoutingHeader { hop_index: 1, hops: [18, 4, 1, 8, 5, 14] }, session_id: 7, pack_type: Ack(Ack { fragment_index: 0 }) }
2025-02-10 20:38:48 [INFO] [rust_do_it::drone] Drone 4 received packet Packet { routing_header: SourceRoutingHeader { hop_index: 0, hops: [] }, session_id: 6, pack_type: FloodRequest(FloodRequest { flood_id: 1, initiator_id: 18, path_trace: [(18, Server)] }) }
2025-02-10 20:38:48 [INFO] [getdroned::get_droned] Drone 7 received a packet: Packet { routing_header: SourceRoutingHeader { hop_index: 1, hops: [18, 7, 4, 1, 8, 17] }, session_id: 3, pack_type: Ack(Ack { fragment_index: 0 }) }
2025-02-10 20:38:48 [INFO] [rust_do_it::drone] Drone 4 received packet Packet { routing_header: SourceRoutingHeader { hop_index: 0, hops: [] }, session_id: 1, pack_type: FloodRequest(FloodRequest { flood_id: 0, initiator_id: 15, path_trace: [(15, Server), (8, Drone), (1, Drone)] }) }
2025-02-10 20:38:48 [INFO] [getdroned::get_droned] Drone 7 received a packet: Packet { routing_header: SourceRoutingHeader { hop_index: 0, hops: [] }, session_id: 6, pack_type: FloodRequest(FloodRequest { flood_id: 1, initiator_id: 18, path_trace: [(18, Server)] }) }
2025-02-10 20:38:48 [INFO] [rust_do_it::drone] Drone 4 received packet Packet { routing_header: SourceRoutingHeader { hop_index: 1, hops: [16, 4, 1, 8, 17] }, session_id: 6, pack_type: MsgFragment(Fragment { fragment_index: 0, total_n_fragments: 1, length: 27, data: [123, 34, 84, 121, 112, 101, 82, 101, 113, 117, 101, 115, 116, 34, 58, 123, 34, 102, 114, 111, 109, 34, 58, 49, 54, 125, 125, 0, 0, 0, 0, 0, 0, 0, 0, 0, 0, 0, 0, 0, 0, 0, 0, 0, 0, 0, 0, 0, 0, 0, 0, 0, 0, 0, 0, 0, 0, 0, 0, 0, 0, 0, 0, 0, 0, 0, 0, 0, 0, 0, 0, 0, 0, 0, 0, 0, 0, 0, 0, 0, 0, 0, 0, 0, 0, 0, 0, 0, 0, 0, 0, 0, 0, 0, 0, 0, 0, 0, 0, 0, 0, 0, 0, 0, 0, 0, 0, 0, 0, 0, 0, 0, 0, 0, 0, 0, 0, 0, 0, 0, 0, 0, 0, 0, 0, 0, 0, 0] }) }
2025-02-10 20:38:48 [INFO] [rust_do_it::drone] Drone 4 received packet Packet { routing_header: SourceRoutingHeader { hop_index: 2, hops: [18, 7, 4, 1, 8, 17] }, session_id: 3, pack_type: Ack(Ack { fragment_index: 0 }) }
2025-02-10 20:38:48 [INFO] [rust_do_it::drone] Drone 4 received packet Packet { routing_header: SourceRoutingHeader { hop_index: 0, hops: [] }, session_id: 6, pack_type: FloodRequest(FloodRequest { flood_id: 1, initiator_id: 18, path_trace: [(18, Server), (7, Drone)] }) }
2025-02-10 20:38:48 [INFO] [rust_do_it::drone] Drone 4 received packet Packet { routing_header: SourceRoutingHeader { hop_index: 5, hops: [15, 3, 17, 8, 1, 4, 18] }, session_id: 0, pack_type: FloodResponse(FloodResponse { flood_id: 0, path_trace: [(18, Server), (4, Drone), (1, Drone), (8, Drone), (17, Server), (3, Drone), (15, Server)] }) }
2025-02-10 20:38:48 [INFO] [getdroned::get_droned] Drone 7 received a packet: Packet { routing_header: SourceRoutingHeader { hop_index: 0, hops: [] }, session_id: 6, pack_type: FloodRequest(FloodRequest { flood_id: 1, initiator_id: 18, path_trace: [(18, Server), (4, Drone)] }) }
2025-02-10 20:38:48 [INFO] [rust_do_it::drone] Drone 4 received packet Packet { routing_header: SourceRoutingHeader { hop_index: 0, hops: [] }, session_id: 7, pack_type: FloodRequest(FloodRequest { flood_id: 1, initiator_id: 17, path_trace: [(17, Server), (8, Drone), (1, Drone)] }) }
2025-02-10 20:38:48 [INFO] [getdroned::get_droned] Drone 7 received a packet: Packet { routing_header: SourceRoutingHeader { hop_index: 0, hops: [] }, session_id: 1, pack_type: FloodRequest(FloodRequest { flood_id: 0, initiator_id: 15, path_trace: [(15, Server), (8, Drone), (1, Drone), (4, Drone)] }) }
2025-02-10 20:38:48 [INFO] [rust_do_it::drone] Drone 4 received packet Packet { routing_header: SourceRoutingHeader { hop_index: 1, hops: [7, 4, 18] }, session_id: 6, pack_type: FloodResponse(FloodResponse { flood_id: 1, path_trace: [(18, Server), (4, Drone), (7, Drone)] }) }
2025-02-10 20:38:48 [INFO] [getdroned::get_droned] Drone 7 received a packet: Packet { routing_header: SourceRoutingHeader { hop_index: 1, hops: [4, 7, 18] }, session_id: 6, pack_type: FloodResponse(FloodResponse { flood_id: 1, path_trace: [(18, Server), (7, Drone), (4, Drone)] }) }
2025-02-10 20:38:48 [INFO] [getdroned::get_droned] Drone 7 received a packet: Packet { routing_header: SourceRoutingHeader { hop_index: 0, hops: [] }, session_id: 6, pack_type: FloodRequest(FloodRequest { flood_id: 1, initiator_id: 18, path_trace: [(18, Server), (4, Drone), (16, Server)] }) }
2025-02-10 20:38:48 [INFO] [getdroned::get_droned] Drone 7 received a packet: Packet { routing_header: SourceRoutingHeader { hop_index: 0, hops: [] }, session_id: 1, pack_type: FloodRequest(FloodRequest { flood_id: 0, initiator_id: 15, path_trace: [(15, Server), (8, Drone), (1, Drone), (4, Drone), (16, Server)] }) }
2025-02-10 20:38:48 [INFO] [rustastic_drone::drone] [32m✓[0m [ Drone 3 ]: sent the FloodRequest with flood_id: 1 sent to [ Drone 10 ]
2025-02-10 20:38:48 [INFO] [getdroned::get_droned] Drone 7 received a packet: Packet { routing_header: SourceRoutingHeader { hop_index: 1, hops: [16, 7, 18] }, session_id: 1, pack_type: FloodResponse(FloodResponse { flood_id: 1, path_trace: [(18, Server), (7, Drone), (16, Server)] }) }
2025-02-10 20:38:48 [INFO] [getdroned::get_droned] Drone 7 received a packet: Packet { routing_header: SourceRoutingHeader { hop_index: 0, hops: [] }, session_id: 1, pack_type: FloodRequest(FloodRequest { flood_id: 0, initiator_id: 15, path_trace: [(15, Server), (8, Drone), (1, Drone), (4, Drone), (18, Server)] }) }
2025-02-10 20:38:48 [INFO] [getdroned::get_droned] Drone 7 received a packet: Packet { routing_header: SourceRoutingHeader { hop_index: 0, hops: [] }, session_id: 7, pack_type: FloodRequest(FloodRequest { flood_id: 1, initiator_id: 17, path_trace: [(17, Server), (8, Drone), (1, Drone), (4, Drone)] }) }
2025-02-10 20:38:48 [INFO] [rustastic_drone::drone] [32m✓[0m [ Drone 3 ]: sent a FloodRequest with flood_id: 1 to the [ Drone 10 ]
2025-02-10 20:38:48 [INFO] [rustastic_drone::drone] [32m✓[0m [ Drone 3 ]: has received the packet Packet { routing_header: SourceRoutingHeader { hop_index: 0, hops: [] }, session_id: 1, pack_type: FloodRequest(FloodRequest { flood_id: 0, initiator_id: 15, path_trace: [(15, Server), (8, Drone), (17, Server)] }) }
2025-02-10 20:38:48 [INFO] [rustastic_drone::drone] [32m✓[0m [ Drone 3 ]: sent the FloodResponse to [ Drone 17 ]
└─>Reason: [33m!!![0m [ Drone 3 ]: has already received a FloodRequest with flood_id: 0
2025-02-10 20:38:48 [INFO] [rustastic_drone::drone] [32m✓[0m [ Drone 3 ]: has received the packet Packet { routing_header: SourceRoutingHeader { hop_index: 1, hops: [17, 3, 15] }, session_id: 0, pack_type: FloodResponse(FloodResponse { flood_id: 0, path_trace: [(15, Server), (3, Drone), (17, Server)] }) }
2025-02-10 20:38:48 [INFO] [getdroned::get_droned] Drone 7 received a packet: Packet { routing_header: SourceRoutingHeader { hop_index: 0, hops: [] }, session_id: 7, pack_type: FloodRequest(FloodRequest { flood_id: 1, initiator_id: 17, path_trace: [(17, Server), (8, Drone), (1, Drone), (4, Drone), (16, Server)] }) }
2025-02-10 20:38:48 [INFO] [rust_do_it::drone] Drone 4 received packet Packet { routing_header: SourceRoutingHeader { hop_index: 2, hops: [7, 16, 4, 18] }, session_id: 6, pack_type: FloodResponse(FloodResponse { flood_id: 1, path_trace: [(18, Server), (4, Drone), (16, Server), (7, Drone)] }) }
2025-02-10 20:38:48 [INFO] [getdroned::get_droned] Drone 7 received a packet: Packet { routing_header: SourceRoutingHeader { hop_index: 1, hops: [16, 7, 4, 1, 8, 15] }, session_id: 0, pack_type: FloodResponse(FloodResponse { flood_id: 0, path_trace: [(15, Server), (8, Drone), (1, Drone), (4, Drone), (7, Drone), (16, Server)] }) }
2025-02-10 20:38:48 [INFO] [rust_do_it::drone] Drone 4 received packet Packet { routing_header: SourceRoutingHeader { hop_index: 2, hops: [7, 16, 4, 1, 8, 15] }, session_id: 1, pack_type: FloodResponse(FloodResponse { flood_id: 0, path_trace: [(15, Server), (8, Drone), (1, Drone), (4, Drone), (16, Server), (7, Drone)] }) }
2025-02-10 20:38:48 [INFO] [getdroned::get_droned] Drone 7 received a packet: Packet { routing_header: SourceRoutingHeader { hop_index: 1, hops: [16, 7, 4, 1, 8, 17] }, session_id: 1, pack_type: FloodResponse(FloodResponse { flood_id: 1, path_trace: [(17, Server), (8, Drone), (1, Drone), (4, Drone), (7, Drone), (16, Server)] }) }
2025-02-10 20:38:48 [INFO] [rust_do_it::drone] Drone 4 received packet Packet { routing_header: SourceRoutingHeader { hop_index: 2, hops: [16, 7, 4, 1, 8, 15] }, session_id: 0, pack_type: FloodResponse(FloodResponse { flood_id: 0, path_trace: [(15, Server), (8, Drone), (1, Drone), (4, Drone), (7, Drone), (16, Server)] }) }
2025-02-10 20:38:48 [INFO] [rust_do_it::drone] Drone 4 received packet Packet { routing_header: SourceRoutingHeader { hop_index: 2, hops: [16, 7, 4, 1, 8, 17] }, session_id: 1, pack_type: FloodResponse(FloodResponse { flood_id: 1, path_trace: [(17, Server), (8, Drone), (1, Drone), (4, Drone), (7, Drone), (16, Server)] }) }
2025-02-10 20:38:48 [INFO] [rustastic_drone::drone] [32m✓[0m Packet with [ session_id: 0 ] is being handled from [ Drone 3 ]
2025-02-10 20:38:48 [INFO] [rustastic_drone::drone] [32m✓[0m [ Drone 3 ]: sent a FloodResponse with flood_id: 0 to [ Drone 15 ]
2025-02-10 20:38:48 [INFO] [rustastic_drone::drone] [32m✓[0m [ Drone 3 ]: has received the packet Packet { routing_header: SourceRoutingHeader { hop_index: 2, hops: [8, 15, 3, 17] }, session_id: 7, pack_type: FloodResponse(FloodResponse { flood_id: 1, path_trace: [(17, Server), (3, Drone), (15, Server), (8, Drone)] }) }
2025-02-10 20:38:48 [INFO] [rustastic_drone::drone] [32m✓[0m Packet with [ session_id: 7 ] is being handled from [ Drone 3 ]
2025-02-10 20:38:48 [INFO] [rustastic_drone::drone] [32m✓[0m [ Drone 3 ]: sent a FloodResponse with flood_id: 1 to [ Drone 17 ]
2025-02-10 20:38:48 [INFO] [rustastic_drone::drone] [32m✓[0m [ Drone 3 ]: has received the packet Packet { routing_header: SourceRoutingHeader { hop_index: 0, hops: [] }, session_id: 6, pack_type: FloodRequest(FloodRequest { flood_id: 1, initiator_id: 18, path_trace: [(18, Server), (4, Drone), (1, Drone), (8, Drone), (15, Server)] }) }
2025-02-10 20:38:48 [INFO] [rustastic_drone::drone] [32m✓[0m [ Drone 3 ]: sent the FloodRequest with flood_id: 1 sent to [ Drone 6 ]
2025-02-10 20:38:48 [INFO] [rustastic_drone::drone] [32m✓[0m [ Drone 3 ]: sent a FloodRequest with flood_id: 1 to the [ Drone 6 ]
2025-02-10 20:38:48 [INFO] [rustastic_drone::drone] [32m✓[0m [ Drone 3 ]: sent the FloodRequest with flood_id: 1 sent to [ Drone 17 ]
2025-02-10 20:38:48 [INFO] [rustastic_drone::drone] [32m✓[0m [ Drone 3 ]: sent a FloodRequest with flood_id: 1 to the [ Drone 17 ]
2025-02-10 20:38:48 [INFO] [rustastic_drone::drone] [32m✓[0m [ Drone 3 ]: sent the FloodRequest with flood_id: 1 sent to [ Drone 12 ]
2025-02-10 20:38:48 [INFO] [rustastic_drone::drone] [32m✓[0m [ Drone 3 ]: sent a FloodRequest with flood_id: 1 to the [ Drone 12 ]
2025-02-10 20:38:48 [INFO] [rustastic_drone::drone] [32m✓[0m [ Drone 3 ]: sent the FloodRequest with flood_id: 1 sent to [ Drone 10 ]
2025-02-10 20:38:48 [INFO] [rustastic_drone::drone] [32m✓[0m [ Drone 3 ]: sent a FloodRequest with flood_id: 1 to the [ Drone 10 ]
2025-02-10 20:38:48 [INFO] [rustastic_drone::drone] [32m✓[0m [ Drone 3 ]: has received the packet Packet { routing_header: SourceRoutingHeader { hop_index: 2, hops: [9, 6, 3, 10, 7, 18] }, session_id: 10, pack_type: MsgFragment(Fragment { fragment_index: 0, total_n_fragments: 1, length: 26, data: [123, 34, 84, 121, 112, 101, 82, 101, 113, 117, 101, 115, 116, 34, 58, 123, 34, 102, 114, 111, 109, 34, 58, 57, 125, 125, 0, 0, 0, 0, 0, 0, 0, 0, 0, 0, 0, 0, 0, 0, 0, 0, 0, 0, 0, 0, 0, 0, 0, 0, 0, 0, 0, 0, 0, 0, 0, 0, 0, 0, 0, 0, 0, 0, 0, 0, 0, 0, 0, 0, 0, 0, 0, 0, 0, 0, 0, 0, 0, 0, 0, 0, 0, 0, 0, 0, 0, 0, 0, 0, 0, 0, 0, 0, 0, 0, 0, 0, 0, 0, 0, 0, 0, 0, 0, 0, 0, 0, 0, 0, 0, 0, 0, 0, 0, 0, 0, 0, 0, 0, 0, 0, 0, 0, 0, 0, 0, 0] }) }
2025-02-10 20:38:48 [INFO] [rustastic_drone::drone] [32m✓[0m Packet with [ session_id: 10 ] is being handled from [ Drone 3 ]
2025-02-10 20:38:48 [INFO] [rust_do_it::drone] Drone 4 received packet Packet { routing_header: SourceRoutingHeader { hop_index: 2, hops: [7, 16, 4, 1, 8, 17] }, session_id: 7, pack_type: FloodResponse(FloodResponse { flood_id: 1, path_trace: [(17, Server), (8, Drone), (1, Drone), (4, Drone), (16, Server), (7, Drone)] }) }
2025-02-10 20:38:48 [INFO] [rust_do_it::drone] Drone 4 received packet Packet { routing_header: SourceRoutingHeader { hop_index: 1, hops: [18, 4, 1, 8, 15] }, session_id: 7, pack_type: MsgFragment(Fragment { fragment_index: 0, total_n_fragments: 1, length: 27, data: [123, 34, 84, 121, 112, 101, 82, 101, 113, 117, 101, 115, 116, 34, 58, 123, 34, 102, 114, 111, 109, 34, 58, 49, 56, 125, 125, 0, 0, 0, 0, 0, 0, 0, 0, 0, 0, 0, 0, 0, 0, 0, 0, 0, 0, 0, 0, 0, 0, 0, 0, 0, 0, 0, 0, 0, 0, 0, 0, 0, 0, 0, 0, 0, 0, 0, 0, 0, 0, 0, 0, 0, 0, 0, 0, 0, 0, 0, 0, 0, 0, 0, 0, 0, 0, 0, 0, 0, 0, 0, 0, 0, 0, 0, 0, 0, 0, 0, 0, 0, 0, 0, 0, 0, 0, 0, 0, 0, 0, 0, 0, 0, 0, 0, 0, 0, 0, 0, 0, 0, 0, 0, 0, 0, 0, 0, 0, 0] }) }
2025-02-10 20:38:48 [INFO] [rust_do_it::drone] Drone 4 received packet Packet { routing_header: SourceRoutingHeader { hop_index: 3, hops: [17, 8, 1, 4, 16] }, session_id: 5, pack_type: Ack(Ack { fragment_index: 0 }) }
2025-02-10 20:38:48 [INFO] [rust_do_it::drone] Drone 4 received packet Packet { routing_header: SourceRoutingHeader { hop_index: 3, hops: [17, 8, 1, 4, 16] }, session_id: 6, pack_type: Ack(Ack { fragment_index: 0 }) }
2025-02-10 20:38:48 [INFO] [rust_do_it::drone] Drone 4 received packet Packet { routing_header: SourceRoutingHeader { hop_index: 3, hops: [17, 8, 1, 4, 16] }, session_id: 8, pack_type: MsgFragment(Fragment { fragment_index: 0, total_n_fragments: 1, length: 71, data: [123, 34, 84, 121, 112, 101, 82, 101, 115, 112, 111, 110, 115, 101, 34, 58, 123, 34, 101, 100, 103, 101, 95, 116, 121, 112, 101, 34, 58, 123, 34, 83, 101, 114, 118, 101, 114, 34, 58, 123, 34, 67, 111, 110, 116, 101, 110, 116, 34, 58, 34, 77, 101, 100, 105, 97, 34, 125, 125, 44, 34, 102, 114, 111, 109, 34, 58, 49, 55, 125, 125, 0, 0, 0, 0, 0, 0, 0, 0, 0, 0, 0, 0, 0, 0, 0, 0, 0, 0, 0, 0, 0, 0, 0, 0, 0, 0, 0, 0, 0, 0, 0, 0, 0, 0, 0, 0, 0, 0, 0, 0, 0, 0, 0, 0, 0, 0, 0, 0, 0, 0, 0, 0, 0, 0, 0, 0, 0] }) }
2025-02-10 20:38:48 [INFO] [getdroned::get_droned] Drone 7 received a packet: Packet { routing_header: SourceRoutingHeader { hop_index: 0, hops: [] }, session_id: 7, pack_type: FloodRequest(FloodRequest { flood_id: 1, initiator_id: 17, path_trace: [(17, Server), (8, Drone), (1, Drone), (4, Drone), (18, Server)] }) }
2025-02-10 20:38:48 [INFO] [getdroned::get_droned] Drone 7 received a packet: Packet { routing_header: SourceRoutingHeader { hop_index: 1, hops: [18, 7, 4, 1, 8, 15] }, session_id: 0, pack_type: FloodResponse(FloodResponse { flood_id: 0, path_trace: [(15, Server), (8, Drone), (1, Drone), (4, Drone), (7, Drone), (18, Server)] }) }
2025-02-10 20:38:48 [INFO] [rustastic_drone::drone] [32m✓[0m [ Drone 3 ]: forwarded the the fragment [ fragment_index: 0 ] of the Packet [ session_id: 10 ]
2025-02-10 20:38:48 [WARN] [rustastic_drone::drone] └─>[33m!!![0m Fragment was added to the [ Drone 3 ] buffer
2025-02-10 20:38:48 [INFO] [rustastic_drone::drone] [32m✓[0m [ Drone 3 ]: was sent a Fragment { index: 1 out of 1, data: 0x7b225479706552657175657374223a7b2266726f... + other 6 bytes } packet to [ Drone 10 ]
2025-02-10 20:38:48 [INFO] [rustastic_drone::drone] [32m✓[0m [ Drone 3 ]: has received the packet Packet { routing_header: SourceRoutingHeader { hop_index: 2, hops: [9, 6, 3, 15, 8, 5, 14] }, session_id: 0, pack_type: FloodResponse(FloodResponse { flood_id: 0, path_trace: [(14, Server), (5, Drone), (8, Drone), (15, Server), (3, Drone), (6, Drone), (9, Client)] }) }
2025-02-10 20:38:48 [INFO] [rustastic_drone::drone] [32m✓[0m Packet with [ session_id: 0 ] is being handled from [ Drone 3 ]
2025-02-10 20:38:48 [INFO] [rustastic_drone::drone] [32m✓[0m [ Drone 3 ]: sent a FloodResponse with flood_id: 0 to [ Drone 15 ]
2025-02-10 20:38:48 [INFO] [rustastic_drone::drone] [32m✓[0m [ Drone 3 ]: has received the packet Packet { routing_header: SourceRoutingHeader { hop_index: 2, hops: [9, 6, 3, 15, 8, 1, 4, 16] }, session_id: 0, pack_type: FloodResponse(FloodResponse { flood_id: 0, path_trace: [(16, Server), (4, Drone), (1, Drone), (8, Drone), (15, Server), (3, Drone), (6, Drone), (9, Client)] }) }
2025-02-10 20:38:48 [INFO] [rustastic_drone::drone] [32m✓[0m Packet with [ session_id: 0 ] is being handled from [ Drone 3 ]
2025-02-10 20:38:48 [INFO] [rustastic_drone::drone] [32m✓[0m [ Drone 3 ]: sent a FloodResponse with flood_id: 0 to [ Drone 15 ]
2025-02-10 20:38:48 [INFO] [rustastic_drone::drone] [32m✓[0m [ Drone 3 ]: has received the packet Packet { routing_header: SourceRoutingHeader { hop_index: 2, hops: [9, 6, 3, 17] }, session_id: 0, pack_type: FloodResponse(FloodResponse { flood_id: 0, path_trace: [(17, Server), (3, Drone), (6, Drone), (9, Client)] }) }
2025-02-10 20:38:48 [INFO] [rustastic_drone::drone] [32m✓[0m Packet with [ session_id: 0 ] is being handled from [ Drone 3 ]
2025-02-10 20:38:48 [INFO] [rustastic_drone::drone] [32m✓[0m [ Drone 3 ]: sent a FloodResponse with flood_id: 0 to [ Drone 17 ]
2025-02-10 20:38:48 [INFO] [rustastic_drone::drone] [32m✓[0m [ Drone 3 ]: has received the packet Packet { routing_header: SourceRoutingHeader { hop_index: 2, hops: [9, 6, 3, 17, 8, 1, 4, 18] }, session_id: 0, pack_type: FloodResponse(FloodResponse { flood_id: 0, path_trace: [(18, Server), (4, Drone), (1, Drone), (8, Drone), (17, Server), (3, Drone), (6, Drone), (9, Client)] }) }
2025-02-10 20:38:48 [INFO] [rustastic_drone::drone] [32m✓[0m Packet with [ session_id: 0 ] is being handled from [ Drone 3 ]
2025-02-10 20:38:48 [INFO] [rustastic_drone::drone] [32m✓[0m [ Drone 3 ]: sent a FloodResponse with flood_id: 0 to [ Drone 17 ]
2025-02-10 20:38:48 [INFO] [rustastic_drone::drone] [32m✓[0m [ Drone 3 ]: has received the packet Packet { routing_header: SourceRoutingHeader { hop_index: 0, hops: [] }, session_id: 6, pack_type: FloodRequest(FloodRequest { flood_id: 1, initiator_id: 18, path_trace: [(18, Server), (4, Drone), (1, Drone), (8, Drone), (5, Drone), (2, Drone), (9, Client), (6, Drone)] }) }
2025-02-10 20:38:48 [INFO] [rustastic_drone::drone] [32m✓[0m [ Drone 3 ]: sent the FloodResponse to [ Drone 6 ]
└─>Reason: [33m!!![0m [ Drone 3 ]: has already received a FloodRequest with flood_id: 1
2025-02-10 20:38:48 [INFO] [rustastic_drone::drone] [32m✓[0m [ Drone 3 ]: has received the packet Packet { routing_header: SourceRoutingHeader { hop_index: 3, hops: [2, 9, 6, 3, 15] }, session_id: 1, pack_type: FloodResponse(FloodResponse { flood_id: 0, path_trace: [(15, Server), (3, Drone), (6, Drone), (9, Client), (2, Drone)] }) }
2025-02-10 20:38:48 [INFO] [rustastic_drone::drone] [32m✓[0m Packet with [ session_id: 1 ] is being handled from [ Drone 3 ]
2025-02-10 20:38:48 [INFO] [rustastic_drone::drone] [32m✓[0m [ Drone 3 ]: sent a FloodResponse with flood_id: 0 to [ Drone 15 ]
2025-02-10 20:38:48 [INFO] [rustastic_drone::drone] [32m✓[0m [ Drone 3 ]: has received the packet Packet { routing_header: SourceRoutingHeader { hop_index: 3, hops: [2, 9, 6, 3, 17] }, session_id: 7, pack_type: FloodResponse(FloodResponse { flood_id: 1, path_trace: [(17, Server), (3, Drone), (6, Drone), (9, Client), (2, Drone)] }) }
2025-02-10 20:38:48 [INFO] [rustastic_drone::drone] [32m✓[0m Packet with [ session_id: 7 ] is being handled from [ Drone 3 ]
2025-02-10 20:38:48 [INFO] [rustastic_drone::drone] [32m✓[0m [ Drone 3 ]: sent a FloodResponse with flood_id: 1 to [ Drone 17 ]
2025-02-10 20:38:48 [INFO] [rustastic_drone::drone] [32m✓[0m [ Drone 3 ]: has received the packet Packet { routing_header: SourceRoutingHeader { hop_index: 0, hops: [] }, session_id: 6, pack_type: FloodRequest(FloodRequest { flood_id: 1, initiator_id: 18, path_trace: [(18, Server), (4, Drone), (1, Drone), (8, Drone), (17, Server)] }) }
2025-02-10 20:38:48 [INFO] [rustastic_drone::drone] [32m✓[0m [ Drone 3 ]: sent the FloodResponse to [ Drone 17 ]
└─>Reason: [33m!!![0m [ Drone 3 ]: has already received a FloodRequest with flood_id: 1
2025-02-10 20:38:48 [INFO] [rustastic_drone::drone] [32m✓[0m [ Drone 3 ]: has received the packet Packet { routing_header: SourceRoutingHeader { hop_index: 1, hops: [15, 3, 17] }, session_id: 5, pack_type: MsgFragment(Fragment { fragment_index: 0, total_n_fragments: 1, length: 27, data: [123, 34, 84, 121, 112, 101, 82, 101, 113, 117, 101, 115, 116, 34, 58, 123, 34, 102, 114, 111, 109, 34, 58, 49, 53, 125, 125, 0, 0, 0, 0, 0, 0, 0, 0, 0, 0, 0, 0, 0, 0, 0, 0, 0, 0, 0, 0, 0, 0, 0, 0, 0, 0, 0, 0, 0, 0, 0, 0, 0, 0, 0, 0, 0, 0, 0, 0, 0, 0, 0, 0, 0, 0, 0, 0, 0, 0, 0, 0, 0, 0, 0, 0, 0, 0, 0, 0, 0, 0, 0, 0, 0, 0, 0, 0, 0, 0, 0, 0, 0, 0, 0, 0, 0, 0, 0, 0, 0, 0, 0, 0, 0, 0, 0, 0, 0, 0, 0, 0, 0, 0, 0, 0, 0, 0, 0, 0, 0] }) }
2025-02-10 20:38:48 [INFO] [rustastic_drone::drone] [32m✓[0m Packet with [ session_id: 5 ] is being handled from [ Drone 3 ]
2025-02-10 20:38:48 [INFO] [rustastic_drone::drone] [32m✓[0m [ Drone 3 ]: forwarded the the fragment [ fragment_index: 0 ] of the Packet [ session_id: 5 ]
2025-02-10 20:38:48 [WARN] [rustastic_drone::drone] └─>[33m!!![0m Fragment was added to the [ Drone 3 ] buffer
2025-02-10 20:38:48 [INFO] [rustastic_drone::drone] [32m✓[0m [ Drone 3 ]: was sent a Fragment { index: 1 out of 1, data: 0x7b225479706552657175657374223a7b2266726f... + other 7 bytes } packet to [ Drone 17 ]
2025-02-10 20:38:48 [INFO] [rustastic_drone::drone] [32m✓[0m [ Drone 3 ]: has received the packet Packet { routing_header: SourceRoutingHeader { hop_index: 1, hops: [6, 3, 15, 8, 1, 4, 18] }, session_id: 6, pack_type: FloodResponse(FloodResponse { flood_id: 1, path_trace: [(18, Server), (4, Drone), (1, Drone), (8, Drone), (15, Server), (3, Drone), (6, Drone)] }) }
2025-02-10 20:38:48 [INFO] [rustastic_drone::drone] [32m✓[0m Packet with [ session_id: 6 ] is being handled from [ Drone 3 ]
2025-02-10 20:38:48 [INFO] [rustastic_drone::drone] [32m✓[0m [ Drone 3 ]: sent a FloodResponse with flood_id: 1 to [ Drone 15 ]
2025-02-10 20:38:48 [INFO] [rustastic_drone::drone] [32m✓[0m [ Drone 3 ]: has received the packet Packet { routing_header: SourceRoutingHeader { hop_index: 0, hops: [] }, session_id: 8, pack_type: FloodRequest(FloodRequest { flood_id: 1, initiator_id: 15, path_trace: [(15, Server)] }) }
2025-02-10 20:38:48 [INFO] [rustastic_drone::drone] [32m✓[0m [ Drone 3 ]: sent the FloodRequest with flood_id: 1 sent to [ Drone 6 ]
2025-02-10 20:38:48 [INFO] [rustastic_drone::drone] [32m✓[0m [ Drone 3 ]: sent a FloodRequest with flood_id: 1 to the [ Drone 6 ]
2025-02-10 20:38:48 [INFO] [rustastic_drone::drone] [32m✓[0m [ Drone 3 ]: sent the FloodRequest with flood_id: 1 sent to [ Drone 17 ]
2025-02-10 20:38:48 [INFO] [rustastic_drone::drone] [32m✓[0m [ Drone 3 ]: sent a FloodRequest with flood_id: 1 to the [ Drone 17 ]
2025-02-10 20:38:48 [INFO] [rustastic_drone::drone] [32m✓[0m [ Drone 3 ]: sent the FloodRequest with flood_id: 1 sent to [ Drone 12 ]
2025-02-10 20:38:48 [INFO] [rustastic_drone::drone] [32m✓[0m [ Drone 3 ]: sent a FloodRequest with flood_id: 1 to the [ Drone 12 ]
2025-02-10 20:38:48 [INFO] [rustastic_drone::drone] [32m✓[0m [ Drone 3 ]: sent the FloodRequest with flood_id: 1 sent to [ Drone 10 ]
2025-02-10 20:38:48 [INFO] [rustastic_drone::drone] [32m✓[0m [ Drone 3 ]: sent a FloodRequest with flood_id: 1 to the [ Drone 10 ]
2025-02-10 20:38:48 [INFO] [rust_do_it::drone] Drone 4 received packet Packet { routing_header: SourceRoutingHeader { hop_index: 2, hops: [18, 7, 4, 1, 8, 15] }, session_id: 0, pack_type: FloodResponse(FloodResponse { flood_id: 0, path_trace: [(15, Server), (8, Drone), (1, Drone), (4, Drone), (7, Drone), (18, Server)] }) }
2025-02-10 20:38:48 [INFO] [rust_do_it::drone] Drone 4 received packet Packet { routing_header: SourceRoutingHeader { hop_index: 2, hops: [7, 18, 4, 1, 8, 15] }, session_id: 1, pack_type: FloodResponse(FloodResponse { flood_id: 0, path_trace: [(15, Server), (8, Drone), (1, Drone), (4, Drone), (18, Server), (7, Drone)] }) }
2025-02-10 20:38:48 [INFO] [rust_do_it::drone] Drone 4 received packet Packet { routing_header: SourceRoutingHeader { hop_index: 1, hops: [16, 4, 1, 8, 17] }, session_id: 8, pack_type: Ack(Ack { fragment_index: 0 }) }
2025-02-10 20:38:48 [INFO] [rust_do_it::drone] Drone 4 received packet Packet { routing_header: SourceRoutingHeader { hop_index: 5, hops: [14, 2, 5, 8, 1, 4, 18] }, session_id: 1, pack_type: FloodResponse(FloodResponse { flood_id: 1, path_trace: [(18, Server), (4, Drone), (1, Drone), (8, Drone), (5, Drone), (2, Drone), (14, Server)] }) }
2025-02-10 20:38:48 [INFO] [getdroned::get_droned] Drone 7 received a packet: Packet { routing_header: SourceRoutingHeader { hop_index: 1, hops: [18, 7, 4, 1, 8, 17] }, session_id: 1, pack_type: FloodResponse(FloodResponse { flood_id: 1, path_trace: [(17, Server), (8, Drone), (1, Drone), (4, Drone), (7, Drone), (18, Server)] }) }
2025-02-10 20:38:48 [INFO] [rustastic_drone::drone] [32m✓[0m [ Drone 3 ]: has received the packet Packet { routing_header: SourceRoutingHeader { hop_index: 1, hops: [17, 3, 15, 8, 1, 4, 18] }, session_id: 1, pack_type: FloodResponse(FloodResponse { flood_id: 1, path_trace: [(18, Server), (4, Drone), (1, Drone), (8, Drone), (15, Server), (3, Drone), (17, Server)] }) }
2025-02-10 20:38:48 [INFO] [rustastic_drone::drone] [32m✓[0m Packet with [ session_id: 1 ] is being handled from [ Drone 3 ]
2025-02-10 20:38:48 [INFO] [rustastic_drone::drone] [32m✓[0m [ Drone 3 ]: sent a FloodResponse with flood_id: 1 to [ Drone 15 ]
2025-02-10 20:38:48 [INFO] [rustastic_drone::drone] [32m✓[0m [ Drone 3 ]: has received the packet Packet { routing_header: SourceRoutingHeader { hop_index: 2, hops: [11, 6, 3, 15, 8, 5, 14] }, session_id: 0, pack_type: FloodResponse(FloodResponse { flood_id: 0, path_trace: [(14, Server), (5, Drone), (8, Drone), (15, Server), (3, Drone), (6, Drone), (11, Client)] }) }
2025-02-10 20:38:48 [INFO] [rustastic_drone::drone] [32m✓[0m Packet with [ session_id: 0 ] is being handled from [ Drone 3 ]
2025-02-10 20:38:48 [INFO] [rustastic_drone::drone] [32m✓[0m [ Drone 3 ]: sent a FloodResponse with flood_id: 0 to [ Drone 15 ]
2025-02-10 20:38:48 [INFO] [rustastic_drone::drone] [32m✓[0m [ Drone 3 ]: has received the packet Packet { routing_header: SourceRoutingHeader { hop_index: 2, hops: [11, 6, 3, 15, 8, 1, 4, 16] }, session_id: 0, pack_type: FloodResponse(FloodResponse { flood_id: 0, path_trace: [(16, Server), (4, Drone), (1, Drone), (8, Drone), (15, Server), (3, Drone), (6, Drone), (11, Client)] }) }
2025-02-10 20:38:48 [INFO] [rustastic_drone::drone] [32m✓[0m Packet with [ session_id: 0 ] is being handled from [ Drone 3 ]
2025-02-10 20:38:48 [INFO] [rustastic_drone::drone] [32m✓[0m [ Drone 3 ]: sent a FloodResponse with flood_id: 0 to [ Drone 15 ]
2025-02-10 20:38:48 [INFO] [rustastic_drone::drone] [32m✓[0m [ Drone 3 ]: has received the packet Packet { routing_header: SourceRoutingHeader { hop_index: 2, hops: [11, 6, 3, 17] }, session_id: 0, pack_type: FloodResponse(FloodResponse { flood_id: 0, path_trace: [(17, Server), (3, Drone), (6, Drone), (11, Client)] }) }
2025-02-10 20:38:48 [INFO] [rustastic_drone::drone] [32m✓[0m Packet with [ session_id: 0 ] is being handled from [ Drone 3 ]
2025-02-10 20:38:48 [INFO] [rustastic_drone::drone] [32m✓[0m [ Drone 3 ]: sent a FloodResponse with flood_id: 0 to [ Drone 17 ]
2025-02-10 20:38:48 [INFO] [rustastic_drone::drone] [32m✓[0m [ Drone 3 ]: has received the packet Packet { routing_header: SourceRoutingHeader { hop_index: 2, hops: [11, 6, 3, 17, 8, 1, 4, 18] }, session_id: 0, pack_type: FloodResponse(FloodResponse { flood_id: 0, path_trace: [(18, Server), (4, Drone), (1, Drone), (8, Drone), (17, Server), (3, Drone), (6, Drone), (11, Client)] }) }
2025-02-10 20:38:48 [INFO] [rustastic_drone::drone] [32m✓[0m Packet with [ session_id: 0 ] is being handled from [ Drone 3 ]
2025-02-10 20:38:48 [INFO] [rustastic_drone::drone] [32m✓[0m [ Drone 3 ]: sent a FloodResponse with flood_id: 0 to [ Drone 17 ]
2025-02-10 20:38:48 [INFO] [rustastic_drone::drone] [32m✓[0m [ Drone 3 ]: has received the packet Packet { routing_header: SourceRoutingHeader { hop_index: 0, hops: [] }, session_id: 35, pack_type: FloodRequest(FloodRequest { flood_id: 2, initiator_id: 11, path_trace: [(11, Client), (6, Drone)] }) }
2025-02-10 20:38:48 [INFO] [rustastic_drone::drone] [32m✓[0m [ Drone 3 ]: sent the FloodRequest with flood_id: 2 sent to [ Drone 15 ]
2025-02-10 20:38:48 [INFO] [rustastic_drone::drone] [32m✓[0m [ Drone 3 ]: sent a FloodRequest with flood_id: 2 to the [ Drone 15 ]
2025-02-10 20:38:48 [INFO] [rustastic_drone::drone] [32m✓[0m [ Drone 3 ]: sent the FloodRequest with flood_id: 2 sent to [ Drone 17 ]
2025-02-10 20:38:48 [INFO] [rustastic_drone::drone] [32m✓[0m [ Drone 3 ]: sent a FloodRequest with flood_id: 2 to the [ Drone 17 ]
2025-02-10 20:38:48 [INFO] [rustastic_drone::drone] [32m✓[0m [ Drone 3 ]: sent the FloodRequest with flood_id: 2 sent to [ Drone 12 ]
2025-02-10 20:38:48 [INFO] [rustastic_drone::drone] [32m✓[0m [ Drone 3 ]: sent a FloodRequest with flood_id: 2 to the [ Drone 12 ]
2025-02-10 20:38:48 [INFO] [rustastic_drone::drone] [32m✓[0m [ Drone 3 ]: sent the FloodRequest with flood_id: 2 sent to [ Drone 10 ]
2025-02-10 20:38:48 [INFO] [rustastic_drone::drone] [32m✓[0m [ Drone 3 ]: sent a FloodRequest with flood_id: 2 to the [ Drone 10 ]
2025-02-10 20:38:48 [INFO] [rustastic_drone::drone] [32m✓[0m [ Drone 3 ]: has received the packet Packet { routing_header: SourceRoutingHeader { hop_index: 1, hops: [10, 3, 6, 9] }, session_id: 12, pack_type: Ack(Ack { fragment_index: 0 }) }
2025-02-10 20:38:48 [INFO] [rustastic_drone::drone] [32m✓[0m Packet with [ session_id: 12 ] is being handled from [ Drone 3 ]
2025-02-10 20:38:48 [INFO] [rustastic_drone::drone] [34mi[0m [ Drone 3 ]: received a Ack(0)
2025-02-10 20:38:48 [INFO] [rust_do_it::drone] Drone 4 received packet Packet { routing_header: SourceRoutingHeader { hop_index: 5, hops: [2, 14, 5, 8, 1, 4, 18] }, session_id: 6, pack_type: FloodResponse(FloodResponse { flood_id: 1, path_trace: [(18, Server), (4, Drone), (1, Drone), (8, Drone), (5, Drone), (14, Server), (2, Drone)] }) }
2025-02-10 20:38:48 [INFO] [rustastic_drone::drone] [32m✓[0m [ Drone 3 ]: was sent a Ack(0) packet to [ Drone 6 ]
2025-02-10 20:38:48 [INFO] [rust_do_it::drone] Drone 4 received packet Packet { routing_header: SourceRoutingHeader { hop_index: 2, hops: [7, 18, 4, 1, 8, 17] }, session_id: 7, pack_type: FloodResponse(FloodResponse { flood_id: 1, path_trace: [(17, Server), (8, Drone), (1, Drone), (4, Drone), (18, Server), (7, Drone)] }) }
2025-02-10 20:38:48 [INFO] [rust_do_it::drone] Drone 4 received packet Packet { routing_header: SourceRoutingHeader { hop_index: 2, hops: [18, 7, 4, 1, 8, 17] }, session_id: 1, pack_type: FloodResponse(FloodResponse { flood_id: 1, path_trace: [(17, Server), (8, Drone), (1, Drone), (4, Drone), (7, Drone), (18, Server)] }) }
2025-02-10 20:38:48 [INFO] [rust_do_it::drone] Drone 4 received packet Packet { routing_header: SourceRoutingHeader { hop_index: 0, hops: [] }, session_id: 34, pack_type: FloodRequest(FloodRequest { flood_id: 8, initiator_id: 0, path_trace: [(0, Client), (1, Drone)] }) }
2025-02-10 20:38:48 [INFO] [rust_do_it::drone] Drone 4 received packet Packet { routing_header: SourceRoutingHeader { hop_index: 3, hops: [15, 8, 1, 4, 16] }, session_id: 6, pack_type: MsgFragment(Fragment { fragment_index: 0, total_n_fragments: 1, length: 27, data: [123, 34, 84, 121, 112, 101, 82, 101, 113, 117, 101, 115, 116, 34, 58, 123, 34, 102, 114, 111, 109, 34, 58, 49, 53, 125, 125, 0, 0, 0, 0, 0, 0, 0, 0, 0, 0, 0, 0, 0, 0, 0, 0, 0, 0, 0, 0, 0, 0, 0, 0, 0, 0, 0, 0, 0, 0, 0, 0, 0, 0, 0, 0, 0, 0, 0, 0, 0, 0, 0, 0, 0, 0, 0, 0, 0, 0, 0, 0, 0, 0, 0, 0, 0, 0, 0, 0, 0, 0, 0, 0, 0, 0, 0, 0, 0, 0, 0, 0, 0, 0, 0, 0, 0, 0, 0, 0, 0, 0, 0, 0, 0, 0, 0, 0, 0, 0, 0, 0, 0, 0, 0, 0, 0, 0, 0, 0, 0] }) }
2025-02-10 20:38:48 [INFO] [rust_do_it::drone] Drone 4 received packet Packet { routing_header: SourceRoutingHeader { hop_index: 3, hops: [15, 8, 1, 4, 18] }, session_id: 7, pack_type: Ack(Ack { fragment_index: 0 }) }
2025-02-10 20:38:48 [INFO] [rust_do_it::drone] Drone 4 received packet Packet { routing_header: SourceRoutingHeader { hop_index: 0, hops: [] }, session_id: 8, pack_type: FloodRequest(FloodRequest { flood_id: 1, initiator_id: 15, path_trace: [(15, Server), (8, Drone), (1, Drone)] }) }
2025-02-10 20:38:48 [INFO] [rust_do_it::drone] Drone 4 received packet Packet { routing_header: SourceRoutingHeader { hop_index: 6, hops: [9, 6, 3, 15, 8, 1, 4, 16] }, session_id: 0, pack_type: FloodResponse(FloodResponse { flood_id: 0, path_trace: [(16, Server), (4, Drone), (1, Drone), (8, Drone), (15, Server), (3, Drone), (6, Drone), (9, Client)] }) }
2025-02-10 20:38:48 [INFO] [rust_do_it::drone] Drone 4 received packet Packet { routing_header: SourceRoutingHeader { hop_index: 3, hops: [0, 8, 1, 4, 16] }, session_id: 0, pack_type: FloodResponse(FloodResponse { flood_id: 0, path_trace: [(16, Server), (4, Drone), (1, Drone), (8, Drone), (0, Client)] }) }
2025-02-10 20:38:48 [INFO] [rust_do_it::drone] Drone 4 received packet Packet { routing_header: SourceRoutingHeader { hop_index: 3, hops: [0, 8, 1, 4, 18] }, session_id: 0, pack_type: FloodResponse(FloodResponse { flood_id: 0, path_trace: [(18, Server), (4, Drone), (1, Drone), (8, Drone), (0, Client)] }) }
2025-02-10 20:38:48 [INFO] [rust_do_it::drone] Drone 4 received packet Packet { routing_header: SourceRoutingHeader { hop_index: 3, hops: [0, 8, 1, 4, 18] }, session_id: 1, pack_type: FloodResponse(FloodResponse { flood_id: 1, path_trace: [(18, Server), (4, Drone), (1, Drone), (8, Drone), (0, Client)] }) }
2025-02-10 20:38:48 [INFO] [rust_do_it::drone] Drone 4 received packet Packet { routing_header: SourceRoutingHeader { hop_index: 5, hops: [6, 3, 15, 8, 1, 4, 18] }, session_id: 6, pack_type: FloodResponse(FloodResponse { flood_id: 1, path_trace: [(18, Server), (4, Drone), (1, Drone), (8, Drone), (15, Server), (3, Drone), (6, Drone)] }) }
2025-02-10 20:38:48 [INFO] [getdroned::get_droned] Drone 7 received a packet: Packet { routing_header: SourceRoutingHeader { hop_index: 0, hops: [] }, session_id: 47, pack_type: FloodRequest(FloodRequest { flood_id: 22, initiator_id: 10, path_trace: [(10, Client)] }) }
2025-02-10 20:38:48 [INFO] [rust_do_it::drone] Drone 4 received packet Packet { routing_header: SourceRoutingHeader { hop_index: 0, hops: [] }, session_id: 35, pack_type: FloodRequest(FloodRequest { flood_id: 2, initiator_id: 11, path_trace: [(11, Client), (2, Drone), (5, Drone), (8, Drone), (1, Drone)] }) }
2025-02-10 20:38:48 [INFO] [getdroned::get_droned] Drone 7 received a packet: Packet { routing_header: SourceRoutingHeader { hop_index: 4, hops: [9, 6, 3, 10, 7, 16] }, session_id: 19, pack_type: MsgFragment(Fragment { fragment_index: 0, total_n_fragments: 1, length: 26, data: [123, 34, 84, 121, 112, 101, 82, 101, 113, 117, 101, 115, 116, 34, 58, 123, 34, 102, 114, 111, 109, 34, 58, 57, 125, 125, 0, 0, 0, 0, 0, 0, 0, 0, 0, 0, 0, 0, 0, 0, 0, 0, 0, 0, 0, 0, 0, 0, 0, 0, 0, 0, 0, 0, 0, 0, 0, 0, 0, 0, 0, 0, 0, 0, 0, 0, 0, 0, 0, 0, 0, 0, 0, 0, 0, 0, 0, 0, 0, 0, 0, 0, 0, 0, 0, 0, 0, 0, 0, 0, 0, 0, 0, 0, 0, 0, 0, 0, 0, 0, 0, 0, 0, 0, 0, 0, 0, 0, 0, 0, 0, 0, 0, 0, 0, 0, 0, 0, 0, 0, 0, 0, 0, 0, 0, 0, 0, 0] }) }
2025-02-10 20:38:48 [INFO] [getdroned::get_droned] Drone 7 received a packet: Packet { routing_header: SourceRoutingHeader { hop_index: 0, hops: [] }, session_id: 1, pack_type: FloodRequest(FloodRequest { flood_id: 0, initiator_id: 15, path_trace: [(15, Server), (3, Drone), (10, Client)] }) }
2025-02-10 20:38:48 [INFO] [rust_do_it::drone] Drone 4 received packet Packet { routing_header: SourceRoutingHeader { hop_index: 5, hops: [17, 3, 15, 8, 1, 4, 18] }, session_id: 1, pack_type: FloodResponse(FloodResponse { flood_id: 1, path_trace: [(18, Server), (4, Drone), (1, Drone), (8, Drone), (15, Server), (3, Drone), (17, Server)] }) }
2025-02-10 20:38:48 [INFO] [rustastic_drone::drone] [32m✓[0m [ Drone 3 ]: has received the packet Packet { routing_header: SourceRoutingHeader { hop_index: 0, hops: [] }, session_id: 47, pack_type: FloodRequest(FloodRequest { flood_id: 22, initiator_id: 10, path_trace: [(10, Client)] }) }
2025-02-10 20:38:48 [INFO] [rust_do_it::drone] Drone 4 received packet Packet { routing_header: SourceRoutingHeader { hop_index: 0, hops: [] }, session_id: 47, pack_type: FloodRequest(FloodRequest { flood_id: 22, initiator_id: 10, path_trace: [(10, Client), (7, Drone)] }) }
2025-02-10 20:38:48 [INFO] [rustastic_drone::drone] [32m✓[0m [ Drone 3 ]: sent the FloodRequest with flood_id: 22 sent to [ Drone 6 ]
2025-02-10 20:38:48 [INFO] [rustastic_drone::drone] [32m✓[0m [ Drone 3 ]: sent a FloodRequest with flood_id: 22 to the [ Drone 6 ]
2025-02-10 20:38:48 [INFO] [rustastic_drone::drone] [32m✓[0m [ Drone 3 ]: sent the FloodRequest with flood_id: 22 sent to [ Drone 15 ]
2025-02-10 20:38:48 [INFO] [getdroned::get_droned] Drone 7 received a packet: Packet { routing_header: SourceRoutingHeader { hop_index: 0, hops: [] }, session_id: 7, pack_type: FloodRequest(FloodRequest { flood_id: 1, initiator_id: 17, path_trace: [(17, Server), (3, Drone), (10, Client)] }) }
2025-02-10 20:38:48 [INFO] [rust_do_it::drone] Drone 4 received packet Packet { routing_header: SourceRoutingHeader { hop_index: 1, hops: [16, 4, 1, 8, 15] }, session_id: 6, pack_type: Ack(Ack { fragment_index: 0 }) }
2025-02-10 20:38:48 [INFO] [getdroned::get_droned] Drone 7 received a packet: Packet { routing_header: SourceRoutingHeader { hop_index: 1, hops: [10, 7, 4, 1, 8, 15] }, session_id: 0, pack_type: FloodResponse(FloodResponse { flood_id: 0, path_trace: [(15, Server), (8, Drone), (1, Drone), (4, Drone), (7, Drone), (10, Client)] }) }
2025-02-10 20:38:48 [INFO] [rustastic_drone::drone] [32m✓[0m [ Drone 3 ]: sent a FloodRequest with flood_id: 22 to the [ Drone 15 ]
2025-02-10 20:38:48 [INFO] [getdroned::get_droned] Drone 7 received a packet: Packet { routing_header: SourceRoutingHeader { hop_index: 1, hops: [10, 7, 4, 1, 8, 17] }, session_id: 1, pack_type: FloodResponse(FloodResponse { flood_id: 1, path_trace: [(17, Server), (8, Drone), (1, Drone), (4, Drone), (7, Drone), (10, Client)] }) }
2025-02-10 20:38:48 [INFO] [rustastic_drone::drone] [32m✓[0m [ Drone 3 ]: sent the FloodRequest with flood_id: 22 sent to [ Drone 17 ]
2025-02-10 20:38:48 [INFO] [rustastic_drone::drone] [32m✓[0m [ Drone 3 ]: sent a FloodRequest with flood_id: 22 to the [ Drone 17 ]
2025-02-10 20:38:48 [INFO] [getdroned::get_droned] Drone 7 received a packet: Packet { routing_header: SourceRoutingHeader { hop_index: 4, hops: [9, 6, 3, 10, 7, 18] }, session_id: 10, pack_type: MsgFragment(Fragment { fragment_index: 0, total_n_fragments: 1, length: 26, data: [123, 34, 84, 121, 112, 101, 82, 101, 113, 117, 101, 115, 116, 34, 58, 123, 34, 102, 114, 111, 109, 34, 58, 57, 125, 125, 0, 0, 0, 0, 0, 0, 0, 0, 0, 0, 0, 0, 0, 0, 0, 0, 0, 0, 0, 0, 0, 0, 0, 0, 0, 0, 0, 0, 0, 0, 0, 0, 0, 0, 0, 0, 0, 0, 0, 0, 0, 0, 0, 0, 0, 0, 0, 0, 0, 0, 0, 0, 0, 0, 0, 0, 0, 0, 0, 0, 0, 0, 0, 0, 0, 0, 0, 0, 0, 0, 0, 0, 0, 0, 0, 0, 0, 0, 0, 0, 0, 0, 0, 0, 0, 0, 0, 0, 0, 0, 0, 0, 0, 0, 0, 0, 0, 0, 0, 0, 0, 0] }) }
2025-02-10 20:38:48 [INFO] [rust_do_it::drone] Drone 4 received packet Packet { routing_header: SourceRoutingHeader { hop_index: 1, hops: [16, 4, 1, 8, 15] }, session_id: 7, pack_type: MsgFragment(Fragment { fragment_index: 0, total_n_fragments: 1, length: 71, data: [123, 34, 84, 121, 112, 101, 82, 101, 115, 112, 111, 110, 115, 101, 34, 58, 123, 34, 101, 100, 103, 101, 95, 116, 121, 112, 101, 34, 58, 123, 34, 83, 101, 114, 118, 101, 114, 34, 58, 123, 34, 67, 111, 110, 116, 101, 110, 116, 34, 58, 34, 77, 101, 100, 105, 97, 34, 125, 125, 44, 34, 102, 114, 111, 109, 34, 58, 49, 54, 125, 125, 0, 0, 0, 0, 0, 0, 0, 0, 0, 0, 0, 0, 0, 0, 0, 0, 0, 0, 0, 0, 0, 0, 0, 0, 0, 0, 0, 0, 0, 0, 0, 0, 0, 0, 0, 0, 0, 0, 0, 0, 0, 0, 0, 0, 0, 0, 0, 0, 0, 0, 0, 0, 0, 0, 0, 0, 0] }) }
2025-02-10 20:38:48 [INFO] [rustastic_drone::drone] [32m✓[0m [ Drone 3 ]: sent the FloodRequest with flood_id: 22 sent to [ Drone 12 ]
2025-02-10 20:38:48 [INFO] [rustastic_drone::drone] [32m✓[0m [ Drone 3 ]: sent a FloodRequest with flood_id: 22 to the [ Drone 12 ]
2025-02-10 20:38:48 [INFO] [getdroned::get_droned] Drone 7 received a packet: Packet { routing_header: SourceRoutingHeader { hop_index: 0, hops: [] }, session_id: 8, pack_type: FloodRequest(FloodRequest { flood_id: 1, initiator_id: 15, path_trace: [(15, Server), (3, Drone), (10, Client)] }) }
2025-02-10 20:38:48 [INFO] [rust_do_it::drone] Drone 4 received packet Packet { routing_header: SourceRoutingHeader { hop_index: 2, hops: [10, 7, 4, 1, 8, 15] }, session_id: 0, pack_type: FloodResponse(FloodResponse { flood_id: 0, path_trace: [(15, Server), (8, Drone), (1, Drone), (4, Drone), (7, Drone), (10, Client)] }) }
2025-02-10 20:38:48 [INFO] [getdroned::get_droned] Drone 7 received a packet: Packet { routing_header: SourceRoutingHeader { hop_index: 0, hops: [] }, session_id: 34, pack_type: FloodRequest(FloodRequest { flood_id: 8, initiator_id: 0, path_trace: [(0, Client), (1, Drone), (4, Drone)] }) }
2025-02-10 20:38:48 [INFO] [rust_do_it::drone] Drone 4 received packet Packet { routing_header: SourceRoutingHeader { hop_index: 2, hops: [10, 7, 4, 1, 8, 17] }, session_id: 1, pack_type: FloodResponse(FloodResponse { flood_id: 1, path_trace: [(17, Server), (8, Drone), (1, Drone), (4, Drone), (7, Drone), (10, Client)] }) }
2025-02-10 20:38:48 [INFO] [rust_do_it::drone] Drone 4 received packet Packet { routing_header: SourceRoutingHeader { hop_index: 6, hops: [9, 6, 3, 17, 8, 1, 4, 18] }, session_id: 0, pack_type: FloodResponse(FloodResponse { flood_id: 0, path_trace: [(18, Server), (4, Drone), (1, Drone), (8, Drone), (17, Server), (3, Drone), (6, Drone), (9, Client)] }) }
2025-02-10 20:38:48 [INFO] [rust_do_it::drone] Drone 4 received packet Packet { routing_header: SourceRoutingHeader { hop_index: 0, hops: [] }, session_id: 8, pack_type: FloodRequest(FloodRequest { flood_id: 1, initiator_id: 15, path_trace: [(15, Server), (3, Drone), (10, Client), (7, Drone)] }) }
2025-02-10 20:38:48 [INFO] [rustastic_drone::drone] [32m✓[0m [ Drone 3 ]: has received the packet Packet { routing_header: SourceRoutingHeader { hop_index: 0, hops: [] }, session_id: 1, pack_type: FloodRequest(FloodRequest { flood_id: 0, initiator_id: 14, path_trace: [(14, Server), (5, Drone), (8, Drone), (1, Drone), (4, Drone), (7, Drone), (10, Client)] }) }
2025-02-10 20:38:48 [INFO] [getdroned::get_droned] Drone 7 received a packet: Packet { routing_header: SourceRoutingHeader { hop_index: 0, hops: [] }, session_id: 8, pack_type: FloodRequest(FloodRequest { flood_id: 1, initiator_id: 15, path_trace: [(15, Server), (8, Drone), (1, Drone), (4, Drone)] }) }
2025-02-10 20:38:48 [INFO] [rustastic_drone::drone] [32m✓[0m [ Drone 3 ]: sent the FloodResponse to [ Drone 10 ]
└─>Reason: [33m!!![0m [ Drone 3 ]: has already received a FloodRequest with flood_id: 0
2025-02-10 20:38:48 [INFO] [getdroned::get_droned] Drone 7 received a packet: Packet { routing_header: SourceRoutingHeader { hop_index: 0, hops: [] }, session_id: 34, pack_type: FloodRequest(FloodRequest { flood_id: 8, initiator_id: 0, path_trace: [(0, Client), (1, Drone), (4, Drone), (16, Server)] }) }
2025-02-10 20:38:48 [INFO] [rustastic_drone::drone] [32m✓[0m [ Drone 3 ]: has received the packet Packet { routing_header: SourceRoutingHeader { hop_index: 1, hops: [10, 3, 15, 8, 5, 14] }, session_id: 0, pack_type: FloodResponse(FloodResponse { flood_id: 0, path_trace: [(14, Server), (5, Drone), (8, Drone), (15, Server), (3, Drone), (10, Client)] }) }
2025-02-10 20:38:48 [INFO] [rust_do_it::drone] Drone 4 received packet Packet { routing_header: SourceRoutingHeader { hop_index: 1, hops: [7, 4, 1, 8, 15] }, session_id: 8, pack_type: FloodResponse(FloodResponse { flood_id: 1, path_trace: [(15, Server), (8, Drone), (1, Drone), (4, Drone), (7, Drone)] }) }
2025-02-10 20:38:48 [INFO] [rustastic_drone::drone] [32m✓[0m Packet with [ session_id: 0 ] is being handled from [ Drone 3 ]
2025-02-10 20:38:48 [INFO] [rustastic_drone::drone] [32m✓[0m [ Drone 3 ]: sent a FloodResponse with flood_id: 0 to [ Drone 15 ]
2025-02-10 20:38:48 [INFO] [getdroned::get_droned] Drone 7 received a packet: Packet { routing_header: SourceRoutingHeader { hop_index: 0, hops: [] }, session_id: 35, pack_type: FloodRequest(FloodRequest { flood_id: 2, initiator_id: 11, path_trace: [(11, Client), (2, Drone), (5, Drone), (8, Drone), (1, Drone), (4, Drone)] }) }
2025-02-10 20:38:48 [INFO] [rustastic_drone::drone] [32m✓[0m [ Drone 3 ]: has received the packet Packet { routing_header: SourceRoutingHeader { hop_index: 0, hops: [] }, session_id: 1, pack_type: FloodRequest(FloodRequest { flood_id: 0, initiator_id: 16, path_trace: [(16, Server), (7, Drone), (10, Client)] }) }
2025-02-10 20:38:48 [INFO] [rustastic_drone::drone] [32m✓[0m [ Drone 3 ]: sent the FloodResponse to [ Drone 10 ]
└─>Reason: [33m!!![0m [ Drone 3 ]: has already received a FloodRequest with flood_id: 0
2025-02-10 20:38:48 [INFO] [getdroned::get_droned] Drone 7 received a packet: Packet { routing_header: SourceRoutingHeader { hop_index: 0, hops: [] }, session_id: 8, pack_type: FloodRequest(FloodRequest { flood_id: 1, initiator_id: 15, path_trace: [(15, Server), (8, Drone), (1, Drone), (4, Drone), (16, Server)] }) }
2025-02-10 20:38:48 [INFO] [rustastic_drone::drone] [32m✓[0m [ Drone 3 ]: has received the packet Packet { routing_header: SourceRoutingHeader { hop_index: 0, hops: [] }, session_id: 1, pack_type: FloodRequest(FloodRequest { flood_id: 0, initiator_id: 18, path_trace: [(18, Server), (7, Drone), (10, Client)] }) }
2025-02-10 20:38:48 [INFO] [getdroned::get_droned] Drone 7 received a packet: Packet { routing_header: SourceRoutingHeader { hop_index: 0, hops: [] }, session_id: 34, pack_type: FloodRequest(FloodRequest { flood_id: 8, initiator_id: 0, path_trace: [(0, Client), (1, Drone), (4, Drone), (18, Server)] }) }
2025-02-10 20:38:48 [INFO] [rustastic_drone::drone] [32m✓[0m [ Drone 3 ]: sent the FloodResponse to [ Drone 10 ]
└─>Reason: [33m!!![0m [ Drone 3 ]: has already received a FloodRequest with flood_id: 0
2025-02-10 20:38:48 [INFO] [getdroned::get_droned] Drone 7 received a packet: Packet { routing_header: SourceRoutingHeader { hop_index: 0, hops: [] }, session_id: 8, pack_type: FloodRequest(FloodRequest { flood_id: 1, initiator_id: 15, path_trace: [(15, Server), (8, Drone), (1, Drone), (4, Drone), (18, Server)] }) }
2025-02-10 20:38:48 [INFO] [rustastic_drone::drone] [32m✓[0m [ Drone 3 ]: has received the packet Packet { routing_header: SourceRoutingHeader { hop_index: 0, hops: [] }, session_id: 1, pack_type: FloodRequest(FloodRequest { flood_id: 0, initiator_id: 17, path_trace: [(17, Server), (8, Drone), (1, Drone), (4, Drone), (7, Drone), (10, Client)] }) }
2025-02-10 20:38:48 [INFO] [getdroned::get_droned] Drone 7 received a packet: Packet { routing_header: SourceRoutingHeader { hop_index: 1, hops: [4, 7, 10, 3, 15] }, session_id: 8, pack_type: FloodResponse(FloodResponse { flood_id: 1, path_trace: [(15, Server), (3, Drone), (10, Client), (7, Drone), (4, Drone)] }) }
2025-02-10 20:38:48 [INFO] [rustastic_drone::drone] [32m✓[0m [ Drone 3 ]: sent the FloodResponse to [ Drone 10 ]
└─>Reason: [33m!!![0m [ Drone 3 ]: has already received a FloodRequest with flood_id: 0
2025-02-10 20:38:48 [INFO] [rust_do_it::drone] Drone 4 received packet Packet { routing_header: SourceRoutingHeader { hop_index: 1, hops: [16, 4, 1, 8, 17, 3, 6, 9] }, session_id: 8, pack_type: MsgFragment(Fragment { fragment_index: 0, total_n_fragments: 1, length: 27, data: [123, 34, 84, 121, 112, 101, 82, 101, 113, 117, 101, 115, 116, 34, 58, 123, 34, 102, 114, 111, 109, 34, 58, 49, 54, 125, 125, 0, 0, 0, 0, 0, 0, 0, 0, 0, 0, 0, 0, 0, 0, 0, 0, 0, 0, 0, 0, 0, 0, 0, 0, 0, 0, 0, 0, 0, 0, 0, 0, 0, 0, 0, 0, 0, 0, 0, 0, 0, 0, 0, 0, 0, 0, 0, 0, 0, 0, 0, 0, 0, 0, 0, 0, 0, 0, 0, 0, 0, 0, 0, 0, 0, 0, 0, 0, 0, 0, 0, 0, 0, 0, 0, 0, 0, 0, 0, 0, 0, 0, 0, 0, 0, 0, 0, 0, 0, 0, 0, 0, 0, 0, 0, 0, 0, 0, 0, 0, 0] }) }
2025-02-10 20:38:48 [INFO] [rustastic_drone::drone] [32m✓[0m [ Drone 3 ]: has received the packet Packet { routing_header: SourceRoutingHeader { hop_index: 1, hops: [10, 3, 15, 8, 1, 4, 16] }, session_id: 0, pack_type: FloodResponse(FloodResponse { flood_id: 0, path_trace: [(16, Server), (4, Drone), (1, Drone), (8, Drone), (15, Server), (3, Drone), (10, Client)] }) }
2025-02-10 20:38:48 [INFO] [rustastic_drone::drone] [32m✓[0m Packet with [ session_id: 0 ] is being handled from [ Drone 3 ]
2025-02-10 20:38:48 [INFO] [rustastic_drone::drone] [32m✓[0m [ Drone 3 ]: sent a FloodResponse with flood_id: 0 to [ Drone 15 ]
2025-02-10 20:38:48 [INFO] [rust_do_it::drone] Drone 4 received packet Packet { routing_header: SourceRoutingHeader { hop_index: 4, hops: [3, 17, 8, 1, 4, 18] }, session_id: 6, pack_type: FloodResponse(FloodResponse { flood_id: 1, path_trace: [(18, Server), (4, Drone), (1, Drone), (8, Drone), (17, Server), (3, Drone)] }) }
2025-02-10 20:38:48 [INFO] [rustastic_drone::drone] [32m✓[0m [ Drone 3 ]: has received the packet Packet { routing_header: SourceRoutingHeader { hop_index: 1, hops: [10, 3, 17] }, session_id: 0, pack_type: FloodResponse(FloodResponse { flood_id: 0, path_trace: [(17, Server), (3, Drone), (10, Client)] }) }
2025-02-10 20:38:48 [INFO] [rustastic_drone::drone] [32m✓[0m Packet with [ session_id: 0 ] is being handled from [ Drone 3 ]
2025-02-10 20:38:48 [INFO] [rustastic_drone::drone] [32m✓[0m [ Drone 3 ]: sent a FloodResponse with flood_id: 0 to [ Drone 17 ]
2025-02-10 20:38:48 [INFO] [rustastic_drone::drone] [32m✓[0m [ Drone 3 ]: has received the packet Packet { routing_header: SourceRoutingHeader { hop_index: 1, hops: [10, 3, 17, 8, 1, 4, 18] }, session_id: 0, pack_type: FloodResponse(FloodResponse { flood_id: 0, path_trace: [(18, Server), (4, Drone), (1, Drone), (8, Drone), (17, Server), (3, Drone), (10, Client)] }) }
2025-02-10 20:38:48 [INFO] [rust_do_it::drone] Drone 4 received packet Packet { routing_header: SourceRoutingHeader { hop_index: 1, hops: [18, 4, 1, 8, 0] }, session_id: 8, pack_type: MsgFragment(Fragment { fragment_index: 0, total_n_fragments: 1, length: 27, data: [123, 34, 84, 121, 112, 101, 82, 101, 113, 117, 101, 115, 116, 34, 58, 123, 34, 102, 114, 111, 109, 34, 58, 49, 56, 125, 125, 0, 0, 0, 0, 0, 0, 0, 0, 0, 0, 0, 0, 0, 0, 0, 0, 0, 0, 0, 0, 0, 0, 0, 0, 0, 0, 0, 0, 0, 0, 0, 0, 0, 0, 0, 0, 0, 0, 0, 0, 0, 0, 0, 0, 0, 0, 0, 0, 0, 0, 0, 0, 0, 0, 0, 0, 0, 0, 0, 0, 0, 0, 0, 0, 0, 0, 0, 0, 0, 0, 0, 0, 0, 0, 0, 0, 0, 0, 0, 0, 0, 0, 0, 0, 0, 0, 0, 0, 0, 0, 0, 0, 0, 0, 0, 0, 0, 0, 0, 0, 0] }) }
2025-02-10 20:38:48 [INFO] [rustastic_drone::drone] [32m✓[0m Packet with [ session_id: 0 ] is being handled from [ Drone 3 ]
2025-02-10 20:38:48 [INFO] [rustastic_drone::drone] [32m✓[0m [ Drone 3 ]: sent a FloodResponse with flood_id: 0 to [ Drone 17 ]
2025-02-10 20:38:48 [INFO] [rustastic_drone::drone] [32m✓[0m [ Drone 3 ]: has received the packet Packet { routing_header: SourceRoutingHeader { hop_index: 0, hops: [] }, session_id: 6, pack_type: FloodRequest(FloodRequest { flood_id: 1, initiator_id: 18, path_trace: [(18, Server), (7, Drone), (10, Client)] }) }
2025-02-10 20:38:48 [INFO] [rustastic_drone::drone] [32m✓[0m [ Drone 3 ]: sent the FloodResponse to [ Drone 10 ]
└─>Reason: [33m!!![0m [ Drone 3 ]: has already received a FloodRequest with flood_id: 1
2025-02-10 20:38:48 [INFO] [rust_do_it::drone] Drone 4 received packet Packet { routing_header: SourceRoutingHeader { hop_index: 5, hops: [14, 2, 5, 8, 1, 4, 7, 10] }, session_id: 22, pack_type: FloodResponse(FloodResponse { flood_id: 22, path_trace: [(10, Client), (7, Drone), (4, Drone), (1, Drone), (8, Drone), (5, Drone), (2, Drone), (14, Server)] }) }
2025-02-10 20:38:48 [INFO] [rustastic_drone::drone] [32m✓[0m [ Drone 3 ]: has received the packet Packet { routing_header: SourceRoutingHeader { hop_index: 1, hops: [10, 3, 15, 8, 1, 4, 18] }, session_id: 1, pack_type: FloodResponse(FloodResponse { flood_id: 1, path_trace: [(18, Server), (4, Drone), (1, Drone), (8, Drone), (15, Server), (3, Drone), (10, Client)] }) }
2025-02-10 20:38:48 [INFO] [rust_do_it::drone] Drone 4 received packet Packet { routing_header: SourceRoutingHeader { hop_index: 5, hops: [2, 14, 5, 8, 1, 4, 7, 10] }, session_id: 47, pack_type: FloodResponse(FloodResponse { flood_id: 22, path_trace: [(10, Client), (7, Drone), (4, Drone), (1, Drone), (8, Drone), (5, Drone), (14, Server), (2, Drone)] }) }
2025-02-10 20:38:48 [INFO] [rust_do_it::drone] Drone 4 received packet Packet { routing_header: SourceRoutingHeader { hop_index: 3, hops: [15, 8, 1, 4, 7, 18] }, session_id: 10, pack_type: MsgFragment(Fragment { fragment_index: 0, total_n_fragments: 1, length: 27, data: [123, 34, 84, 121, 112, 101, 82, 101, 113, 117, 101, 115, 116, 34, 58, 123, 34, 102, 114, 111, 109, 34, 58, 49, 53, 125, 125, 0, 0, 0, 0, 0, 0, 0, 0, 0, 0, 0, 0, 0, 0, 0, 0, 0, 0, 0, 0, 0, 0, 0, 0, 0, 0, 0, 0, 0, 0, 0, 0, 0, 0, 0, 0, 0, 0, 0, 0, 0, 0, 0, 0, 0, 0, 0, 0, 0, 0, 0, 0, 0, 0, 0, 0, 0, 0, 0, 0, 0, 0, 0, 0, 0, 0, 0, 0, 0, 0, 0, 0, 0, 0, 0, 0, 0, 0, 0, 0, 0, 0, 0, 0, 0, 0, 0, 0, 0, 0, 0, 0, 0, 0, 0, 0, 0, 0, 0, 0, 0] }) }
2025-02-10 20:38:48 [INFO] [rustastic_drone::drone] [32m✓[0m Packet with [ session_id: 1 ] is being handled from [ Drone 3 ]
2025-02-10 20:38:48 [INFO] [getdroned::get_droned] Drone 7 received a packet: Packet { routing_header: SourceRoutingHeader { hop_index: 6, hops: [14, 2, 5, 8, 1, 4, 7, 10] }, session_id: 22, pack_type: FloodResponse(FloodResponse { flood_id: 22, path_trace: [(10, Client), (7, Drone), (4, Drone), (1, Drone), (8, Drone), (5, Drone), (2, Drone), (14, Server)] }) }
2025-02-10 20:38:48 [INFO] [rustastic_drone::drone] [32m✓[0m [ Drone 3 ]: sent a FloodResponse with flood_id: 1 to [ Drone 15 ]
2025-02-10 20:38:48 [INFO] [getdroned::get_droned] Drone 7 received a packet: Packet { routing_header: SourceRoutingHeader { hop_index: 6, hops: [2, 14, 5, 8, 1, 4, 7, 10] }, session_id: 47, pack_type: FloodResponse(FloodResponse { flood_id: 22, path_trace: [(10, Client), (7, Drone), (4, Drone), (1, Drone), (8, Drone), (5, Drone), (14, Server), (2, Drone)] }) }
2025-02-10 20:38:48 [INFO] [rustastic_drone::drone] [32m✓[0m [ Drone 3 ]: has received the packet Packet { routing_header: SourceRoutingHeader { hop_index: 0, hops: [] }, session_id: 34, pack_type: FloodRequest(FloodRequest { flood_id: 8, initiator_id: 0, path_trace: [(0, Client), (8, Drone), (15, Server)] }) }
2025-02-10 20:38:48 [INFO] [rustastic_drone::drone] [32m✓[0m [ Drone 3 ]: sent the FloodRequest with flood_id: 8 sent to [ Drone 6 ]
2025-02-10 20:38:48 [INFO] [getdroned::get_droned] Drone 7 received a packet: Packet { routing_header: SourceRoutingHeader { hop_index: 4, hops: [15, 8, 1, 4, 7, 18] }, session_id: 10, pack_type: MsgFragment(Fragment { fragment_index: 0, total_n_fragments: 1, length: 27, data: [123, 34, 84, 121, 112, 101, 82, 101, 113, 117, 101, 115, 116, 34, 58, 123, 34, 102, 114, 111, 109, 34, 58, 49, 53, 125, 125, 0, 0, 0, 0, 0, 0, 0, 0, 0, 0, 0, 0, 0, 0, 0, 0, 0, 0, 0, 0, 0, 0, 0, 0, 0, 0, 0, 0, 0, 0, 0, 0, 0, 0, 0, 0, 0, 0, 0, 0, 0, 0, 0, 0, 0, 0, 0, 0, 0, 0, 0, 0, 0, 0, 0, 0, 0, 0, 0, 0, 0, 0, 0, 0, 0, 0, 0, 0, 0, 0, 0, 0, 0, 0, 0, 0, 0, 0, 0, 0, 0, 0, 0, 0, 0, 0, 0, 0, 0, 0, 0, 0, 0, 0, 0, 0, 0, 0, 0, 0, 0] }) }
2025-02-10 20:38:48 [INFO] [rustastic_drone::drone] [32m✓[0m [ Drone 3 ]: sent a FloodRequest with flood_id: 8 to the [ Drone 6 ]
2025-02-10 20:38:48 [INFO] [rustastic_drone::drone] [32m✓[0m [ Drone 3 ]: sent the FloodRequest with flood_id: 8 sent to [ Drone 17 ]
2025-02-10 20:38:48 [INFO] [rustastic_drone::drone] [32m✓[0m [ Drone 3 ]: sent a FloodRequest with flood_id: 8 to the [ Drone 17 ]
2025-02-10 20:38:48 [INFO] [rustastic_drone::drone] [32m✓[0m [ Drone 3 ]: sent the FloodRequest with flood_id: 8 sent to [ Drone 12 ]
2025-02-10 20:38:48 [INFO] [rustastic_drone::drone] [32m✓[0m [ Drone 3 ]: sent a FloodRequest with flood_id: 8 to the [ Drone 12 ]
2025-02-10 20:38:48 [INFO] [rust_do_it::drone] Drone 4 received packet Packet { routing_header: SourceRoutingHeader { hop_index: 1, hops: [16, 4, 1, 8, 0] }, session_id: 9, pack_type: MsgFragment(Fragment { fragment_index: 0, total_n_fragments: 1, length: 27, data: [123, 34, 84, 121, 112, 101, 82, 101, 113, 117, 101, 115, 116, 34, 58, 123, 34, 102, 114, 111, 109, 34, 58, 49, 54, 125, 125, 0, 0, 0, 0, 0, 0, 0, 0, 0, 0, 0, 0, 0, 0, 0, 0, 0, 0, 0, 0, 0, 0, 0, 0, 0, 0, 0, 0, 0, 0, 0, 0, 0, 0, 0, 0, 0, 0, 0, 0, 0, 0, 0, 0, 0, 0, 0, 0, 0, 0, 0, 0, 0, 0, 0, 0, 0, 0, 0, 0, 0, 0, 0, 0, 0, 0, 0, 0, 0, 0, 0, 0, 0, 0, 0, 0, 0, 0, 0, 0, 0, 0, 0, 0, 0, 0, 0, 0, 0, 0, 0, 0, 0, 0, 0, 0, 0, 0, 0, 0, 0] }) }
2025-02-10 20:38:48 [INFO] [rustastic_drone::drone] [32m✓[0m [ Drone 3 ]: sent the FloodRequest with flood_id: 8 sent to [ Drone 10 ]
2025-02-10 20:38:48 [INFO] [rust_do_it::drone] Drone 4 received packet Packet { routing_header: SourceRoutingHeader { hop_index: 0, hops: [] }, session_id: 47, pack_type: FloodRequest(FloodRequest { flood_id: 22, initiator_id: 10, path_trace: [(10, Client), (7, Drone), (16, Server)] }) }
2025-02-10 20:38:48 [INFO] [getdroned::get_droned] Drone 7 received a packet: Packet { routing_header: SourceRoutingHeader { hop_index: 0, hops: [] }, session_id: 35, pack_type: FloodRequest(FloodRequest { flood_id: 2, initiator_id: 11, path_trace: [(11, Client), (2, Drone), (5, Drone), (8, Drone), (1, Drone), (4, Drone), (16, Server)] }) }
2025-02-10 20:38:48 [INFO] [rustastic_drone::drone] [32m✓[0m [ Drone 3 ]: sent a FloodRequest with flood_id: 8 to the [ Drone 10 ]
2025-02-10 20:38:48 [INFO] [rust_do_it::drone] Drone 4 received packet Packet { routing_header: SourceRoutingHeader { hop_index: 1, hops: [16, 4, 1, 8, 17, 3, 6, 9] }, session_id: 10, pack_type: MsgFragment(Fragment { fragment_index: 0, total_n_fragments: 1, length: 71, data: [123, 34, 84, 121, 112, 101, 82, 101, 115, 112, 111, 110, 115, 101, 34, 58, 123, 34, 101, 100, 103, 101, 95, 116, 121, 112, 101, 34, 58, 123, 34, 83, 101, 114, 118, 101, 114, 34, 58, 123, 34, 67, 111, 110, 116, 101, 110, 116, 34, 58, 34, 77, 101, 100, 105, 97, 34, 125, 125, 44, 34, 102, 114, 111, 109, 34, 58, 49, 54, 125, 125, 0, 0, 0, 0, 0, 0, 0, 0, 0, 0, 0, 0, 0, 0, 0, 0, 0, 0, 0, 0, 0, 0, 0, 0, 0, 0, 0, 0, 0, 0, 0, 0, 0, 0, 0, 0, 0, 0, 0, 0, 0, 0, 0, 0, 0, 0, 0, 0, 0, 0, 0, 0, 0, 0, 0, 0, 0] }) }
2025-02-10 20:38:48 [INFO] [rust_do_it::drone] Drone 4 received packet Packet { routing_header: SourceRoutingHeader { hop_index: 1, hops: [16, 4, 7, 10] }, session_id: 22, pack_type: FloodResponse(FloodResponse { flood_id: 22, path_trace: [(10, Client), (7, Drone), (4, Drone), (16, Server)] }) }
2025-02-10 20:38:48 [INFO] [getdroned::get_droned] Drone 7 received a packet: Packet { routing_header: SourceRoutingHeader { hop_index: 1, hops: [16, 7, 10, 3, 6, 9] }, session_id: 19, pack_type: Ack(Ack { fragment_index: 0 }) }
2025-02-10 20:38:48 [INFO] [rust_do_it::drone] Drone 4 received packet Packet { routing_header: SourceRoutingHeader { hop_index: 2, hops: [7, 16, 4, 1, 0] }, session_id: 34, pack_type: FloodResponse(FloodResponse { flood_id: 8, path_trace: [(0, Client), (1, Drone), (4, Drone), (16, Server), (7, Drone)] }) }
2025-02-10 20:38:48 [INFO] [getdroned::get_droned] Drone 7 received a packet: Packet { routing_header: SourceRoutingHeader { hop_index: 1, hops: [16, 7, 10, 3, 15] }, session_id: 1, pack_type: FloodResponse(FloodResponse { flood_id: 1, path_trace: [(15, Server), (3, Drone), (10, Client), (7, Drone), (16, Server)] }) }
2025-02-10 20:38:48 [INFO] [rustastic_drone::drone] [32m✓[0m [ Drone 3 ]: has received the packet Packet { routing_header: SourceRoutingHeader { hop_index: 1, hops: [17, 3, 15] }, session_id: 5, pack_type: Ack(Ack { fragment_index: 0 }) }
2025-02-10 20:38:48 [INFO] [getdroned::get_droned] Drone 7 received a packet: Packet { routing_header: SourceRoutingHeader { hop_index: 1, hops: [16, 7, 4, 1, 0] }, session_id: 8, pack_type: FloodResponse(FloodResponse { flood_id: 8, path_trace: [(0, Client), (1, Drone), (4, Drone), (7, Drone), (16, Server)] }) }
2025-02-10 20:38:48 [INFO] [rust_do_it::drone] Drone 4 received packet Packet { routing_header: SourceRoutingHeader { hop_index: 2, hops: [7, 16, 4, 1, 8, 15] }, session_id: 8, pack_type: FloodResponse(FloodResponse { flood_id: 1, path_trace: [(15, Server), (8, Drone), (1, Drone), (4, Drone), (16, Server), (7, Drone)] }) }
2025-02-10 20:38:48 [INFO] [getdroned::get_droned] Drone 7 received a packet: Packet { routing_header: SourceRoutingHeader { hop_index: 1, hops: [16, 7, 4, 1, 8, 5, 2, 11] }, session_id: 2, pack_type: FloodResponse(FloodResponse { flood_id: 2, path_trace: [(11, Client), (2, Drone), (5, Drone), (8, Drone), (1, Drone), (4, Drone), (7, Drone), (16, Server)] }) }
2025-02-10 20:38:48 [INFO] [rust_do_it::drone] Drone 4 received packet Packet { routing_header: SourceRoutingHeader { hop_index: 2, hops: [7, 16, 4, 1, 8, 5, 2, 11] }, session_id: 35, pack_type: FloodResponse(FloodResponse { flood_id: 2, path_trace: [(11, Client), (2, Drone), (5, Drone), (8, Drone), (1, Drone), (4, Drone), (16, Server), (7, Drone)] }) }
2025-02-10 20:38:48 [INFO] [rustastic_drone::drone] [32m✓[0m Packet with [ session_id: 5 ] is being handled from [ Drone 3 ]
2025-02-10 20:38:48 [INFO] [rustastic_drone::drone] [34mi[0m [ Drone 3 ]: received a Ack(0)
2025-02-10 20:38:48 [INFO] [getdroned::get_droned] Drone 7 received a packet: Packet { routing_header: SourceRoutingHeader { hop_index: 2, hops: [4, 16, 7, 10] }, session_id: 47, pack_type: FloodResponse(FloodResponse { flood_id: 22, path_trace: [(10, Client), (7, Drone), (16, Server), (4, Drone)] }) }
2025-02-10 20:38:48 [INFO] [rust_do_it::drone] Drone 4 received packet Packet { routing_header: SourceRoutingHeader { hop_index: 2, hops: [16, 7, 4, 1, 0] }, session_id: 8, pack_type: FloodResponse(FloodResponse { flood_id: 8, path_trace: [(0, Client), (1, Drone), (4, Drone), (7, Drone), (16, Server)] }) }
2025-02-10 20:38:48 [INFO] [rustastic_drone::drone] [32m✓[0m [ Drone 3 ]: was sent a Ack(0) packet to [ Drone 15 ]
2025-02-10 20:38:48 [INFO] [getdroned::get_droned] Drone 7 received a packet: Packet { routing_header: SourceRoutingHeader { hop_index: 2, hops: [16, 4, 7, 10] }, session_id: 22, pack_type: FloodResponse(FloodResponse { flood_id: 22, path_trace: [(10, Client), (7, Drone), (4, Drone), (16, Server)] }) }
2025-02-10 20:38:48 [INFO] [rustastic_drone::drone] [32m✓[0m [ Drone 3 ]: has received the packet Packet { routing_header: SourceRoutingHeader { hop_index: 0, hops: [] }, session_id: 34, pack_type: FloodRequest(FloodRequest { flood_id: 8, initiator_id: 0, path_trace: [(0, Client), (8, Drone), (17, Server)] }) }
2025-02-10 20:38:48 [INFO] [rust_do_it::drone] Drone 4 received packet Packet { routing_header: SourceRoutingHeader { hop_index: 2, hops: [16, 7, 4, 1, 8, 5, 2, 11] }, session_id: 2, pack_type: FloodResponse(FloodResponse { flood_id: 2, path_trace: [(11, Client), (2, Drone), (5, Drone), (8, Drone), (1, Drone), (4, Drone), (7, Drone), (16, Server)] }) }
2025-02-10 20:38:48 [INFO] [rustastic_drone::drone] [32m✓[0m [ Drone 3 ]: sent the FloodResponse to [ Drone 17 ]
└─>Reason: [33m!!![0m [ Drone 3 ]: has already received a FloodRequest with flood_id: 8
2025-02-10 20:38:48 [INFO] [rust_do_it::drone] Drone 4 received packet Packet { routing_header: SourceRoutingHeader { hop_index: 0, hops: [] }, session_id: 47, pack_type: FloodRequest(FloodRequest { flood_id: 22, initiator_id: 10, path_trace: [(10, Client), (7, Drone), (18, Server)] }) }
2025-02-10 20:38:48 [INFO] [rustastic_drone::drone] [32m✓[0m [ Drone 3 ]: has received the packet Packet { routing_header: SourceRoutingHeader { hop_index: 0, hops: [] }, session_id: 36, pack_type: FloodRequest(FloodRequest { flood_id: 15, initiator_id: 12, path_trace: [(12, Client)] }) }
2025-02-10 20:38:48 [INFO] [getdroned::get_droned] Drone 7 received a packet: Packet { routing_header: SourceRoutingHeader { hop_index: 0, hops: [] }, session_id: 35, pack_type: FloodRequest(FloodRequest { flood_id: 2, initiator_id: 11, path_trace: [(11, Client), (2, Drone), (5, Drone), (8, Drone), (1, Drone), (4, Drone), (18, Server)] }) }
2025-02-10 20:38:48 [INFO] [rustastic_drone::drone] [32m✓[0m [ Drone 3 ]: sent the FloodRequest with flood_id: 15 sent to [ Drone 6 ]
2025-02-10 20:38:48 [INFO] [rust_do_it::drone] Drone 4 received packet Packet { routing_header: SourceRoutingHeader { hop_index: 6, hops: [11, 6, 3, 15, 8, 1, 4, 16] }, session_id: 0, pack_type: FloodResponse(FloodResponse { flood_id: 0, path_trace: [(16, Server), (4, Drone), (1, Drone), (8, Drone), (15, Server), (3, Drone), (6, Drone), (11, Client)] }) }
2025-02-10 20:38:48 [INFO] [rustastic_drone::drone] [32m✓[0m [ Drone 3 ]: sent a FloodRequest with flood_id: 15 to the [ Drone 6 ]
2025-02-10 20:38:48 [INFO] [rustastic_drone::drone] [32m✓[0m [ Drone 3 ]: sent the FloodRequest with flood_id: 15 sent to [ Drone 15 ]
2025-02-10 20:38:48 [INFO] [rustastic_drone::drone] [32m✓[0m [ Drone 3 ]: sent a FloodRequest with flood_id: 15 to the [ Drone 15 ]
2025-02-10 20:38:48 [INFO] [rustastic_drone::drone] [32m✓[0m [ Drone 3 ]: sent the FloodRequest with flood_id: 15 sent to [ Drone 17 ]
2025-02-10 20:38:48 [INFO] [rustastic_drone::drone] [32m✓[0m [ Drone 3 ]: sent a FloodRequest with flood_id: 15 to the [ Drone 17 ]
2025-02-10 20:38:48 [INFO] [rustastic_drone::drone] [32m✓[0m [ Drone 3 ]: sent the FloodRequest with flood_id: 15 sent to [ Drone 10 ]
2025-02-10 20:38:48 [INFO] [rustastic_drone::drone] [32m✓[0m [ Drone 3 ]: sent a FloodRequest with flood_id: 15 to the [ Drone 10 ]
2025-02-10 20:38:48 [INFO] [rustastic_drone::drone] [32m✓[0m [ Drone 3 ]: has received the packet Packet { routing_header: SourceRoutingHeader { hop_index: 1, hops: [12, 3, 15, 8, 5, 14] }, session_id: 0, pack_type: FloodResponse(FloodResponse { flood_id: 0, path_trace: [(14, Server), (5, Drone), (8, Drone), (15, Server), (3, Drone), (12, Client)] }) }
2025-02-10 20:38:48 [INFO] [rustastic_drone::drone] [32m✓[0m Packet with [ session_id: 0 ] is being handled from [ Drone 3 ]
2025-02-10 20:38:48 [INFO] [rustastic_drone::drone] [32m✓[0m [ Drone 3 ]: sent a FloodResponse with flood_id: 0 to [ Drone 15 ]
2025-02-10 20:38:48 [INFO] [rustastic_drone::drone] [32m✓[0m [ Drone 3 ]: has received the packet Packet { routing_header: SourceRoutingHeader { hop_index: 0, hops: [] }, session_id: 1, pack_type: FloodRequest(FloodRequest { flood_id: 0, initiator_id: 16, path_trace: [(16, Server), (4, Drone), (1, Drone), (8, Drone), (15, Server), (3, Drone), (6, Drone), (12, Client)] }) }
2025-02-10 20:38:48 [INFO] [rustastic_drone::drone] [32m✓[0m [ Drone 3 ]: sent the FloodResponse to [ Drone 12 ]
└─>Reason: [33m!!![0m [ Drone 3 ]: has already received a FloodRequest with flood_id: 0
2025-02-10 20:38:48 [INFO] [rustastic_drone::drone] [32m✓[0m [ Drone 3 ]: has received the packet Packet { routing_header: SourceRoutingHeader { hop_index: 0, hops: [] }, session_id: 36, pack_type: FloodRequest(FloodRequest { flood_id: 15, initiator_id: 12, path_trace: [(12, Client), (6, Drone)] }) }
2025-02-10 20:38:48 [INFO] [getdroned::get_droned] Drone 7 received a packet: Packet { routing_header: SourceRoutingHeader { hop_index: 1, hops: [18, 7, 10, 3, 6, 9] }, session_id: 10, pack_type: Ack(Ack { fragment_index: 0 }) }
2025-02-10 20:38:48 [INFO] [rust_do_it::drone] Drone 4 received packet Packet { routing_header: SourceRoutingHeader { hop_index: 1, hops: [18, 4, 1, 8, 17] }, session_id: 9, pack_type: MsgFragment(Fragment { fragment_index: 0, total_n_fragments: 1, length: 27, data: [123, 34, 84, 121, 112, 101, 82, 101, 113, 117, 101, 115, 116, 34, 58, 123, 34, 102, 114, 111, 109, 34, 58, 49, 56, 125, 125, 0, 0, 0, 0, 0, 0, 0, 0, 0, 0, 0, 0, 0, 0, 0, 0, 0, 0, 0, 0, 0, 0, 0, 0, 0, 0, 0, 0, 0, 0, 0, 0, 0, 0, 0, 0, 0, 0, 0, 0, 0, 0, 0, 0, 0, 0, 0, 0, 0, 0, 0, 0, 0, 0, 0, 0, 0, 0, 0, 0, 0, 0, 0, 0, 0, 0, 0, 0, 0, 0, 0, 0, 0, 0, 0, 0, 0, 0, 0, 0, 0, 0, 0, 0, 0, 0, 0, 0, 0, 0, 0, 0, 0, 0, 0, 0, 0, 0, 0, 0, 0] }) }
2025-02-10 20:38:48 [INFO] [rustastic_drone::drone] [32m✓[0m [ Drone 3 ]: sent the FloodResponse to [ Drone 6 ]
└─>Reason: [33m!!![0m [ Drone 3 ]: has already received a FloodRequest with flood_id: 15
2025-02-10 20:38:48 [INFO] [getdroned::get_droned] Drone 7 received a packet: Packet { routing_header: SourceRoutingHeader { hop_index: 0, hops: [] }, session_id: 11, pack_type: FloodRequest(FloodRequest { flood_id: 2, initiator_id: 18, path_trace: [(18, Server)] }) }
2025-02-10 20:38:48 [INFO] [rustastic_drone::drone] [32m✓[0m [ Drone 3 ]: has received the packet Packet { routing_header: SourceRoutingHeader { hop_index: 1, hops: [12, 3, 15, 8, 1, 4, 16] }, session_id: 0, pack_type: FloodResponse(FloodResponse { flood_id: 0, path_trace: [(16, Server), (4, Drone), (1, Drone), (8, Drone), (15, Server), (3, Drone), (12, Client)] }) }
2025-02-10 20:38:48 [INFO] [rustastic_drone::drone] [32m✓[0m Packet with [ session_id: 0 ] is being handled from [ Drone 3 ]
2025-02-10 20:38:48 [INFO] [rust_do_it::drone] Drone 4 received packet Packet { routing_header: SourceRoutingHeader { hop_index: 1, hops: [18, 4, 7, 10] }, session_id: 22, pack_type: FloodResponse(FloodResponse { flood_id: 22, path_trace: [(10, Client), (7, Drone), (4, Drone), (18, Server)] }) }
2025-02-10 20:38:48 [INFO] [rustastic_drone::drone] [32m✓[0m [ Drone 3 ]: sent a FloodResponse with flood_id: 0 to [ Drone 15 ]
2025-02-10 20:38:48 [INFO] [rust_do_it::drone] Drone 4 received packet Packet { routing_header: SourceRoutingHeader { hop_index: 0, hops: [] }, session_id: 11, pack_type: FloodRequest(FloodRequest { flood_id: 2, initiator_id: 18, path_trace: [(18, Server)] }) }
2025-02-10 20:38:48 [INFO] [rustastic_drone::drone] [32m✓[0m [ Drone 3 ]: has received the packet Packet { routing_header: SourceRoutingHeader { hop_index: 3, hops: [3, 12, 6, 3, 15, 8, 5, 14] }, session_id: 1, pack_type: FloodResponse(FloodResponse { flood_id: 0, path_trace: [(14, Server), (5, Drone), (8, Drone), (15, Server), (3, Drone), (6, Drone), (12, Client), (3, Drone)] }) }
2025-02-10 20:38:48 [INFO] [rust_do_it::drone] Drone 4 received packet Packet { routing_header: SourceRoutingHeader { hop_index: 0, hops: [] }, session_id: 11, pack_type: FloodRequest(FloodRequest { flood_id: 2, initiator_id: 18, path_trace: [(18, Server), (7, Drone)] }) }
2025-02-10 20:38:48 [INFO] [getdroned::get_droned] Drone 7 received a packet: Packet { routing_header: SourceRoutingHeader { hop_index: 1, hops: [18, 7, 10, 3, 15] }, session_id: 1, pack_type: FloodResponse(FloodResponse { flood_id: 1, path_trace: [(15, Server), (3, Drone), (10, Client), (7, Drone), (18, Server)] }) }
2025-02-10 20:38:48 [INFO] [getdroned::get_droned] Drone 7 received a packet: Packet { routing_header: SourceRoutingHeader { hop_index: 1, hops: [18, 7, 4, 1, 0] }, session_id: 8, pack_type: FloodResponse(FloodResponse { flood_id: 8, path_trace: [(0, Client), (1, Drone), (4, Drone), (7, Drone), (18, Server)] }) }
2025-02-10 20:38:48 [INFO] [getdroned::get_droned] Drone 7 received a packet: Packet { routing_header: SourceRoutingHeader { hop_index: 2, hops: [18, 4, 7, 10] }, session_id: 22, pack_type: FloodResponse(FloodResponse { flood_id: 22, path_trace: [(10, Client), (7, Drone), (4, Drone), (18, Server)] }) }
2025-02-10 20:38:48 [INFO] [getdroned::get_droned] Drone 7 received a packet: Packet { routing_header: SourceRoutingHeader { hop_index: 0, hops: [] }, session_id: 11, pack_type: FloodRequest(FloodRequest { flood_id: 2, initiator_id: 18, path_trace: [(18, Server), (4, Drone)] }) }
2025-02-10 20:38:48 [INFO] [rust_do_it::drone] Drone 4 received packet Packet { routing_header: SourceRoutingHeader { hop_index: 2, hops: [18, 7, 4, 1, 0] }, session_id: 8, pack_type: FloodResponse(FloodResponse { flood_id: 8, path_trace: [(0, Client), (1, Drone), (4, Drone), (7, Drone), (18, Server)] }) }
2025-02-10 20:38:48 [INFO] [rust_do_it::drone] Drone 4 received packet Packet { routing_header: SourceRoutingHeader { hop_index: 1, hops: [7, 4, 18] }, session_id: 11, pack_type: FloodResponse(FloodResponse { flood_id: 2, path_trace: [(18, Server), (4, Drone), (7, Drone)] }) }
2025-02-10 20:38:48 [INFO] [getdroned::get_droned] Drone 7 received a packet: Packet { routing_header: SourceRoutingHeader { hop_index: 1, hops: [4, 7, 18] }, session_id: 11, pack_type: FloodResponse(FloodResponse { flood_id: 2, path_trace: [(18, Server), (7, Drone), (4, Drone)] }) }
2025-02-10 20:38:48 [INFO] [rustastic_drone::drone] [32m✓[0m Packet with [ session_id: 1 ] is being handled from [ Drone 3 ]
2025-02-10 20:38:48 [INFO] [rust_do_it::drone] Drone 4 received packet Packet { routing_header: SourceRoutingHeader { hop_index: 5, hops: [2, 14, 5, 8, 1, 4, 18] }, session_id: 11, pack_type: FloodResponse(FloodResponse { flood_id: 2, path_trace: [(18, Server), (4, Drone), (1, Drone), (8, Drone), (5, Drone), (14, Server), (2, Drone)] }) }
2025-02-10 20:38:48 [INFO] [rustastic_drone::drone] [32m✓[0m [ Drone 3 ]: sent a FloodResponse with flood_id: 0 to [ Drone 15 ]
2025-02-10 20:38:48 [INFO] [rust_do_it::drone] Drone 4 received packet Packet { routing_header: SourceRoutingHeader { hop_index: 5, hops: [14, 2, 5, 8, 1, 4, 18] }, session_id: 2, pack_type: FloodResponse(FloodResponse { flood_id: 2, path_trace: [(18, Server), (4, Drone), (1, Drone), (8, Drone), (5, Drone), (2, Drone), (14, Server)] }) }
2025-02-10 20:38:48 [INFO] [rustastic_drone::drone] [32m✓[0m [ Drone 3 ]: has received the packet Packet { routing_header: SourceRoutingHeader { hop_index: 2, hops: [12, 6, 3, 17] }, session_id: 0, pack_type: FloodResponse(FloodResponse { flood_id: 0, path_trace: [(17, Server), (3, Drone), (6, Drone), (12, Client)] }) }
2025-02-10 20:38:48 [INFO] [rustastic_drone::drone] [32m✓[0m Packet with [ session_id: 0 ] is being handled from [ Drone 3 ]
2025-02-10 20:38:48 [INFO] [rustastic_drone::drone] [32m✓[0m [ Drone 3 ]: sent a FloodResponse with flood_id: 0 to [ Drone 17 ]
2025-02-10 20:38:48 [INFO] [getdroned::get_droned] Drone 7 received a packet: Packet { routing_header: SourceRoutingHeader { hop_index: 1, hops: [18, 7, 4, 1, 8, 5, 2, 11] }, session_id: 2, pack_type: FloodResponse(FloodResponse { flood_id: 2, path_trace: [(11, Client), (2, Drone), (5, Drone), (8, Drone), (1, Drone), (4, Drone), (7, Drone), (18, Server)] }) }
2025-02-10 20:38:48 [INFO] [rust_do_it::drone] Drone 4 received packet Packet { routing_header: SourceRoutingHeader { hop_index: 1, hops: [16, 4, 1, 8, 17, 3, 6, 11] }, session_id: 11, pack_type: MsgFragment(Fragment { fragment_index: 0, total_n_fragments: 1, length: 27, data: [123, 34, 84, 121, 112, 101, 82, 101, 113, 117, 101, 115, 116, 34, 58, 123, 34, 102, 114, 111, 109, 34, 58, 49, 54, 125, 125, 0, 0, 0, 0, 0, 0, 0, 0, 0, 0, 0, 0, 0, 0, 0, 0, 0, 0, 0, 0, 0, 0, 0, 0, 0, 0, 0, 0, 0, 0, 0, 0, 0, 0, 0, 0, 0, 0, 0, 0, 0, 0, 0, 0, 0, 0, 0, 0, 0, 0, 0, 0, 0, 0, 0, 0, 0, 0, 0, 0, 0, 0, 0, 0, 0, 0, 0, 0, 0, 0, 0, 0, 0, 0, 0, 0, 0, 0, 0, 0, 0, 0, 0, 0, 0, 0, 0, 0, 0, 0, 0, 0, 0, 0, 0, 0, 0, 0, 0, 0, 0] }) }
2025-02-10 20:38:48 [INFO] [rustastic_drone::drone] [32m✓[0m [ Drone 3 ]: has received the packet Packet { routing_header: SourceRoutingHeader { hop_index: 2, hops: [12, 6, 3, 17, 8, 1, 4, 18] }, session_id: 0, pack_type: FloodResponse(FloodResponse { flood_id: 0, path_trace: [(18, Server), (4, Drone), (1, Drone), (8, Drone), (17, Server), (3, Drone), (6, Drone), (12, Client)] }) }
2025-02-10 20:38:48 [INFO] [rustastic_drone::drone] [32m✓[0m Packet with [ session_id: 0 ] is being handled from [ Drone 3 ]
2025-02-10 20:38:48 [INFO] [rust_do_it::drone] Drone 4 received packet Packet { routing_header: SourceRoutingHeader { hop_index: 0, hops: [] }, session_id: 11, pack_type: FloodRequest(FloodRequest { flood_id: 2, initiator_id: 18, path_trace: [(18, Server), (7, Drone), (16, Server)] }) }
2025-02-10 20:38:48 [INFO] [rustastic_drone::drone] [32m✓[0m [ Drone 3 ]: sent a FloodResponse with flood_id: 0 to [ Drone 17 ]
2025-02-10 20:38:48 [INFO] [rustastic_drone::drone] [32m✓[0m [ Drone 3 ]: has received the packet Packet { routing_header: SourceRoutingHeader { hop_index: 2, hops: [12, 6, 3, 15] }, session_id: 0, pack_type: FloodResponse(FloodResponse { flood_id: 0, path_trace: [(15, Server), (3, Drone), (6, Drone), (12, Client)] }) }
2025-02-10 20:38:48 [INFO] [rustastic_drone::drone] [32m✓[0m Packet with [ session_id: 0 ] is being handled from [ Drone 3 ]
2025-02-10 20:38:48 [INFO] [getdroned::get_droned] Drone 7 received a packet: Packet { routing_header: SourceRoutingHeader { hop_index: 2, hops: [4, 16, 7, 18] }, session_id: 11, pack_type: FloodResponse(FloodResponse { flood_id: 2, path_trace: [(18, Server), (7, Drone), (16, Server), (4, Drone)] }) }
2025-02-10 20:38:48 [INFO] [rust_do_it::drone] Drone 4 received packet Packet { routing_header: SourceRoutingHeader { hop_index: 1, hops: [18, 4, 1, 8, 15, 3, 6, 9] }, session_id: 12, pack_type: MsgFragment(Fragment { fragment_index: 0, total_n_fragments: 1, length: 27, data: [123, 34, 84, 121, 112, 101, 82, 101, 113, 117, 101, 115, 116, 34, 58, 123, 34, 102, 114, 111, 109, 34, 58, 49, 56, 125, 125, 0, 0, 0, 0, 0, 0, 0, 0, 0, 0, 0, 0, 0, 0, 0, 0, 0, 0, 0, 0, 0, 0, 0, 0, 0, 0, 0, 0, 0, 0, 0, 0, 0, 0, 0, 0, 0, 0, 0, 0, 0, 0, 0, 0, 0, 0, 0, 0, 0, 0, 0, 0, 0, 0, 0, 0, 0, 0, 0, 0, 0, 0, 0, 0, 0, 0, 0, 0, 0, 0, 0, 0, 0, 0, 0, 0, 0, 0, 0, 0, 0, 0, 0, 0, 0, 0, 0, 0, 0, 0, 0, 0, 0, 0, 0, 0, 0, 0, 0, 0, 0] }) }
2025-02-10 20:38:48 [INFO] [rustastic_drone::drone] [32m✓[0m [ Drone 3 ]: sent a FloodResponse with flood_id: 0 to [ Drone 15 ]
2025-02-10 20:38:48 [INFO] [rust_do_it::drone] Drone 4 received packet Packet { routing_header: SourceRoutingHeader { hop_index: 1, hops: [16, 4, 18] }, session_id: 2, pack_type: FloodResponse(FloodResponse { flood_id: 2, path_trace: [(18, Server), (4, Drone), (16, Server)] }) }
2025-02-10 20:38:48 [INFO] [rustastic_drone::drone] [32m✓[0m [ Drone 3 ]: has received the packet Packet { routing_header: SourceRoutingHeader { hop_index: 0, hops: [] }, session_id: 6, pack_type: FloodRequest(FloodRequest { flood_id: 1, initiator_id: 18, path_trace: [(18, Server), (4, Drone), (1, Drone), (8, Drone), (5, Drone), (2, Drone), (9, Client), (6, Drone), (12, Client)] }) }
2025-02-10 20:38:48 [INFO] [rust_do_it::drone] Drone 4 received packet Packet { routing_header: SourceRoutingHeader { hop_index: 2, hops: [7, 18, 4, 1, 0] }, session_id: 34, pack_type: FloodResponse(FloodResponse { flood_id: 8, path_trace: [(0, Client), (1, Drone), (4, Drone), (18, Server), (7, Drone)] }) }
2025-02-10 20:38:48 [INFO] [rustastic_drone::drone] [32m✓[0m [ Drone 3 ]: sent the FloodResponse to [ Drone 12 ]
└─>Reason: [33m!!![0m [ Drone 3 ]: has already received a FloodRequest with flood_id: 1
2025-02-10 20:38:48 [INFO] [rustastic_drone::drone] [32m✓[0m [ Drone 3 ]: has received the packet Packet { routing_header: SourceRoutingHeader { hop_index: 1, hops: [12, 3, 15, 8, 1, 4, 18] }, session_id: 1, pack_type: FloodResponse(FloodResponse { flood_id: 1, path_trace: [(18, Server), (4, Drone), (1, Drone), (8, Drone), (15, Server), (3, Drone), (12, Client)] }) }
2025-02-10 20:38:48 [INFO] [rust_do_it::drone] Drone 4 received packet Packet { routing_header: SourceRoutingHeader { hop_index: 2, hops: [7, 18, 4, 1, 8, 15] }, session_id: 8, pack_type: FloodResponse(FloodResponse { flood_id: 1, path_trace: [(15, Server), (8, Drone), (1, Drone), (4, Drone), (18, Server), (7, Drone)] }) }
2025-02-10 20:38:48 [INFO] [rustastic_drone::drone] [32m✓[0m Packet with [ session_id: 1 ] is being handled from [ Drone 3 ]
2025-02-10 20:38:48 [INFO] [rust_do_it::drone] Drone 4 received packet Packet { routing_header: SourceRoutingHeader { hop_index: 2, hops: [18, 7, 4, 1, 8, 5, 2, 11] }, session_id: 2, pack_type: FloodResponse(FloodResponse { flood_id: 2, path_trace: [(11, Client), (2, Drone), (5, Drone), (8, Drone), (1, Drone), (4, Drone), (7, Drone), (18, Server)] }) }
2025-02-10 20:38:48 [INFO] [rustastic_drone::drone] [32m✓[0m [ Drone 3 ]: sent a FloodResponse with flood_id: 1 to [ Drone 15 ]
2025-02-10 20:38:48 [INFO] [rustastic_drone::drone] [32m✓[0m [ Drone 3 ]: has received the packet Packet { routing_header: SourceRoutingHeader { hop_index: 2, hops: [12, 6, 3, 17] }, session_id: 1, pack_type: FloodResponse(FloodResponse { flood_id: 1, path_trace: [(17, Server), (3, Drone), (6, Drone), (12, Client)] }) }
2025-02-10 20:38:48 [INFO] [rustastic_drone::drone] [32m✓[0m Packet with [ session_id: 1 ] is being handled from [ Drone 3 ]
2025-02-10 20:38:48 [INFO] [rustastic_drone::drone] [32m✓[0m [ Drone 3 ]: sent a FloodResponse with flood_id: 1 to [ Drone 17 ]
2025-02-10 20:38:48 [INFO] [getdroned::get_droned] Drone 7 received a packet: Packet { routing_header: SourceRoutingHeader { hop_index: 1, hops: [18, 7, 4, 1, 8, 15] }, session_id: 10, pack_type: Ack(Ack { fragment_index: 0 }) }
2025-02-10 20:38:48 [INFO] [rustastic_drone::drone] [32m✓[0m [ Drone 3 ]: has received the packet Packet { routing_header: SourceRoutingHeader { hop_index: 0, hops: [] }, session_id: 35, pack_type: FloodRequest(FloodRequest { flood_id: 2, initiator_id: 11, path_trace: [(11, Client), (6, Drone), (12, Client)] }) }
2025-02-10 20:38:48 [INFO] [rust_do_it::drone] Drone 4 received packet Packet { routing_header: SourceRoutingHeader { hop_index: 2, hops: [18, 7, 4, 1, 8, 15] }, session_id: 10, pack_type: Ack(Ack { fragment_index: 0 }) }
2025-02-10 20:38:48 [INFO] [rustastic_drone::drone] [32m✓[0m [ Drone 3 ]: sent the FloodResponse to [ Drone 12 ]
└─>Reason: [33m!!![0m [ Drone 3 ]: has already received a FloodRequest with flood_id: 2
2025-02-10 20:38:48 [INFO] [getdroned::get_droned] Drone 7 received a packet: Packet { routing_header: SourceRoutingHeader { hop_index: 2, hops: [4, 18, 7, 10] }, session_id: 47, pack_type: FloodResponse(FloodResponse { flood_id: 22, path_trace: [(10, Client), (7, Drone), (18, Server), (4, Drone)] }) }
2025-02-10 20:38:48 [INFO] [rust_do_it::drone] Drone 4 received packet Packet { routing_header: SourceRoutingHeader { hop_index: 1, hops: [18, 4, 1, 8, 15] }, session_id: 13, pack_type: MsgFragment(Fragment { fragment_index: 0, total_n_fragments: 1, length: 58, data: [123, 34, 84, 121, 112, 101, 82, 101, 115, 112, 111, 110, 115, 101, 34, 58, 123, 34, 101, 100, 103, 101, 95, 116, 121, 112, 101, 34, 58, 123, 34, 83, 101, 114, 118, 101, 114, 34, 58, 34, 67, 104, 97, 116, 34, 125, 44, 34, 102, 114, 111, 109, 34, 58, 49, 56, 125, 125, 0, 0, 0, 0, 0, 0, 0, 0, 0, 0, 0, 0, 0, 0, 0, 0, 0, 0, 0, 0, 0, 0, 0, 0, 0, 0, 0, 0, 0, 0, 0, 0, 0, 0, 0, 0, 0, 0, 0, 0, 0, 0, 0, 0, 0, 0, 0, 0, 0, 0, 0, 0, 0, 0, 0, 0, 0, 0, 0, 0, 0, 0, 0, 0, 0, 0, 0, 0, 0, 0] }) }
2025-02-10 20:38:48 [INFO] [rustastic_drone::drone] [32m✓[0m [ Drone 3 ]: has received the packet Packet { routing_header: SourceRoutingHeader { hop_index: 2, hops: [12, 6, 3, 15] }, session_id: 1, pack_type: FloodResponse(FloodResponse { flood_id: 1, path_trace: [(15, Server), (3, Drone), (6, Drone), (12, Client)] }) }
2025-02-10 20:38:48 [INFO] [rust_do_it::drone] Drone 4 received packet Packet { routing_header: SourceRoutingHeader { hop_index: 2, hops: [7, 18, 4, 1, 8, 5, 2, 11] }, session_id: 35, pack_type: FloodResponse(FloodResponse { flood_id: 2, path_trace: [(11, Client), (2, Drone), (5, Drone), (8, Drone), (1, Drone), (4, Drone), (18, Server), (7, Drone)] }) }
2025-02-10 20:38:48 [INFO] [rustastic_drone::drone] [32m✓[0m Packet with [ session_id: 1 ] is being handled from [ Drone 3 ]
2025-02-10 20:38:48 [INFO] [rustastic_drone::drone] [32m✓[0m [ Drone 3 ]: sent a FloodResponse with flood_id: 1 to [ Drone 15 ]
2025-02-10 20:38:48 [INFO] [rustastic_drone::drone] [32m✓[0m [ Drone 3 ]: has received the packet Packet { routing_header: SourceRoutingHeader { hop_index: 1, hops: [12, 3, 6, 11] }, session_id: 2, pack_type: FloodResponse(FloodResponse { flood_id: 2, path_trace: [(11, Client), (6, Drone), (3, Drone), (12, Client)] }) }
2025-02-10 20:38:48 [INFO] [rustastic_drone::drone] [32m✓[0m Packet with [ session_id: 2 ] is being handled from [ Drone 3 ]
2025-02-10 20:38:48 [INFO] [rustastic_drone::drone] [32m✓[0m [ Drone 3 ]: sent a FloodResponse with flood_id: 2 to [ Drone 6 ]
2025-02-10 20:38:48 [INFO] [rustastic_drone::drone] [32m✓[0m [ Drone 3 ]: has received the packet Packet { routing_header: SourceRoutingHeader { hop_index: 0, hops: [] }, session_id: 47, pack_type: FloodRequest(FloodRequest { flood_id: 22, initiator_id: 10, path_trace: [(10, Client), (3, Drone), (6, Drone), (12, Client)] }) }
2025-02-10 20:38:48 [INFO] [rustastic_drone::drone] [32m✓[0m [ Drone 3 ]: sent the FloodResponse to [ Drone 12 ]
└─>Reason: [33m!!![0m [ Drone 3 ]: has already received a FloodRequest with flood_id: 22
2025-02-10 20:38:48 [INFO] [rustastic_drone::drone] [32m✓[0m [ Drone 3 ]: has received the packet Packet { routing_header: SourceRoutingHeader { hop_index: 1, hops: [12, 3, 10] }, session_id: 22, pack_type: FloodResponse(FloodResponse { flood_id: 22, path_trace: [(10, Client), (3, Drone), (12, Client)] }) }
2025-02-10 20:38:48 [INFO] [rustastic_drone::drone] [32m✓[0m Packet with [ session_id: 22 ] is being handled from [ Drone 3 ]
2025-02-10 20:38:48 [INFO] [rustastic_drone::drone] [32m✓[0m [ Drone 3 ]: sent a FloodResponse with flood_id: 22 to [ Drone 10 ]
2025-02-10 20:38:48 [INFO] [rustastic_drone::drone] [32m✓[0m [ Drone 3 ]: has received the packet Packet { routing_header: SourceRoutingHeader { hop_index: 0, hops: [] }, session_id: 34, pack_type: FloodRequest(FloodRequest { flood_id: 8, initiator_id: 0, path_trace: [(0, Client), (8, Drone), (15, Server), (3, Drone), (6, Drone), (12, Client)] }) }
2025-02-10 20:38:48 [INFO] [rustastic_drone::drone] [32m✓[0m [ Drone 3 ]: sent the FloodResponse to [ Drone 12 ]
└─>Reason: [33m!!![0m [ Drone 3 ]: has already received a FloodRequest with flood_id: 8
2025-02-10 20:38:48 [INFO] [rustastic_drone::drone] [32m✓[0m [ Drone 3 ]: has received the packet Packet { routing_header: SourceRoutingHeader { hop_index: 1, hops: [12, 3, 15, 8, 0] }, session_id: 8, pack_type: FloodResponse(FloodResponse { flood_id: 8, path_trace: [(0, Client), (8, Drone), (15, Server), (3, Drone), (12, Client)] }) }
2025-02-10 20:38:48 [INFO] [rustastic_drone::drone] [32m✓[0m Packet with [ session_id: 8 ] is being handled from [ Drone 3 ]
2025-02-10 20:38:48 [INFO] [rustastic_drone::drone] [32m✓[0m [ Drone 3 ]: sent a FloodResponse with flood_id: 8 to [ Drone 15 ]
2025-02-10 20:38:48 [INFO] [rustastic_drone::drone] [32m✓[0m [ Drone 3 ]: has received the packet Packet { routing_header: SourceRoutingHeader { hop_index: 2, hops: [6, 12, 3, 17] }, session_id: 1, pack_type: FloodResponse(FloodResponse { flood_id: 0, path_trace: [(17, Server), (3, Drone), (12, Client), (6, Drone)] }) }
2025-02-10 20:38:48 [INFO] [rustastic_drone::drone] [32m✓[0m Packet with [ session_id: 1 ] is being handled from [ Drone 3 ]
2025-02-10 20:38:48 [INFO] [rustastic_drone::drone] [32m✓[0m [ Drone 3 ]: sent a FloodResponse with flood_id: 0 to [ Drone 17 ]
2025-02-10 20:38:48 [INFO] [rustastic_drone::drone] [32m✓[0m [ Drone 3 ]: has received the packet Packet { routing_header: SourceRoutingHeader { hop_index: 2, hops: [6, 12, 3, 17, 8, 1, 4, 18] }, session_id: 1, pack_type: FloodResponse(FloodResponse { flood_id: 0, path_trace: [(18, Server), (4, Drone), (1, Drone), (8, Drone), (17, Server), (3, Drone), (12, Client), (6, Drone)] }) }
2025-02-10 20:38:48 [INFO] [rustastic_drone::drone] [32m✓[0m Packet with [ session_id: 1 ] is being handled from [ Drone 3 ]
2025-02-10 20:38:48 [INFO] [rustastic_drone::drone] [32m✓[0m [ Drone 3 ]: sent a FloodResponse with flood_id: 0 to [ Drone 17 ]
2025-02-10 20:38:48 [INFO] [rustastic_drone::drone] [32m✓[0m [ Drone 3 ]: has received the packet Packet { routing_header: SourceRoutingHeader { hop_index: 2, hops: [6, 12, 3, 15] }, session_id: 1, pack_type: FloodResponse(FloodResponse { flood_id: 0, path_trace: [(15, Server), (3, Drone), (12, Client), (6, Drone)] }) }
2025-02-10 20:38:48 [INFO] [rustastic_drone::drone] [32m✓[0m Packet with [ session_id: 1 ] is being handled from [ Drone 3 ]
2025-02-10 20:38:48 [INFO] [rustastic_drone::drone] [32m✓[0m [ Drone 3 ]: sent a FloodResponse with flood_id: 0 to [ Drone 15 ]
2025-02-10 20:38:48 [INFO] [rustastic_drone::drone] [32m✓[0m [ Drone 3 ]: has received the packet Packet { routing_header: SourceRoutingHeader { hop_index: 2, hops: [6, 12, 3, 17] }, session_id: 7, pack_type: FloodResponse(FloodResponse { flood_id: 1, path_trace: [(17, Server), (3, Drone), (12, Client), (6, Drone)] }) }
2025-02-10 20:38:48 [INFO] [rustastic_drone::drone] [32m✓[0m Packet with [ session_id: 7 ] is being handled from [ Drone 3 ]
2025-02-10 20:38:48 [INFO] [rustastic_drone::drone] [32m✓[0m [ Drone 3 ]: sent a FloodResponse with flood_id: 1 to [ Drone 17 ]
2025-02-10 20:38:48 [INFO] [rustastic_drone::drone] [32m✓[0m [ Drone 3 ]: has received the packet Packet { routing_header: SourceRoutingHeader { hop_index: 2, hops: [6, 12, 3, 15] }, session_id: 8, pack_type: FloodResponse(FloodResponse { flood_id: 1, path_trace: [(15, Server), (3, Drone), (12, Client), (6, Drone)] }) }
2025-02-10 20:38:48 [INFO] [rustastic_drone::drone] [32m✓[0m Packet with [ session_id: 8 ] is being handled from [ Drone 3 ]
2025-02-10 20:38:48 [INFO] [rustastic_drone::drone] [32m✓[0m [ Drone 3 ]: sent a FloodResponse with flood_id: 1 to [ Drone 15 ]
2025-02-10 20:38:48 [INFO] [rustastic_drone::drone] [32m✓[0m [ Drone 3 ]: has received the packet Packet { routing_header: SourceRoutingHeader { hop_index: 0, hops: [] }, session_id: 35, pack_type: FloodRequest(FloodRequest { flood_id: 2, initiator_id: 11, path_trace: [(11, Client), (2, Drone), (5, Drone), (8, Drone), (15, Server)] }) }
2025-02-10 20:38:48 [INFO] [rustastic_drone::drone] [32m✓[0m [ Drone 3 ]: sent the FloodResponse to [ Drone 15 ]
└─>Reason: [33m!!![0m [ Drone 3 ]: has already received a FloodRequest with flood_id: 2
2025-02-10 20:38:48 [INFO] [rustastic_drone::drone] [32m✓[0m [ Drone 3 ]: has received the packet Packet { routing_header: SourceRoutingHeader { hop_index: 1, hops: [6, 3, 12] }, session_id: 36, pack_type: FloodResponse(FloodResponse { flood_id: 15, path_trace: [(12, Client), (3, Drone), (6, Drone)] }) }
2025-02-10 20:38:48 [INFO] [rustastic_drone::drone] [32m✓[0m Packet with [ session_id: 36 ] is being handled from [ Drone 3 ]
2025-02-10 20:38:48 [INFO] [rustastic_drone::drone] [32m✓[0m [ Drone 3 ]: sent a FloodResponse with flood_id: 15 to [ Drone 12 ]
2025-02-10 20:38:48 [INFO] [rustastic_drone::drone] [32m✓[0m [ Drone 3 ]: has received the packet Packet { routing_header: SourceRoutingHeader { hop_index: 0, hops: [] }, session_id: 35, pack_type: FloodRequest(FloodRequest { flood_id: 2, initiator_id: 11, path_trace: [(11, Client), (2, Drone), (5, Drone), (8, Drone), (17, Server)] }) }
2025-02-10 20:38:48 [INFO] [rustastic_drone::drone] [32m✓[0m [ Drone 3 ]: sent the FloodResponse to [ Drone 17 ]
└─>Reason: [33m!!![0m [ Drone 3 ]: has already received a FloodRequest with flood_id: 2
2025-02-10 20:38:48 [INFO] [rustastic_drone::drone] [32m✓[0m [ Drone 3 ]: has received the packet Packet { routing_header: SourceRoutingHeader { hop_index: 1, hops: [15, 3, 6, 11] }, session_id: 2, pack_type: FloodResponse(FloodResponse { flood_id: 2, path_trace: [(11, Client), (6, Drone), (3, Drone), (15, Server)] }) }
2025-02-10 20:38:48 [INFO] [rustastic_drone::drone] [32m✓[0m Packet with [ session_id: 2 ] is being handled from [ Drone 3 ]
2025-02-10 20:38:48 [INFO] [rustastic_drone::drone] [32m✓[0m [ Drone 3 ]: sent a FloodResponse with flood_id: 2 to [ Drone 6 ]
2025-02-10 20:38:48 [INFO] [rust_do_it::drone] Drone 4 received packet Packet { routing_header: SourceRoutingHeader { hop_index: 3, hops: [15, 8, 1, 4, 7, 10] }, session_id: 22, pack_type: FloodResponse(FloodResponse { flood_id: 22, path_trace: [(10, Client), (7, Drone), (4, Drone), (1, Drone), (8, Drone), (15, Server)] }) }
2025-02-10 20:38:48 [INFO] [rust_do_it::drone] Drone 4 received packet Packet { routing_header: SourceRoutingHeader { hop_index: 3, hops: [15, 8, 1, 4, 16] }, session_id: 7, pack_type: Ack(Ack { fragment_index: 0 }) }
2025-02-10 20:38:48 [INFO] [getdroned::get_droned] Drone 7 received a packet: Packet { routing_header: SourceRoutingHeader { hop_index: 4, hops: [15, 8, 1, 4, 7, 10] }, session_id: 22, pack_type: FloodResponse(FloodResponse { flood_id: 22, path_trace: [(10, Client), (7, Drone), (4, Drone), (1, Drone), (8, Drone), (15, Server)] }) }
2025-02-10 20:38:48 [INFO] [rustastic_drone::drone] [32m✓[0m [ Drone 3 ]: has received the packet Packet { routing_header: SourceRoutingHeader { hop_index: 1, hops: [17, 3, 6, 11] }, session_id: 2, pack_type: FloodResponse(FloodResponse { flood_id: 2, path_trace: [(11, Client), (6, Drone), (3, Drone), (17, Server)] }) }
2025-02-10 20:38:48 [INFO] [rustastic_drone::drone] [32m✓[0m Packet with [ session_id: 2 ] is being handled from [ Drone 3 ]
2025-02-10 20:38:48 [INFO] [rustastic_drone::drone] [32m✓[0m [ Drone 3 ]: sent a FloodResponse with flood_id: 2 to [ Drone 6 ]
2025-02-10 20:38:48 [INFO] [rust_do_it::drone] Drone 4 received packet Packet { routing_header: SourceRoutingHeader { hop_index: 3, hops: [15, 8, 1, 4, 16] }, session_id: 12, pack_type: MsgFragment(Fragment { fragment_index: 0, total_n_fragments: 1, length: 11, data: [34, 77, 101, 100, 105, 97, 76, 105, 115, 116, 34, 0, 0, 0, 0, 0, 0, 0, 0, 0, 0, 0, 0, 0, 0, 0, 0, 0, 0, 0, 0, 0, 0, 0, 0, 0, 0, 0, 0, 0, 0, 0, 0, 0, 0, 0, 0, 0, 0, 0, 0, 0, 0, 0, 0, 0, 0, 0, 0, 0, 0, 0, 0, 0, 0, 0, 0, 0, 0, 0, 0, 0, 0, 0, 0, 0, 0, 0, 0, 0, 0, 0, 0, 0, 0, 0, 0, 0, 0, 0, 0, 0, 0, 0, 0, 0, 0, 0, 0, 0, 0, 0, 0, 0, 0, 0, 0, 0, 0, 0, 0, 0, 0, 0, 0, 0, 0, 0, 0, 0, 0, 0, 0, 0, 0, 0, 0, 0] }) }
2025-02-10 20:38:48 [INFO] [rust_do_it::drone] Drone 4 received packet Packet { routing_header: SourceRoutingHeader { hop_index: 6, hops: [11, 6, 3, 17, 8, 1, 4, 18] }, session_id: 0, pack_type: FloodResponse(FloodResponse { flood_id: 0, path_trace: [(18, Server), (4, Drone), (1, Drone), (8, Drone), (17, Server), (3, Drone), (6, Drone), (11, Client)] }) }
2025-02-10 20:38:48 [INFO] [rust_do_it::drone] Drone 4 received packet Packet { routing_header: SourceRoutingHeader { hop_index: 1, hops: [16, 4, 1, 8, 15] }, session_id: 12, pack_type: Ack(Ack { fragment_index: 0 }) }
2025-02-10 20:38:48 [INFO] [rust_do_it::drone] Drone 4 received packet Packet { routing_header: SourceRoutingHeader { hop_index: 3, hops: [15, 8, 1, 4, 7, 10] }, session_id: 13, pack_type: MsgFragment(Fragment { fragment_index: 0, total_n_fragments: 1, length: 27, data: [123, 34, 84, 121, 112, 101, 82, 101, 113, 117, 101, 115, 116, 34, 58, 123, 34, 102, 114, 111, 109, 34, 58, 49, 53, 125, 125, 0, 0, 0, 0, 0, 0, 0, 0, 0, 0, 0, 0, 0, 0, 0, 0, 0, 0, 0, 0, 0, 0, 0, 0, 0, 0, 0, 0, 0, 0, 0, 0, 0, 0, 0, 0, 0, 0, 0, 0, 0, 0, 0, 0, 0, 0, 0, 0, 0, 0, 0, 0, 0, 0, 0, 0, 0, 0, 0, 0, 0, 0, 0, 0, 0, 0, 0, 0, 0, 0, 0, 0, 0, 0, 0, 0, 0, 0, 0, 0, 0, 0, 0, 0, 0, 0, 0, 0, 0, 0, 0, 0, 0, 0, 0, 0, 0, 0, 0, 0, 0] }) }
2025-02-10 20:38:48 [INFO] [getdroned::get_droned] Drone 7 received a packet: Packet { routing_header: SourceRoutingHeader { hop_index: 4, hops: [15, 8, 1, 4, 7, 10] }, session_id: 13, pack_type: MsgFragment(Fragment { fragment_index: 0, total_n_fragments: 1, length: 27, data: [123, 34, 84, 121, 112, 101, 82, 101, 113, 117, 101, 115, 116, 34, 58, 123, 34, 102, 114, 111, 109, 34, 58, 49, 53, 125, 125, 0, 0, 0, 0, 0, 0, 0, 0, 0, 0, 0, 0, 0, 0, 0, 0, 0, 0, 0, 0, 0, 0, 0, 0, 0, 0, 0, 0, 0, 0, 0, 0, 0, 0, 0, 0, 0, 0, 0, 0, 0, 0, 0, 0, 0, 0, 0, 0, 0, 0, 0, 0, 0, 0, 0, 0, 0, 0, 0, 0, 0, 0, 0, 0, 0, 0, 0, 0, 0, 0, 0, 0, 0, 0, 0, 0, 0, 0, 0, 0, 0, 0, 0, 0, 0, 0, 0, 0, 0, 0, 0, 0, 0, 0, 0, 0, 0, 0, 0, 0, 0] }) }
2025-02-10 20:38:48 [INFO] [rust_do_it::drone] Drone 4 received packet Packet { routing_header: SourceRoutingHeader { hop_index: 6, hops: [6, 9, 2, 5, 8, 1, 4, 16] }, session_id: 1, pack_type: FloodResponse(FloodResponse { flood_id: 0, path_trace: [(16, Server), (4, Drone), (1, Drone), (8, Drone), (5, Drone), (2, Drone), (9, Client), (6, Drone)] }) }
2025-02-10 20:38:48 [INFO] [rust_do_it::drone] Drone 4 received packet Packet { routing_header: SourceRoutingHeader { hop_index: 6, hops: [6, 9, 2, 5, 8, 1, 4, 18] }, session_id: 1, pack_type: FloodResponse(FloodResponse { flood_id: 0, path_trace: [(18, Server), (4, Drone), (1, Drone), (8, Drone), (5, Drone), (2, Drone), (9, Client), (6, Drone)] }) }
2025-02-10 20:38:48 [INFO] [rust_do_it::drone] Drone 4 received packet Packet { routing_header: SourceRoutingHeader { hop_index: 5, hops: [10, 3, 15, 8, 1, 4, 16] }, session_id: 0, pack_type: FloodResponse(FloodResponse { flood_id: 0, path_trace: [(16, Server), (4, Drone), (1, Drone), (8, Drone), (15, Server), (3, Drone), (10, Client)] }) }
2025-02-10 20:38:48 [INFO] [rustastic_drone::drone] [32m✓[0m [ Drone 3 ]: has received the packet Packet { routing_header: SourceRoutingHeader { hop_index: 4, hops: [14, 5, 8, 17, 3, 6, 9] }, session_id: 9, pack_type: MsgFragment(Fragment { fragment_index: 0, total_n_fragments: 1, length: 27, data: [123, 34, 84, 121, 112, 101, 82, 101, 113, 117, 101, 115, 116, 34, 58, 123, 34, 102, 114, 111, 109, 34, 58, 49, 52, 125, 125, 0, 0, 0, 0, 0, 0, 0, 0, 0, 0, 0, 0, 0, 0, 0, 0, 0, 0, 0, 0, 0, 0, 0, 0, 0, 0, 0, 0, 0, 0, 0, 0, 0, 0, 0, 0, 0, 0, 0, 0, 0, 0, 0, 0, 0, 0, 0, 0, 0, 0, 0, 0, 0, 0, 0, 0, 0, 0, 0, 0, 0, 0, 0, 0, 0, 0, 0, 0, 0, 0, 0, 0, 0, 0, 0, 0, 0, 0, 0, 0, 0, 0, 0, 0, 0, 0, 0, 0, 0, 0, 0, 0, 0, 0, 0, 0, 0, 0, 0, 0, 0] }) }
2025-02-10 20:38:48 [INFO] [rustastic_drone::drone] [32m✓[0m Packet with [ session_id: 9 ] is being handled from [ Drone 3 ]
2025-02-10 20:38:48 [INFO] [rust_do_it::drone] Drone 4 received packet Packet { routing_header: SourceRoutingHeader { hop_index: 1, hops: [18, 4, 1, 8, 15, 3, 6, 11] }, session_id: 14, pack_type: MsgFragment(Fragment { fragment_index: 0, total_n_fragments: 1, length: 27, data: [123, 34, 84, 121, 112, 101, 82, 101, 113, 117, 101, 115, 116, 34, 58, 123, 34, 102, 114, 111, 109, 34, 58, 49, 56, 125, 125, 0, 0, 0, 0, 0, 0, 0, 0, 0, 0, 0, 0, 0, 0, 0, 0, 0, 0, 0, 0, 0, 0, 0, 0, 0, 0, 0, 0, 0, 0, 0, 0, 0, 0, 0, 0, 0, 0, 0, 0, 0, 0, 0, 0, 0, 0, 0, 0, 0, 0, 0, 0, 0, 0, 0, 0, 0, 0, 0, 0, 0, 0, 0, 0, 0, 0, 0, 0, 0, 0, 0, 0, 0, 0, 0, 0, 0, 0, 0, 0, 0, 0, 0, 0, 0, 0, 0, 0, 0, 0, 0, 0, 0, 0, 0, 0, 0, 0, 0, 0, 0] }) }
2025-02-10 20:38:48 [INFO] [rustastic_drone::drone] [32m✓[0m [ Drone 3 ]: forwarded the the fragment [ fragment_index: 0 ] of the Packet [ session_id: 9 ]
2025-02-10 20:38:48 [INFO] [rust_do_it::drone] Drone 4 received packet Packet { routing_header: SourceRoutingHeader { hop_index: 3, hops: [17, 8, 1, 4, 7, 10] }, session_id: 22, pack_type: FloodResponse(FloodResponse { flood_id: 22, path_trace: [(10, Client), (7, Drone), (4, Drone), (1, Drone), (8, Drone), (17, Server)] }) }
2025-02-10 20:38:48 [WARN] [rustastic_drone::drone] └─>[33m!!![0m Fragment was added to the [ Drone 3 ] buffer
2025-02-10 20:38:48 [INFO] [getdroned::get_droned] Drone 7 received a packet: Packet { routing_header: SourceRoutingHeader { hop_index: 4, hops: [17, 8, 1, 4, 7, 10] }, session_id: 22, pack_type: FloodResponse(FloodResponse { flood_id: 22, path_trace: [(10, Client), (7, Drone), (4, Drone), (1, Drone), (8, Drone), (17, Server)] }) }
2025-02-10 20:38:48 [INFO] [rustastic_drone::drone] [32m✓[0m [ Drone 3 ]: was sent a Fragment { index: 1 out of 1, data: 0x7b225479706552657175657374223a7b2266726f... + other 7 bytes } packet to [ Drone 6 ]
2025-02-10 20:38:48 [INFO] [rustastic_drone::drone] [32m✓[0m [ Drone 3 ]: has received the packet Packet { routing_header: SourceRoutingHeader { hop_index: 2, hops: [9, 6, 3, 15] }, session_id: 18, pack_type: MsgFragment(Fragment { fragment_index: 0, total_n_fragments: 1, length: 63, data: [123, 34, 84, 121, 112, 101, 82, 101, 115, 112, 111, 110, 115, 101, 34, 58, 123, 34, 101, 100, 103, 101, 95, 116, 121, 112, 101, 34, 58, 123, 34, 67, 108, 105, 101, 110, 116, 34, 58, 34, 67, 104, 97, 116, 67, 108, 105, 101, 110, 116, 34, 125, 44, 34, 102, 114, 111, 109, 34, 58, 57, 125, 125, 0, 0, 0, 0, 0, 0, 0, 0, 0, 0, 0, 0, 0, 0, 0, 0, 0, 0, 0, 0, 0, 0, 0, 0, 0, 0, 0, 0, 0, 0, 0, 0, 0, 0, 0, 0, 0, 0, 0, 0, 0, 0, 0, 0, 0, 0, 0, 0, 0, 0, 0, 0, 0, 0, 0, 0, 0, 0, 0, 0, 0, 0, 0, 0, 0] }) }
2025-02-10 20:38:48 [INFO] [rustastic_drone::drone] [32m✓[0m Packet with [ session_id: 18 ] is being handled from [ Drone 3 ]
2025-02-10 20:38:48 [INFO] [rustastic_drone::drone] [32m✓[0m [ Drone 3 ]: forwarded the the fragment [ fragment_index: 0 ] of the Packet [ session_id: 18 ]
2025-02-10 20:38:48 [WARN] [rustastic_drone::drone] └─>[33m!!![0m Fragment was added to the [ Drone 3 ] buffer
2025-02-10 20:38:48 [INFO] [rustastic_drone::drone] [32m✓[0m [ Drone 3 ]: was sent a Fragment { index: 1 out of 1, data: 0x7b2254797065526573706f6e7365223a7b226564... + other 43 bytes } packet to [ Drone 15 ]
2025-02-10 20:38:48 [INFO] [rust_do_it::drone] Drone 4 received packet Packet { routing_header: SourceRoutingHeader { hop_index: 7, hops: [3, 6, 9, 2, 5, 8, 1, 4, 18] }, session_id: 6, pack_type: FloodResponse(FloodResponse { flood_id: 1, path_trace: [(18, Server), (4, Drone), (1, Drone), (8, Drone), (5, Drone), (2, Drone), (9, Client), (6, Drone), (3, Drone)] }) }
2025-02-10 20:38:48 [INFO] [rust_do_it::drone] Drone 4 received packet Packet { routing_header: SourceRoutingHeader { hop_index: 7, hops: [11, 6, 9, 2, 5, 8, 1, 4, 18] }, session_id: 1, pack_type: FloodResponse(FloodResponse { flood_id: 1, path_trace: [(18, Server), (4, Drone), (1, Drone), (8, Drone), (5, Drone), (2, Drone), (9, Client), (6, Drone), (11, Client)] }) }
2025-02-10 20:38:48 [INFO] [rust_do_it::drone] Drone 4 received packet Packet { routing_header: SourceRoutingHeader { hop_index: 5, hops: [10, 3, 15, 8, 1, 4, 18] }, session_id: 1, pack_type: FloodResponse(FloodResponse { flood_id: 1, path_trace: [(18, Server), (4, Drone), (1, Drone), (8, Drone), (15, Server), (3, Drone), (10, Client)] }) }
2025-02-10 20:38:48 [INFO] [rustastic_drone::drone] [32m✓[0m [ Drone 3 ]: has received the packet Packet { routing_header: SourceRoutingHeader { hop_index: 2, hops: [9, 6, 3, 17] }, session_id: 21, pack_type: MsgFragment(Fragment { fragment_index: 0, total_n_fragments: 1, length: 63, data: [123, 34, 84, 121, 112, 101, 82, 101, 115, 112, 111, 110, 115, 101, 34, 58, 123, 34, 101, 100, 103, 101, 95, 116, 121, 112, 101, 34, 58, 123, 34, 67, 108, 105, 101, 110, 116, 34, 58, 34, 67, 104, 97, 116, 67, 108, 105, 101, 110, 116, 34, 125, 44, 34, 102, 114, 111, 109, 34, 58, 57, 125, 125, 0, 0, 0, 0, 0, 0, 0, 0, 0, 0, 0, 0, 0, 0, 0, 0, 0, 0, 0, 0, 0, 0, 0, 0, 0, 0, 0, 0, 0, 0, 0, 0, 0, 0, 0, 0, 0, 0, 0, 0, 0, 0, 0, 0, 0, 0, 0, 0, 0, 0, 0, 0, 0, 0, 0, 0, 0, 0, 0, 0, 0, 0, 0, 0, 0] }) }
2025-02-10 20:38:48 [INFO] [rustastic_drone::drone] [32m✓[0m Packet with [ session_id: 21 ] is being handled from [ Drone 3 ]
2025-02-10 20:38:48 [INFO] [rust_do_it::drone] Drone 4 received packet Packet { routing_header: SourceRoutingHeader { hop_index: 5, hops: [9, 2, 5, 8, 1, 4, 7, 10] }, session_id: 22, pack_type: FloodResponse(FloodResponse { flood_id: 22, path_trace: [(10, Client), (7, Drone), (4, Drone), (1, Drone), (8, Drone), (5, Drone), (2, Drone), (9, Client)] }) }
2025-02-10 20:38:48 [INFO] [rustastic_drone::drone] [32m✓[0m [ Drone 3 ]: forwarded the the fragment [ fragment_index: 0 ] of the Packet [ session_id: 21 ]
2025-02-10 20:38:48 [INFO] [rust_do_it::drone] Drone 4 received packet Packet { routing_header: SourceRoutingHeader { hop_index: 0, hops: [] }, session_id: 36, pack_type: FloodRequest(FloodRequest { flood_id: 15, initiator_id: 12, path_trace: [(12, Client), (6, Drone), (9, Client), (2, Drone), (5, Drone), (8, Drone), (1, Drone)] }) }
2025-02-10 20:38:48 [WARN] [rustastic_drone::drone] └─>[33m!!![0m Fragment was added to the [ Drone 3 ] buffer
2025-02-10 20:38:48 [INFO] [getdroned::get_droned] Drone 7 received a packet: Packet { routing_header: SourceRoutingHeader { hop_index: 6, hops: [9, 2, 5, 8, 1, 4, 7, 10] }, session_id: 22, pack_type: FloodResponse(FloodResponse { flood_id: 22, path_trace: [(10, Client), (7, Drone), (4, Drone), (1, Drone), (8, Drone), (5, Drone), (2, Drone), (9, Client)] }) }
2025-02-10 20:38:48 [INFO] [rustastic_drone::drone] [32m✓[0m [ Drone 3 ]: was sent a Fragment { index: 1 out of 1, data: 0x7b2254797065526573706f6e7365223a7b226564... + other 43 bytes } packet to [ Drone 17 ]
2025-02-10 20:38:48 [INFO] [getdroned::get_droned] Drone 7 received a packet: Packet { routing_header: SourceRoutingHeader { hop_index: 0, hops: [] }, session_id: 36, pack_type: FloodRequest(FloodRequest { flood_id: 15, initiator_id: 12, path_trace: [(12, Client), (6, Drone), (9, Client), (2, Drone), (5, Drone), (8, Drone), (1, Drone), (4, Drone)] }) }
2025-02-10 20:38:48 [INFO] [rustastic_drone::drone] [32m✓[0m [ Drone 3 ]: has received the packet Packet { routing_header: SourceRoutingHeader { hop_index: 2, hops: [9, 6, 3, 15, 8, 0] }, session_id: 8, pack_type: FloodResponse(FloodResponse { flood_id: 8, path_trace: [(0, Client), (8, Drone), (15, Server), (3, Drone), (6, Drone), (9, Client)] }) }
2025-02-10 20:38:48 [INFO] [rustastic_drone::drone] [32m✓[0m Packet with [ session_id: 8 ] is being handled from [ Drone 3 ]
2025-02-10 20:38:48 [INFO] [rustastic_drone::drone] [32m✓[0m [ Drone 3 ]: sent a FloodResponse with flood_id: 8 to [ Drone 15 ]
2025-02-10 20:38:48 [INFO] [rustastic_drone::drone] [32m✓[0m [ Drone 3 ]: has received the packet Packet { routing_header: SourceRoutingHeader { hop_index: 0, hops: [] }, session_id: 11, pack_type: FloodRequest(FloodRequest { flood_id: 2, initiator_id: 18, path_trace: [(18, Server), (4, Drone), (1, Drone), (8, Drone), (5, Drone), (2, Drone), (9, Client), (6, Drone)] }) }
2025-02-10 20:38:48 [INFO] [rustastic_drone::drone] [32m✓[0m [ Drone 3 ]: sent the FloodRequest with flood_id: 2 sent to [ Drone 15 ]
2025-02-10 20:38:48 [INFO] [rustastic_drone::drone] [32m✓[0m [ Drone 3 ]: sent a FloodRequest with flood_id: 2 to the [ Drone 15 ]
2025-02-10 20:38:48 [INFO] [rustastic_drone::drone] [32m✓[0m [ Drone 3 ]: sent the FloodRequest with flood_id: 2 sent to [ Drone 17 ]
2025-02-10 20:38:48 [INFO] [rustastic_drone::drone] [32m✓[0m [ Drone 3 ]: sent a FloodRequest with flood_id: 2 to the [ Drone 17 ]
2025-02-10 20:38:48 [INFO] [rustastic_drone::drone] [32m✓[0m [ Drone 3 ]: sent the FloodRequest with flood_id: 2 sent to [ Drone 12 ]
2025-02-10 20:38:48 [INFO] [rust_do_it::drone] Drone 4 received packet Packet { routing_header: SourceRoutingHeader { hop_index: 3, hops: [17, 8, 1, 4, 7, 10] }, session_id: 13, pack_type: MsgFragment(Fragment { fragment_index: 0, total_n_fragments: 1, length: 27, data: [123, 34, 84, 121, 112, 101, 82, 101, 113, 117, 101, 115, 116, 34, 58, 123, 34, 102, 114, 111, 109, 34, 58, 49, 55, 125, 125, 0, 0, 0, 0, 0, 0, 0, 0, 0, 0, 0, 0, 0, 0, 0, 0, 0, 0, 0, 0, 0, 0, 0, 0, 0, 0, 0, 0, 0, 0, 0, 0, 0, 0, 0, 0, 0, 0, 0, 0, 0, 0, 0, 0, 0, 0, 0, 0, 0, 0, 0, 0, 0, 0, 0, 0, 0, 0, 0, 0, 0, 0, 0, 0, 0, 0, 0, 0, 0, 0, 0, 0, 0, 0, 0, 0, 0, 0, 0, 0, 0, 0, 0, 0, 0, 0, 0, 0, 0, 0, 0, 0, 0, 0, 0, 0, 0, 0, 0, 0, 0] }) }
2025-02-10 20:38:48 [INFO] [rustastic_drone::drone] [32m✓[0m [ Drone 3 ]: sent a FloodRequest with flood_id: 2 to the [ Drone 12 ]
2025-02-10 20:38:48 [INFO] [rustastic_drone::drone] [32m✓[0m [ Drone 3 ]: sent the FloodRequest with flood_id: 2 sent to [ Drone 10 ]
2025-02-10 20:38:48 [INFO] [rustastic_drone::drone] [32m✓[0m [ Drone 3 ]: sent a FloodRequest with flood_id: 2 to the [ Drone 10 ]
2025-02-10 20:38:48 [INFO] [getdroned::get_droned] Drone 7 received a packet: Packet { routing_header: SourceRoutingHeader { hop_index: 4, hops: [17, 8, 1, 4, 7, 10] }, session_id: 13, pack_type: MsgFragment(Fragment { fragment_index: 0, total_n_fragments: 1, length: 27, data: [123, 34, 84, 121, 112, 101, 82, 101, 113, 117, 101, 115, 116, 34, 58, 123, 34, 102, 114, 111, 109, 34, 58, 49, 55, 125, 125, 0, 0, 0, 0, 0, 0, 0, 0, 0, 0, 0, 0, 0, 0, 0, 0, 0, 0, 0, 0, 0, 0, 0, 0, 0, 0, 0, 0, 0, 0, 0, 0, 0, 0, 0, 0, 0, 0, 0, 0, 0, 0, 0, 0, 0, 0, 0, 0, 0, 0, 0, 0, 0, 0, 0, 0, 0, 0, 0, 0, 0, 0, 0, 0, 0, 0, 0, 0, 0, 0, 0, 0, 0, 0, 0, 0, 0, 0, 0, 0, 0, 0, 0, 0, 0, 0, 0, 0, 0, 0, 0, 0, 0, 0, 0, 0, 0, 0, 0, 0, 0] }) }
2025-02-10 20:38:48 [INFO] [rustastic_drone::drone] [32m✓[0m [ Drone 3 ]: has received the packet Packet { routing_header: SourceRoutingHeader { hop_index: 2, hops: [9, 6, 3, 17, 8, 5, 14] }, session_id: 9, pack_type: Ack(Ack { fragment_index: 0 }) }
2025-02-10 20:38:48 [INFO] [rustastic_drone::drone] [32m✓[0m Packet with [ session_id: 9 ] is being handled from [ Drone 3 ]
2025-02-10 20:38:48 [INFO] [rustastic_drone::drone] [34mi[0m [ Drone 3 ]: received a Ack(0)
2025-02-10 20:38:48 [INFO] [rustastic_drone::drone] [32m✓[0m [ Drone 3 ]: was sent a Ack(0) packet to [ Drone 17 ]
2025-02-10 20:38:48 [INFO] [rustastic_drone::drone] [32m✓[0m [ Drone 3 ]: has received the packet Packet { routing_header: SourceRoutingHeader { hop_index: 5, hops: [16, 4, 1, 8, 17, 3, 6, 9] }, session_id: 8, pack_type: MsgFragment(Fragment { fragment_index: 0, total_n_fragments: 1, length: 27, data: [123, 34, 84, 121, 112, 101, 82, 101, 113, 117, 101, 115, 116, 34, 58, 123, 34, 102, 114, 111, 109, 34, 58, 49, 54, 125, 125, 0, 0, 0, 0, 0, 0, 0, 0, 0, 0, 0, 0, 0, 0, 0, 0, 0, 0, 0, 0, 0, 0, 0, 0, 0, 0, 0, 0, 0, 0, 0, 0, 0, 0, 0, 0, 0, 0, 0, 0, 0, 0, 0, 0, 0, 0, 0, 0, 0, 0, 0, 0, 0, 0, 0, 0, 0, 0, 0, 0, 0, 0, 0, 0, 0, 0, 0, 0, 0, 0, 0, 0, 0, 0, 0, 0, 0, 0, 0, 0, 0, 0, 0, 0, 0, 0, 0, 0, 0, 0, 0, 0, 0, 0, 0, 0, 0, 0, 0, 0, 0] }) }
2025-02-10 20:38:48 [INFO] [rustastic_drone::drone] [32m✓[0m Packet with [ session_id: 8 ] is being handled from [ Drone 3 ]
2025-02-10 20:38:48 [INFO] [rustastic_drone::drone] [32m✓[0m [ Drone 3 ]: forwarded the the fragment [ fragment_index: 0 ] of the Packet [ session_id: 8 ]
2025-02-10 20:38:48 [WARN] [rustastic_drone::drone] └─>[33m!!![0m Fragment was added to the [ Drone 3 ] buffer
2025-02-10 20:38:48 [INFO] [rustastic_drone::drone] [32m✓[0m [ Drone 3 ]: was sent a Fragment { index: 1 out of 1, data: 0x7b225479706552657175657374223a7b2266726f... + other 7 bytes } packet to [ Drone 6 ]
2025-02-10 20:38:48 [INFO] [rust_do_it::drone] Drone 4 received packet Packet { routing_header: SourceRoutingHeader { hop_index: 5, hops: [12, 3, 15, 8, 1, 4, 16] }, session_id: 0, pack_type: FloodResponse(FloodResponse { flood_id: 0, path_trace: [(16, Server), (4, Drone), (1, Drone), (8, Drone), (15, Server), (3, Drone), (12, Client)] }) }
2025-02-10 20:38:48 [INFO] [rustastic_drone::drone] [32m✓[0m [ Drone 3 ]: has received the packet Packet { routing_header: SourceRoutingHeader { hop_index: 0, hops: [] }, session_id: 11, pack_type: FloodRequest(FloodRequest { flood_id: 2, initiator_id: 18, path_trace: [(18, Server), (4, Drone), (1, Drone), (8, Drone), (15, Server)] }) }
2025-02-10 20:38:48 [INFO] [rustastic_drone::drone] [32m✓[0m [ Drone 3 ]: sent the FloodResponse to [ Drone 15 ]
└─>Reason: [33m!!![0m [ Drone 3 ]: has already received a FloodRequest with flood_id: 2
2025-02-10 20:38:48 [INFO] [rustastic_drone::drone] [32m✓[0m [ Drone 3 ]: has received the packet Packet { routing_header: SourceRoutingHeader { hop_index: 3, hops: [2, 9, 6, 3, 15] }, session_id: 8, pack_type: FloodResponse(FloodResponse { flood_id: 1, path_trace: [(15, Server), (3, Drone), (6, Drone), (9, Client), (2, Drone)] }) }
2025-02-10 20:38:48 [INFO] [rustastic_drone::drone] [32m✓[0m Packet with [ session_id: 8 ] is being handled from [ Drone 3 ]
2025-02-10 20:38:48 [INFO] [rustastic_drone::drone] [32m✓[0m [ Drone 3 ]: sent a FloodResponse with flood_id: 1 to [ Drone 15 ]
2025-02-10 20:38:48 [INFO] [rustastic_drone::drone] [32m✓[0m [ Drone 3 ]: has received the packet Packet { routing_header: SourceRoutingHeader { hop_index: 3, hops: [2, 9, 6, 3, 10] }, session_id: 47, pack_type: FloodResponse(FloodResponse { flood_id: 22, path_trace: [(10, Client), (3, Drone), (6, Drone), (9, Client), (2, Drone)] }) }
2025-02-10 20:38:48 [INFO] [rustastic_drone::drone] [32m✓[0m Packet with [ session_id: 47 ] is being handled from [ Drone 3 ]
2025-02-10 20:38:48 [INFO] [rustastic_drone::drone] [32m✓[0m [ Drone 3 ]: sent a FloodResponse with flood_id: 22 to [ Drone 10 ]
2025-02-10 20:38:48 [INFO] [rustastic_drone::drone] [32m✓[0m [ Drone 3 ]: has received the packet Packet { routing_header: SourceRoutingHeader { hop_index: 2, hops: [9, 6, 3, 17, 8, 1, 4, 16] }, session_id: 8, pack_type: Ack(Ack { fragment_index: 0 }) }
2025-02-10 20:38:48 [INFO] [rustastic_drone::drone] [32m✓[0m Packet with [ session_id: 8 ] is being handled from [ Drone 3 ]
2025-02-10 20:38:48 [INFO] [rustastic_drone::drone] [34mi[0m [ Drone 3 ]: received a Ack(0)
2025-02-10 20:38:48 [INFO] [rustastic_drone::drone] [32m✓[0m [ Drone 3 ]: was sent a Ack(0) packet to [ Drone 17 ]
2025-02-10 20:38:48 [INFO] [rust_do_it::drone] Drone 4 received packet Packet { routing_header: SourceRoutingHeader { hop_index: 1, hops: [16, 4, 1, 8, 17, 3, 10] }, session_id: 13, pack_type: MsgFragment(Fragment { fragment_index: 0, total_n_fragments: 1, length: 27, data: [123, 34, 84, 121, 112, 101, 82, 101, 113, 117, 101, 115, 116, 34, 58, 123, 34, 102, 114, 111, 109, 34, 58, 49, 54, 125, 125, 0, 0, 0, 0, 0, 0, 0, 0, 0, 0, 0, 0, 0, 0, 0, 0, 0, 0, 0, 0, 0, 0, 0, 0, 0, 0, 0, 0, 0, 0, 0, 0, 0, 0, 0, 0, 0, 0, 0, 0, 0, 0, 0, 0, 0, 0, 0, 0, 0, 0, 0, 0, 0, 0, 0, 0, 0, 0, 0, 0, 0, 0, 0, 0, 0, 0, 0, 0, 0, 0, 0, 0, 0, 0, 0, 0, 0, 0, 0, 0, 0, 0, 0, 0, 0, 0, 0, 0, 0, 0, 0, 0, 0, 0, 0, 0, 0, 0, 0, 0, 0] }) }
2025-02-10 20:38:48 [INFO] [getdroned::get_droned] Drone 7 received a packet: Packet { routing_header: SourceRoutingHeader { hop_index: 0, hops: [] }, session_id: 36, pack_type: FloodRequest(FloodRequest { flood_id: 15, initiator_id: 12, path_trace: [(12, Client), (6, Drone), (9, Client), (2, Drone), (5, Drone), (8, Drone), (1, Drone), (4, Drone), (16, Server)] }) }
2025-02-10 20:38:48 [INFO] [getdroned::get_droned] Drone 7 received a packet: Packet { routing_header: SourceRoutingHeader { hop_index: 1, hops: [16, 7, 4, 1, 8, 5, 2, 9, 6, 12] }, session_id: 15, pack_type: FloodResponse(FloodResponse { flood_id: 15, path_trace: [(12, Client), (6, Drone), (9, Client), (2, Drone), (5, Drone), (8, Drone), (1, Drone), (4, Drone), (7, Drone), (16, Server)] }) }
2025-02-10 20:38:48 [INFO] [rustastic_drone::drone] [32m✓[0m [ Drone 3 ]: has received the packet Packet { routing_header: SourceRoutingHeader { hop_index: 3, hops: [2, 11, 6, 3, 15] }, session_id: 1, pack_type: FloodResponse(FloodResponse { flood_id: 0, path_trace: [(15, Server), (3, Drone), (6, Drone), (11, Client), (2, Drone)] }) }
2025-02-10 20:38:48 [INFO] [rustastic_drone::drone] [32m✓[0m Packet with [ session_id: 1 ] is being handled from [ Drone 3 ]
2025-02-10 20:38:48 [INFO] [rustastic_drone::drone] [32m✓[0m [ Drone 3 ]: sent a FloodResponse with flood_id: 0 to [ Drone 15 ]
2025-02-10 20:38:48 [INFO] [rustastic_drone::drone] [32m✓[0m [ Drone 3 ]: has received the packet Packet { routing_header: SourceRoutingHeader { hop_index: 3, hops: [2, 11, 6, 3, 17] }, session_id: 7, pack_type: FloodResponse(FloodResponse { flood_id: 1, path_trace: [(17, Server), (3, Drone), (6, Drone), (11, Client), (2, Drone)] }) }
2025-02-10 20:38:48 [INFO] [rustastic_drone::drone] [32m✓[0m Packet with [ session_id: 7 ] is being handled from [ Drone 3 ]
2025-02-10 20:38:48 [INFO] [rustastic_drone::drone] [32m✓[0m [ Drone 3 ]: sent a FloodResponse with flood_id: 1 to [ Drone 17 ]
2025-02-10 20:38:48 [INFO] [rustastic_drone::drone] [32m✓[0m [ Drone 3 ]: has received the packet Packet { routing_header: SourceRoutingHeader { hop_index: 2, hops: [11, 6, 3, 15, 8, 0] }, session_id: 8, pack_type: FloodResponse(FloodResponse { flood_id: 8, path_trace: [(0, Client), (8, Drone), (15, Server), (3, Drone), (6, Drone), (11, Client)] }) }
2025-02-10 20:38:48 [INFO] [rustastic_drone::drone] [32m✓[0m Packet with [ session_id: 8 ] is being handled from [ Drone 3 ]
2025-02-10 20:38:48 [INFO] [rustastic_drone::drone] [32m✓[0m [ Drone 3 ]: sent a FloodResponse with flood_id: 8 to [ Drone 15 ]
2025-02-10 20:38:48 [INFO] [rustastic_drone::drone] [32m✓[0m [ Drone 3 ]: has received the packet Packet { routing_header: SourceRoutingHeader { hop_index: 0, hops: [] }, session_id: 63, pack_type: FloodRequest(FloodRequest { flood_id: 3, initiator_id: 11, path_trace: [(11, Client), (6, Drone)] }) }
2025-02-10 20:38:48 [INFO] [rustastic_drone::drone] [32m✓[0m [ Drone 3 ]: sent the FloodRequest with flood_id: 3 sent to [ Drone 15 ]
2025-02-10 20:38:48 [INFO] [rustastic_drone::drone] [32m✓[0m [ Drone 3 ]: sent a FloodRequest with flood_id: 3 to the [ Drone 15 ]
2025-02-10 20:38:48 [INFO] [rustastic_drone::drone] [32m✓[0m [ Drone 3 ]: sent the FloodRequest with flood_id: 3 sent to [ Drone 17 ]
2025-02-10 20:38:48 [INFO] [rustastic_drone::drone] [32m✓[0m [ Drone 3 ]: sent a FloodRequest with flood_id: 3 to the [ Drone 17 ]
2025-02-10 20:38:48 [INFO] [rustastic_drone::drone] [32m✓[0m [ Drone 3 ]: sent the FloodRequest with flood_id: 3 sent to [ Drone 12 ]
2025-02-10 20:38:48 [INFO] [rustastic_drone::drone] [32m✓[0m [ Drone 3 ]: sent a FloodRequest with flood_id: 3 to the [ Drone 12 ]
2025-02-10 20:38:48 [INFO] [rustastic_drone::drone] [32m✓[0m [ Drone 3 ]: sent the FloodRequest with flood_id: 3 sent to [ Drone 10 ]
2025-02-10 20:38:48 [INFO] [rustastic_drone::drone] [32m✓[0m [ Drone 3 ]: sent a FloodRequest with flood_id: 3 to the [ Drone 10 ]
2025-02-10 20:38:48 [INFO] [rustastic_drone::drone] [32m✓[0m [ Drone 3 ]: has received the packet Packet { routing_header: SourceRoutingHeader { hop_index: 1, hops: [15, 3, 6, 12] }, session_id: 15, pack_type: MsgFragment(Fragment { fragment_index: 0, total_n_fragments: 1, length: 27, data: [123, 34, 84, 121, 112, 101, 82, 101, 113, 117, 101, 115, 116, 34, 58, 123, 34, 102, 114, 111, 109, 34, 58, 49, 53, 125, 125, 0, 0, 0, 0, 0, 0, 0, 0, 0, 0, 0, 0, 0, 0, 0, 0, 0, 0, 0, 0, 0, 0, 0, 0, 0, 0, 0, 0, 0, 0, 0, 0, 0, 0, 0, 0, 0, 0, 0, 0, 0, 0, 0, 0, 0, 0, 0, 0, 0, 0, 0, 0, 0, 0, 0, 0, 0, 0, 0, 0, 0, 0, 0, 0, 0, 0, 0, 0, 0, 0, 0, 0, 0, 0, 0, 0, 0, 0, 0, 0, 0, 0, 0, 0, 0, 0, 0, 0, 0, 0, 0, 0, 0, 0, 0, 0, 0, 0, 0, 0, 0] }) }
2025-02-10 20:38:48 [INFO] [rustastic_drone::drone] [32m✓[0m Packet with [ session_id: 15 ] is being handled from [ Drone 3 ]
2025-02-10 20:38:48 [INFO] [rustastic_drone::drone] [32m✓[0m [ Drone 3 ]: forwarded the the fragment [ fragment_index: 0 ] of the Packet [ session_id: 15 ]
2025-02-10 20:38:48 [WARN] [rustastic_drone::drone] └─>[33m!!![0m Fragment was added to the [ Drone 3 ] buffer
2025-02-10 20:38:48 [INFO] [rustastic_drone::drone] [32m✓[0m [ Drone 3 ]: was sent a Fragment { index: 1 out of 1, data: 0x7b225479706552657175657374223a7b2266726f... + other 7 bytes } packet to [ Drone 6 ]
2025-02-10 20:38:48 [INFO] [rustastic_drone::drone] [32m✓[0m [ Drone 3 ]: has received the packet Packet { routing_header: SourceRoutingHeader { hop_index: 5, hops: [18, 4, 1, 8, 15, 3, 6, 9] }, session_id: 12, pack_type: MsgFragment(Fragment { fragment_index: 0, total_n_fragments: 1, length: 27, data: [123, 34, 84, 121, 112, 101, 82, 101, 113, 117, 101, 115, 116, 34, 58, 123, 34, 102, 114, 111, 109, 34, 58, 49, 56, 125, 125, 0, 0, 0, 0, 0, 0, 0, 0, 0, 0, 0, 0, 0, 0, 0, 0, 0, 0, 0, 0, 0, 0, 0, 0, 0, 0, 0, 0, 0, 0, 0, 0, 0, 0, 0, 0, 0, 0, 0, 0, 0, 0, 0, 0, 0, 0, 0, 0, 0, 0, 0, 0, 0, 0, 0, 0, 0, 0, 0, 0, 0, 0, 0, 0, 0, 0, 0, 0, 0, 0, 0, 0, 0, 0, 0, 0, 0, 0, 0, 0, 0, 0, 0, 0, 0, 0, 0, 0, 0, 0, 0, 0, 0, 0, 0, 0, 0, 0, 0, 0, 0] }) }
2025-02-10 20:38:48 [INFO] [rustastic_drone::drone] [32m✓[0m Packet with [ session_id: 12 ] is being handled from [ Drone 3 ]
2025-02-10 20:38:48 [INFO] [rustastic_drone::drone] [32m✓[0m [ Drone 3 ]: forwarded the the fragment [ fragment_index: 0 ] of the Packet [ session_id: 12 ]
2025-02-10 20:38:48 [WARN] [rustastic_drone::drone] └─>[33m!!![0m Fragment was added to the [ Drone 3 ] buffer
2025-02-10 20:38:48 [INFO] [rustastic_drone::drone] [32m✓[0m [ Drone 3 ]: was sent a Fragment { index: 1 out of 1, data: 0x7b225479706552657175657374223a7b2266726f... + other 7 bytes } packet to [ Drone 6 ]
2025-02-10 20:38:48 [INFO] [rust_do_it::drone] Drone 4 received packet Packet { routing_header: SourceRoutingHeader { hop_index: 2, hops: [16, 7, 4, 1, 8, 5, 2, 9, 6, 12] }, session_id: 15, pack_type: FloodResponse(FloodResponse { flood_id: 15, path_trace: [(12, Client), (6, Drone), (9, Client), (2, Drone), (5, Drone), (8, Drone), (1, Drone), (4, Drone), (7, Drone), (16, Server)] }) }
2025-02-10 20:38:48 [INFO] [rustastic_drone::drone] [32m✓[0m [ Drone 3 ]: has received the packet Packet { routing_header: SourceRoutingHeader { hop_index: 2, hops: [9, 6, 3, 10, 7, 16] }, session_id: 10, pack_type: MsgFragment(Fragment { fragment_index: 0, total_n_fragments: 1, length: 63, data: [123, 34, 84, 121, 112, 101, 82, 101, 115, 112, 111, 110, 115, 101, 34, 58, 123, 34, 101, 100, 103, 101, 95, 116, 121, 112, 101, 34, 58, 123, 34, 67, 108, 105, 101, 110, 116, 34, 58, 34, 67, 104, 97, 116, 67, 108, 105, 101, 110, 116, 34, 125, 44, 34, 102, 114, 111, 109, 34, 58, 57, 125, 125, 0, 0, 0, 0, 0, 0, 0, 0, 0, 0, 0, 0, 0, 0, 0, 0, 0, 0, 0, 0, 0, 0, 0, 0, 0, 0, 0, 0, 0, 0, 0, 0, 0, 0, 0, 0, 0, 0, 0, 0, 0, 0, 0, 0, 0, 0, 0, 0, 0, 0, 0, 0, 0, 0, 0, 0, 0, 0, 0, 0, 0, 0, 0, 0, 0] }) }
2025-02-10 20:38:48 [INFO] [rustastic_drone::drone] [32m✓[0m Packet with [ session_id: 10 ] is being handled from [ Drone 3 ]
2025-02-10 20:38:48 [INFO] [rustastic_drone::drone] [32m✓[0m [ Drone 3 ]: forwarded the the fragment [ fragment_index: 0 ] of the Packet [ session_id: 10 ]
2025-02-10 20:38:48 [WARN] [rustastic_drone::drone] └─>[33m!!![0m Fragment was added to the [ Drone 3 ] buffer
2025-02-10 20:38:48 [INFO] [rustastic_drone::drone] [32m✓[0m [ Drone 3 ]: was sent a Fragment { index: 1 out of 1, data: 0x7b2254797065526573706f6e7365223a7b226564... + other 43 bytes } packet to [ Drone 10 ]
2025-02-10 20:38:48 [INFO] [rustastic_drone::drone] [32m✓[0m [ Drone 3 ]: has received the packet Packet { routing_header: SourceRoutingHeader { hop_index: 0, hops: [] }, session_id: 53, pack_type: FloodRequest(FloodRequest { flood_id: 16, initiator_id: 11, path_trace: [(11, Client), (6, Drone)] }) }
2025-02-10 20:38:48 [INFO] [rustastic_drone::drone] [32m✓[0m [ Drone 3 ]: sent the FloodRequest with flood_id: 16 sent to [ Drone 15 ]
2025-02-10 20:38:48 [INFO] [rustastic_drone::drone] [32m✓[0m [ Drone 3 ]: sent a FloodRequest with flood_id: 16 to the [ Drone 15 ]
2025-02-10 20:38:48 [INFO] [rustastic_drone::drone] [32m✓[0m [ Drone 3 ]: sent the FloodRequest with flood_id: 16 sent to [ Drone 17 ]
2025-02-10 20:38:48 [INFO] [rustastic_drone::drone] [32m✓[0m [ Drone 3 ]: sent a FloodRequest with flood_id: 16 to the [ Drone 17 ]
2025-02-10 20:38:48 [INFO] [rustastic_drone::drone] [32m✓[0m [ Drone 3 ]: sent the FloodRequest with flood_id: 16 sent to [ Drone 12 ]
2025-02-10 20:38:48 [INFO] [rustastic_drone::drone] [32m✓[0m [ Drone 3 ]: sent a FloodRequest with flood_id: 16 to the [ Drone 12 ]
2025-02-10 20:38:48 [INFO] [rustastic_drone::drone] [32m✓[0m [ Drone 3 ]: sent the FloodRequest with flood_id: 16 sent to [ Drone 10 ]
2025-02-10 20:38:48 [INFO] [rustastic_drone::drone] [32m✓[0m [ Drone 3 ]: sent a FloodRequest with flood_id: 16 to the [ Drone 10 ]
2025-02-10 20:38:48 [INFO] [rust_do_it::drone] Drone 4 received packet Packet { routing_header: SourceRoutingHeader { hop_index: 3, hops: [8, 0, 1, 4, 16] }, session_id: 1, pack_type: FloodResponse(FloodResponse { flood_id: 0, path_trace: [(16, Server), (4, Drone), (1, Drone), (0, Client), (8, Drone)] }) }
2025-02-10 20:38:48 [INFO] [rust_do_it::drone] Drone 4 received packet Packet { routing_header: SourceRoutingHeader { hop_index: 3, hops: [8, 0, 1, 4, 18] }, session_id: 1, pack_type: FloodResponse(FloodResponse { flood_id: 0, path_trace: [(18, Server), (4, Drone), (1, Drone), (0, Client), (8, Drone)] }) }
2025-02-10 20:38:48 [INFO] [rust_do_it::drone] Drone 4 received packet Packet { routing_header: SourceRoutingHeader { hop_index: 3, hops: [8, 0, 1, 4, 18] }, session_id: 6, pack_type: FloodResponse(FloodResponse { flood_id: 1, path_trace: [(18, Server), (4, Drone), (1, Drone), (0, Client), (8, Drone)] }) }
2025-02-10 20:38:48 [INFO] [getdroned::get_droned] Drone 7 received a packet: Packet { routing_header: SourceRoutingHeader { hop_index: 0, hops: [] }, session_id: 36, pack_type: FloodRequest(FloodRequest { flood_id: 15, initiator_id: 12, path_trace: [(12, Client), (6, Drone), (9, Client), (2, Drone), (5, Drone), (8, Drone), (1, Drone), (4, Drone), (18, Server)] }) }
2025-02-10 20:38:48 [INFO] [getdroned::get_droned] Drone 7 received a packet: Packet { routing_header: SourceRoutingHeader { hop_index: 1, hops: [18, 7, 4, 1, 8, 5, 2, 9, 6, 12] }, session_id: 15, pack_type: FloodResponse(FloodResponse { flood_id: 15, path_trace: [(12, Client), (6, Drone), (9, Client), (2, Drone), (5, Drone), (8, Drone), (1, Drone), (4, Drone), (7, Drone), (18, Server)] }) }
2025-02-10 20:38:48 [INFO] [rust_do_it::drone] Drone 4 received packet Packet { routing_header: SourceRoutingHeader { hop_index: 0, hops: [] }, session_id: 33, pack_type: FloodRequest(FloodRequest { flood_id: 33, initiator_id: 0, path_trace: [(0, Client), (1, Drone)] }) }
2025-02-10 20:38:48 [INFO] [getdroned::get_droned] Drone 7 received a packet: Packet { routing_header: SourceRoutingHeader { hop_index: 0, hops: [] }, session_id: 35, pack_type: FloodRequest(FloodRequest { flood_id: 2, initiator_id: 11, path_trace: [(11, Client), (6, Drone), (3, Drone), (10, Client)] }) }
2025-02-10 20:38:48 [INFO] [rust_do_it::drone] Drone 4 received packet Packet { routing_header: SourceRoutingHeader { hop_index: 0, hops: [] }, session_id: 57, pack_type: FloodRequest(FloodRequest { flood_id: 4, initiator_id: 0, path_trace: [(0, Client), (1, Drone)] }) }
2025-02-10 20:38:48 [INFO] [getdroned::get_droned] Drone 7 received a packet: Packet { routing_header: SourceRoutingHeader { hop_index: 2, hops: [3, 10, 7, 4, 1, 8, 5, 14] }, session_id: 1, pack_type: FloodResponse(FloodResponse { flood_id: 0, path_trace: [(14, Server), (5, Drone), (8, Drone), (1, Drone), (4, Drone), (7, Drone), (10, Client), (3, Drone)] }) }
2025-02-10 20:38:48 [INFO] [rust_do_it::drone] Drone 4 received packet Packet { routing_header: SourceRoutingHeader { hop_index: 3, hops: [0, 8, 1, 4, 7, 10] }, session_id: 22, pack_type: FloodResponse(FloodResponse { flood_id: 22, path_trace: [(10, Client), (7, Drone), (4, Drone), (1, Drone), (8, Drone), (0, Client)] }) }
2025-02-10 20:38:48 [INFO] [getdroned::get_droned] Drone 7 received a packet: Packet { routing_header: SourceRoutingHeader { hop_index: 1, hops: [10, 7, 4, 1, 8, 5, 2, 11] }, session_id: 2, pack_type: FloodResponse(FloodResponse { flood_id: 2, path_trace: [(11, Client), (2, Drone), (5, Drone), (8, Drone), (1, Drone), (4, Drone), (7, Drone), (10, Client)] }) }
2025-02-10 20:38:48 [INFO] [rust_do_it::drone] Drone 4 received packet Packet { routing_header: SourceRoutingHeader { hop_index: 6, hops: [6, 11, 2, 5, 8, 1, 4, 16] }, session_id: 1, pack_type: FloodResponse(FloodResponse { flood_id: 0, path_trace: [(16, Server), (4, Drone), (1, Drone), (8, Drone), (5, Drone), (2, Drone), (11, Client), (6, Drone)] }) }
2025-02-10 20:38:48 [INFO] [getdroned::get_droned] Drone 7 received a packet: Packet { routing_header: SourceRoutingHeader { hop_index: 2, hops: [3, 10, 7, 16] }, session_id: 1, pack_type: FloodResponse(FloodResponse { flood_id: 0, path_trace: [(16, Server), (7, Drone), (10, Client), (3, Drone)] }) }
2025-02-10 20:38:48 [INFO] [rust_do_it::drone] Drone 4 received packet Packet { routing_header: SourceRoutingHeader { hop_index: 6, hops: [6, 11, 2, 5, 8, 1, 4, 18] }, session_id: 1, pack_type: FloodResponse(FloodResponse { flood_id: 0, path_trace: [(18, Server), (4, Drone), (1, Drone), (8, Drone), (5, Drone), (2, Drone), (11, Client), (6, Drone)] }) }
2025-02-10 20:38:48 [INFO] [getdroned::get_droned] Drone 7 received a packet: Packet { routing_header: SourceRoutingHeader { hop_index: 2, hops: [3, 10, 7, 18] }, session_id: 1, pack_type: FloodResponse(FloodResponse { flood_id: 0, path_trace: [(18, Server), (7, Drone), (10, Client), (3, Drone)] }) }
2025-02-10 20:38:48 [INFO] [rust_do_it::drone] Drone 4 received packet Packet { routing_header: SourceRoutingHeader { hop_index: 6, hops: [6, 11, 2, 5, 8, 1, 4, 18] }, session_id: 6, pack_type: FloodResponse(FloodResponse { flood_id: 1, path_trace: [(18, Server), (4, Drone), (1, Drone), (8, Drone), (5, Drone), (2, Drone), (11, Client), (6, Drone)] }) }
2025-02-10 20:38:48 [INFO] [getdroned::get_droned] Drone 7 received a packet: Packet { routing_header: SourceRoutingHeader { hop_index: 2, hops: [3, 10, 7, 4, 1, 8, 17] }, session_id: 1, pack_type: FloodResponse(FloodResponse { flood_id: 0, path_trace: [(17, Server), (8, Drone), (1, Drone), (4, Drone), (7, Drone), (10, Client), (3, Drone)] }) }
2025-02-10 20:38:48 [INFO] [rust_do_it::drone] Drone 4 received packet Packet { routing_header: SourceRoutingHeader { hop_index: 5, hops: [11, 2, 5, 8, 1, 4, 7, 10] }, session_id: 22, pack_type: FloodResponse(FloodResponse { flood_id: 22, path_trace: [(10, Client), (7, Drone), (4, Drone), (1, Drone), (8, Drone), (5, Drone), (2, Drone), (11, Client)] }) }
2025-02-10 20:38:48 [INFO] [getdroned::get_droned] Drone 7 received a packet: Packet { routing_header: SourceRoutingHeader { hop_index: 2, hops: [3, 10, 7, 18] }, session_id: 6, pack_type: FloodResponse(FloodResponse { flood_id: 1, path_trace: [(18, Server), (7, Drone), (10, Client), (3, Drone)] }) }
2025-02-10 20:38:48 [INFO] [getdroned::get_droned] Drone 7 received a packet: Packet { routing_header: SourceRoutingHeader { hop_index: 0, hops: [] }, session_id: 33, pack_type: FloodRequest(FloodRequest { flood_id: 33, initiator_id: 0, path_trace: [(0, Client), (1, Drone), (4, Drone)] }) }
2025-02-10 20:38:48 [INFO] [getdroned::get_droned] Drone 7 received a packet: Packet { routing_header: SourceRoutingHeader { hop_index: 0, hops: [] }, session_id: 57, pack_type: FloodRequest(FloodRequest { flood_id: 4, initiator_id: 0, path_trace: [(0, Client), (1, Drone), (4, Drone)] }) }
2025-02-10 20:38:48 [INFO] [getdroned::get_droned] Drone 7 received a packet: Packet { routing_header: SourceRoutingHeader { hop_index: 4, hops: [0, 8, 1, 4, 7, 10] }, session_id: 22, pack_type: FloodResponse(FloodResponse { flood_id: 22, path_trace: [(10, Client), (7, Drone), (4, Drone), (1, Drone), (8, Drone), (0, Client)] }) }
2025-02-10 20:38:48 [INFO] [getdroned::get_droned] Drone 7 received a packet: Packet { routing_header: SourceRoutingHeader { hop_index: 0, hops: [] }, session_id: 36, pack_type: FloodRequest(FloodRequest { flood_id: 15, initiator_id: 12, path_trace: [(12, Client), (3, Drone), (10, Client)] }) }
2025-02-10 20:38:48 [INFO] [getdroned::get_droned] Drone 7 received a packet: Packet { routing_header: SourceRoutingHeader { hop_index: 6, hops: [11, 2, 5, 8, 1, 4, 7, 10] }, session_id: 22, pack_type: FloodResponse(FloodResponse { flood_id: 22, path_trace: [(10, Client), (7, Drone), (4, Drone), (1, Drone), (8, Drone), (5, Drone), (2, Drone), (11, Client)] }) }
2025-02-10 20:38:48 [INFO] [rustastic_drone::drone] [32m✓[0m [ Drone 3 ]: has received the packet Packet { routing_header: SourceRoutingHeader { hop_index: 2, hops: [7, 10, 3, 15] }, session_id: 1, pack_type: FloodResponse(FloodResponse { flood_id: 0, path_trace: [(15, Server), (3, Drone), (10, Client), (7, Drone)] }) }
2025-02-10 20:38:48 [INFO] [rustastic_drone::drone] [32m✓[0m Packet with [ session_id: 1 ] is being handled from [ Drone 3 ]
2025-02-10 20:38:48 [INFO] [rustastic_drone::drone] [32m✓[0m [ Drone 3 ]: sent a FloodResponse with flood_id: 0 to [ Drone 15 ]
2025-02-10 20:38:48 [INFO] [rustastic_drone::drone] [32m✓[0m [ Drone 3 ]: has received the packet Packet { routing_header: SourceRoutingHeader { hop_index: 2, hops: [7, 10, 3, 17] }, session_id: 7, pack_type: FloodResponse(FloodResponse { flood_id: 1, path_trace: [(17, Server), (3, Drone), (10, Client), (7, Drone)] }) }
2025-02-10 20:38:48 [INFO] [rustastic_drone::drone] [32m✓[0m Packet with [ session_id: 7 ] is being handled from [ Drone 3 ]
2025-02-10 20:38:48 [INFO] [rustastic_drone::drone] [32m✓[0m [ Drone 3 ]: sent a FloodResponse with flood_id: 1 to [ Drone 17 ]
2025-02-10 20:38:48 [INFO] [rustastic_drone::drone] [32m✓[0m [ Drone 3 ]: has received the packet Packet { routing_header: SourceRoutingHeader { hop_index: 0, hops: [] }, session_id: 34, pack_type: FloodRequest(FloodRequest { flood_id: 8, initiator_id: 0, path_trace: [(0, Client), (1, Drone), (4, Drone), (7, Drone), (10, Client)] }) }
2025-02-10 20:38:48 [INFO] [rustastic_drone::drone] [32m✓[0m [ Drone 3 ]: sent the FloodResponse to [ Drone 10 ]
└─>Reason: [33m!!![0m [ Drone 3 ]: has already received a FloodRequest with flood_id: 8
2025-02-10 20:38:48 [INFO] [rustastic_drone::drone] [32m✓[0m [ Drone 3 ]: has received the packet Packet { routing_header: SourceRoutingHeader { hop_index: 3, hops: [4, 7, 10, 3, 15] }, session_id: 8, pack_type: FloodResponse(FloodResponse { flood_id: 1, path_trace: [(15, Server), (3, Drone), (10, Client), (7, Drone), (4, Drone)] }) }
2025-02-10 20:38:48 [INFO] [rustastic_drone::drone] [32m✓[0m Packet with [ session_id: 8 ] is being handled from [ Drone 3 ]
2025-02-10 20:38:48 [INFO] [rustastic_drone::drone] [32m✓[0m [ Drone 3 ]: sent a FloodResponse with flood_id: 1 to [ Drone 15 ]
2025-02-10 20:38:48 [INFO] [rustastic_drone::drone] [32m✓[0m [ Drone 3 ]: has received the packet Packet { routing_header: SourceRoutingHeader { hop_index: 1, hops: [10, 3, 15, 8, 0] }, session_id: 8, pack_type: FloodResponse(FloodResponse { flood_id: 8, path_trace: [(0, Client), (8, Drone), (15, Server), (3, Drone), (10, Client)] }) }
2025-02-10 20:38:48 [INFO] [rustastic_drone::drone] [32m✓[0m Packet with [ session_id: 8 ] is being handled from [ Drone 3 ]
2025-02-10 20:38:48 [INFO] [rustastic_drone::drone] [32m✓[0m [ Drone 3 ]: sent a FloodResponse with flood_id: 8 to [ Drone 15 ]
2025-02-10 20:38:48 [INFO] [rustastic_drone::drone] [32m✓[0m [ Drone 3 ]: has received the packet Packet { routing_header: SourceRoutingHeader { hop_index: 3, hops: [16, 7, 10, 3, 6, 9] }, session_id: 19, pack_type: Ack(Ack { fragment_index: 0 }) }
2025-02-10 20:38:48 [INFO] [rustastic_drone::drone] [32m✓[0m Packet with [ session_id: 19 ] is being handled from [ Drone 3 ]
2025-02-10 20:38:48 [INFO] [rustastic_drone::drone] [34mi[0m [ Drone 3 ]: received a Ack(0)
2025-02-10 20:38:48 [INFO] [rustastic_drone::drone] [32m✓[0m [ Drone 3 ]: was sent a Ack(0) packet to [ Drone 6 ]
2025-02-10 20:38:48 [INFO] [rustastic_drone::drone] [32m✓[0m [ Drone 3 ]: has received the packet Packet { routing_header: SourceRoutingHeader { hop_index: 3, hops: [16, 7, 10, 3, 15] }, session_id: 1, pack_type: FloodResponse(FloodResponse { flood_id: 1, path_trace: [(15, Server), (3, Drone), (10, Client), (7, Drone), (16, Server)] }) }
2025-02-10 20:38:48 [INFO] [rustastic_drone::drone] [32m✓[0m Packet with [ session_id: 1 ] is being handled from [ Drone 3 ]
2025-02-10 20:38:48 [INFO] [rustastic_drone::drone] [32m✓[0m [ Drone 3 ]: sent a FloodResponse with flood_id: 1 to [ Drone 15 ]
2025-02-10 20:38:48 [INFO] [rustastic_drone::drone] [32m✓[0m [ Drone 3 ]: has received the packet Packet { routing_header: SourceRoutingHeader { hop_index: 3, hops: [18, 7, 10, 3, 6, 9] }, session_id: 10, pack_type: Ack(Ack { fragment_index: 0 }) }
2025-02-10 20:38:48 [INFO] [rustastic_drone::drone] [32m✓[0m Packet with [ session_id: 10 ] is being handled from [ Drone 3 ]
2025-02-10 20:38:48 [INFO] [rustastic_drone::drone] [34mi[0m [ Drone 3 ]: received a Ack(0)
2025-02-10 20:38:48 [INFO] [rustastic_drone::drone] [32m✓[0m [ Drone 3 ]: was sent a Ack(0) packet to [ Drone 6 ]
2025-02-10 20:38:48 [INFO] [rustastic_drone::drone] [32m✓[0m [ Drone 3 ]: has received the packet Packet { routing_header: SourceRoutingHeader { hop_index: 0, hops: [] }, session_id: 11, pack_type: FloodRequest(FloodRequest { flood_id: 2, initiator_id: 18, path_trace: [(18, Server), (7, Drone), (10, Client)] }) }
2025-02-10 20:38:48 [INFO] [rustastic_drone::drone] [32m✓[0m [ Drone 3 ]: sent the FloodResponse to [ Drone 10 ]
└─>Reason: [33m!!![0m [ Drone 3 ]: has already received a FloodRequest with flood_id: 2
2025-02-10 20:38:48 [INFO] [rustastic_drone::drone] [32m✓[0m [ Drone 3 ]: has received the packet Packet { routing_header: SourceRoutingHeader { hop_index: 3, hops: [18, 7, 10, 3, 15] }, session_id: 1, pack_type: FloodResponse(FloodResponse { flood_id: 1, path_trace: [(15, Server), (3, Drone), (10, Client), (7, Drone), (18, Server)] }) }
2025-02-10 20:38:48 [INFO] [rustastic_drone::drone] [32m✓[0m Packet with [ session_id: 1 ] is being handled from [ Drone 3 ]
2025-02-10 20:38:48 [INFO] [rustastic_drone::drone] [32m✓[0m [ Drone 3 ]: sent a FloodResponse with flood_id: 1 to [ Drone 15 ]
2025-02-10 20:38:48 [INFO] [rustastic_drone::drone] [32m✓[0m [ Drone 3 ]: has received the packet Packet { routing_header: SourceRoutingHeader { hop_index: 2, hops: [8, 17, 3, 15] }, session_id: 8, pack_type: FloodResponse(FloodResponse { flood_id: 1, path_trace: [(15, Server), (3, Drone), (17, Server), (8, Drone)] }) }
2025-02-10 20:38:48 [INFO] [rustastic_drone::drone] [32m✓[0m Packet with [ session_id: 8 ] is being handled from [ Drone 3 ]
2025-02-10 20:38:48 [INFO] [rustastic_drone::drone] [32m✓[0m [ Drone 3 ]: sent a FloodResponse with flood_id: 1 to [ Drone 15 ]
2025-02-10 20:38:48 [INFO] [rustastic_drone::drone] [32m✓[0m [ Drone 3 ]: has received the packet Packet { routing_header: SourceRoutingHeader { hop_index: 4, hops: [14, 5, 8, 17, 3, 6, 11] }, session_id: 11, pack_type: MsgFragment(Fragment { fragment_index: 0, total_n_fragments: 1, length: 27, data: [123, 34, 84, 121, 112, 101, 82, 101, 113, 117, 101, 115, 116, 34, 58, 123, 34, 102, 114, 111, 109, 34, 58, 49, 52, 125, 125, 0, 0, 0, 0, 0, 0, 0, 0, 0, 0, 0, 0, 0, 0, 0, 0, 0, 0, 0, 0, 0, 0, 0, 0, 0, 0, 0, 0, 0, 0, 0, 0, 0, 0, 0, 0, 0, 0, 0, 0, 0, 0, 0, 0, 0, 0, 0, 0, 0, 0, 0, 0, 0, 0, 0, 0, 0, 0, 0, 0, 0, 0, 0, 0, 0, 0, 0, 0, 0, 0, 0, 0, 0, 0, 0, 0, 0, 0, 0, 0, 0, 0, 0, 0, 0, 0, 0, 0, 0, 0, 0, 0, 0, 0, 0, 0, 0, 0, 0, 0, 0] }) }
2025-02-10 20:38:48 [INFO] [rustastic_drone::drone] [32m✓[0m Packet with [ session_id: 11 ] is being handled from [ Drone 3 ]
2025-02-10 20:38:48 [INFO] [rustastic_drone::drone] [32m✓[0m [ Drone 3 ]: forwarded the the fragment [ fragment_index: 0 ] of the Packet [ session_id: 11 ]
2025-02-10 20:38:48 [WARN] [rustastic_drone::drone] └─>[33m!!![0m Fragment was added to the [ Drone 3 ] buffer
2025-02-10 20:38:48 [INFO] [rustastic_drone::drone] [32m✓[0m [ Drone 3 ]: was sent a Fragment { index: 1 out of 1, data: 0x7b225479706552657175657374223a7b2266726f... + other 7 bytes } packet to [ Drone 6 ]
2025-02-10 20:38:48 [INFO] [rustastic_drone::drone] [32m✓[0m [ Drone 3 ]: has received the packet Packet { routing_header: SourceRoutingHeader { hop_index: 1, hops: [17, 3, 15, 8, 0] }, session_id: 8, pack_type: FloodResponse(FloodResponse { flood_id: 8, path_trace: [(0, Client), (8, Drone), (15, Server), (3, Drone), (17, Server)] }) }
2025-02-10 20:38:48 [INFO] [rustastic_drone::drone] [32m✓[0m Packet with [ session_id: 8 ] is being handled from [ Drone 3 ]
2025-02-10 20:38:48 [INFO] [rustastic_drone::drone] [32m✓[0m [ Drone 3 ]: sent a FloodResponse with flood_id: 8 to [ Drone 15 ]
2025-02-10 20:38:48 [INFO] [rustastic_drone::drone] [32m✓[0m [ Drone 3 ]: has received the packet Packet { routing_header: SourceRoutingHeader { hop_index: 5, hops: [16, 4, 1, 8, 17, 3, 6, 9] }, session_id: 10, pack_type: MsgFragment(Fragment { fragment_index: 0, total_n_fragments: 1, length: 71, data: [123, 34, 84, 121, 112, 101, 82, 101, 115, 112, 111, 110, 115, 101, 34, 58, 123, 34, 101, 100, 103, 101, 95, 116, 121, 112, 101, 34, 58, 123, 34, 83, 101, 114, 118, 101, 114, 34, 58, 123, 34, 67, 111, 110, 116, 101, 110, 116, 34, 58, 34, 77, 101, 100, 105, 97, 34, 125, 125, 44, 34, 102, 114, 111, 109, 34, 58, 49, 54, 125, 125, 0, 0, 0, 0, 0, 0, 0, 0, 0, 0, 0, 0, 0, 0, 0, 0, 0, 0, 0, 0, 0, 0, 0, 0, 0, 0, 0, 0, 0, 0, 0, 0, 0, 0, 0, 0, 0, 0, 0, 0, 0, 0, 0, 0, 0, 0, 0, 0, 0, 0, 0, 0, 0, 0, 0, 0, 0] }) }
2025-02-10 20:38:48 [INFO] [rustastic_drone::drone] [32m✓[0m Packet with [ session_id: 10 ] is being handled from [ Drone 3 ]
2025-02-10 20:38:48 [INFO] [rustastic_drone::drone] [32m✓[0m [ Drone 3 ]: forwarded the the fragment [ fragment_index: 0 ] of the Packet [ session_id: 10 ]
2025-02-10 20:38:48 [WARN] [rustastic_drone::drone] └─>[33m!!![0m Fragment was added to the [ Drone 3 ] buffer
2025-02-10 20:38:48 [INFO] [rustastic_drone::drone] [32m✓[0m [ Drone 3 ]: was sent a Fragment { index: 1 out of 1, data: 0x7b2254797065526573706f6e7365223a7b226564... + other 51 bytes } packet to [ Drone 6 ]
2025-02-10 20:38:48 [INFO] [rustastic_drone::drone] [32m✓[0m [ Drone 3 ]: has received the packet Packet { routing_header: SourceRoutingHeader { hop_index: 0, hops: [] }, session_id: 11, pack_type: FloodRequest(FloodRequest { flood_id: 2, initiator_id: 18, path_trace: [(18, Server), (4, Drone), (1, Drone), (8, Drone), (17, Server)] }) }
2025-02-10 20:38:48 [INFO] [rustastic_drone::drone] [32m✓[0m [ Drone 3 ]: sent the FloodResponse to [ Drone 17 ]
└─>Reason: [33m!!![0m [ Drone 3 ]: has already received a FloodRequest with flood_id: 2
2025-02-10 20:38:48 [INFO] [rust_do_it::drone] Drone 4 received packet Packet { routing_header: SourceRoutingHeader { hop_index: 0, hops: [] }, session_id: 63, pack_type: FloodRequest(FloodRequest { flood_id: 3, initiator_id: 11, path_trace: [(11, Client), (2, Drone), (5, Drone), (8, Drone), (1, Drone)] }) }
2025-02-10 20:38:48 [INFO] [rust_do_it::drone] Drone 4 received packet Packet { routing_header: SourceRoutingHeader { hop_index: 3, hops: [0, 8, 1, 4, 18] }, session_id: 8, pack_type: Ack(Ack { fragment_index: 0 }) }
2025-02-10 20:38:48 [INFO] [rust_do_it::drone] Drone 4 received packet Packet { routing_header: SourceRoutingHeader { hop_index: 5, hops: [12, 3, 15, 8, 1, 4, 18] }, session_id: 1, pack_type: FloodResponse(FloodResponse { flood_id: 1, path_trace: [(18, Server), (4, Drone), (1, Drone), (8, Drone), (15, Server), (3, Drone), (12, Client)] }) }
2025-02-10 20:38:48 [INFO] [rust_do_it::drone] Drone 4 received packet Packet { routing_header: SourceRoutingHeader { hop_index: 3, hops: [0, 8, 1, 4, 16] }, session_id: 9, pack_type: Ack(Ack { fragment_index: 0 }) }
2025-02-10 20:38:48 [INFO] [rust_do_it::drone] Drone 4 received packet Packet { routing_header: SourceRoutingHeader { hop_index: 1, hops: [18, 4, 1, 8, 15, 3, 10] }, session_id: 15, pack_type: MsgFragment(Fragment { fragment_index: 0, total_n_fragments: 1, length: 27, data: [123, 34, 84, 121, 112, 101, 82, 101, 113, 117, 101, 115, 116, 34, 58, 123, 34, 102, 114, 111, 109, 34, 58, 49, 56, 125, 125, 0, 0, 0, 0, 0, 0, 0, 0, 0, 0, 0, 0, 0, 0, 0, 0, 0, 0, 0, 0, 0, 0, 0, 0, 0, 0, 0, 0, 0, 0, 0, 0, 0, 0, 0, 0, 0, 0, 0, 0, 0, 0, 0, 0, 0, 0, 0, 0, 0, 0, 0, 0, 0, 0, 0, 0, 0, 0, 0, 0, 0, 0, 0, 0, 0, 0, 0, 0, 0, 0, 0, 0, 0, 0, 0, 0, 0, 0, 0, 0, 0, 0, 0, 0, 0, 0, 0, 0, 0, 0, 0, 0, 0, 0, 0, 0, 0, 0, 0, 0, 0] }) }
2025-02-10 20:38:48 [INFO] [rust_do_it::drone] Drone 4 received packet Packet { routing_header: SourceRoutingHeader { hop_index: 0, hops: [] }, session_id: 55, pack_type: FloodRequest(FloodRequest { flood_id: 15, initiator_id: 0, path_trace: [(0, Client), (1, Drone)] }) }
2025-02-10 20:38:48 [INFO] [rust_do_it::drone] Drone 4 received packet Packet { routing_header: SourceRoutingHeader { hop_index: 3, hops: [0, 8, 1, 4, 18] }, session_id: 2, pack_type: FloodResponse(FloodResponse { flood_id: 2, path_trace: [(18, Server), (4, Drone), (1, Drone), (8, Drone), (0, Client)] }) }
2025-02-10 20:38:48 [INFO] [rust_do_it::drone] Drone 4 received packet Packet { routing_header: SourceRoutingHeader { hop_index: 0, hops: [] }, session_id: 53, pack_type: FloodRequest(FloodRequest { flood_id: 16, initiator_id: 11, path_trace: [(11, Client), (2, Drone), (5, Drone), (8, Drone), (1, Drone)] }) }
2025-02-10 20:38:48 [INFO] [rust_do_it::drone] Drone 4 received packet Packet { routing_header: SourceRoutingHeader { hop_index: 2, hops: [18, 7, 4, 1, 8, 5, 2, 9, 6, 12] }, session_id: 15, pack_type: FloodResponse(FloodResponse { flood_id: 15, path_trace: [(12, Client), (6, Drone), (9, Client), (2, Drone), (5, Drone), (8, Drone), (1, Drone), (4, Drone), (7, Drone), (18, Server)] }) }
2025-02-10 20:38:48 [INFO] [rust_do_it::drone] Drone 4 received packet Packet { routing_header: SourceRoutingHeader { hop_index: 1, hops: [16, 4, 1, 8, 17, 3, 12] }, session_id: 14, pack_type: MsgFragment(Fragment { fragment_index: 0, total_n_fragments: 1, length: 27, data: [123, 34, 84, 121, 112, 101, 82, 101, 113, 117, 101, 115, 116, 34, 58, 123, 34, 102, 114, 111, 109, 34, 58, 49, 54, 125, 125, 0, 0, 0, 0, 0, 0, 0, 0, 0, 0, 0, 0, 0, 0, 0, 0, 0, 0, 0, 0, 0, 0, 0, 0, 0, 0, 0, 0, 0, 0, 0, 0, 0, 0, 0, 0, 0, 0, 0, 0, 0, 0, 0, 0, 0, 0, 0, 0, 0, 0, 0, 0, 0, 0, 0, 0, 0, 0, 0, 0, 0, 0, 0, 0, 0, 0, 0, 0, 0, 0, 0, 0, 0, 0, 0, 0, 0, 0, 0, 0, 0, 0, 0, 0, 0, 0, 0, 0, 0, 0, 0, 0, 0, 0, 0, 0, 0, 0, 0, 0, 0] }) }
2025-02-10 20:38:48 [INFO] [rust_do_it::drone] Drone 4 received packet Packet { routing_header: SourceRoutingHeader { hop_index: 2, hops: [7, 16, 4, 1, 8, 5, 2, 9, 6, 12] }, session_id: 36, pack_type: FloodResponse(FloodResponse { flood_id: 15, path_trace: [(12, Client), (6, Drone), (9, Client), (2, Drone), (5, Drone), (8, Drone), (1, Drone), (4, Drone), (16, Server), (7, Drone)] }) }
2025-02-10 20:38:48 [INFO] [rust_do_it::drone] Drone 4 received packet Packet { routing_header: SourceRoutingHeader { hop_index: 3, hops: [3, 10, 7, 4, 1, 8, 5, 14] }, session_id: 1, pack_type: FloodResponse(FloodResponse { flood_id: 0, path_trace: [(14, Server), (5, Drone), (8, Drone), (1, Drone), (4, Drone), (7, Drone), (10, Client), (3, Drone)] }) }
2025-02-10 20:38:48 [INFO] [rust_do_it::drone] Drone 4 received packet Packet { routing_header: SourceRoutingHeader { hop_index: 2, hops: [10, 7, 4, 1, 8, 5, 2, 11] }, session_id: 2, pack_type: FloodResponse(FloodResponse { flood_id: 2, path_trace: [(11, Client), (2, Drone), (5, Drone), (8, Drone), (1, Drone), (4, Drone), (7, Drone), (10, Client)] }) }
2025-02-10 20:38:48 [INFO] [rust_do_it::drone] Drone 4 received packet Packet { routing_header: SourceRoutingHeader { hop_index: 3, hops: [3, 10, 7, 4, 1, 8, 17] }, session_id: 1, pack_type: FloodResponse(FloodResponse { flood_id: 0, path_trace: [(17, Server), (8, Drone), (1, Drone), (4, Drone), (7, Drone), (10, Client), (3, Drone)] }) }
2025-02-10 20:38:48 [INFO] [getdroned::get_droned] Drone 7 received a packet: Packet { routing_header: SourceRoutingHeader { hop_index: 1, hops: [10, 7, 4, 1, 8, 15] }, session_id: 13, pack_type: Ack(Ack { fragment_index: 0 }) }
2025-02-10 20:38:48 [INFO] [getdroned::get_droned] Drone 7 received a packet: Packet { routing_header: SourceRoutingHeader { hop_index: 1, hops: [10, 7, 4, 1, 8, 15] }, session_id: 38, pack_type: MsgFragment(Fragment { fragment_index: 0, total_n_fragments: 1, length: 64, data: [123, 34, 84, 121, 112, 101, 82, 101, 115, 112, 111, 110, 115, 101, 34, 58, 123, 34, 101, 100, 103, 101, 95, 116, 121, 112, 101, 34, 58, 123, 34, 67, 108, 105, 101, 110, 116, 34, 58, 34, 87, 101, 98, 66, 114, 111, 119, 115, 101, 114, 34, 125, 44, 34, 102, 114, 111, 109, 34, 58, 49, 48, 125, 125, 0, 0, 0, 0, 0, 0, 0, 0, 0, 0, 0, 0, 0, 0, 0, 0, 0, 0, 0, 0, 0, 0, 0, 0, 0, 0, 0, 0, 0, 0, 0, 0, 0, 0, 0, 0, 0, 0, 0, 0, 0, 0, 0, 0, 0, 0, 0, 0, 0, 0, 0, 0, 0, 0, 0, 0, 0, 0, 0, 0, 0, 0, 0, 0] }) }
2025-02-10 20:38:48 [INFO] [getdroned::get_droned] Drone 7 received a packet: Packet { routing_header: SourceRoutingHeader { hop_index: 1, hops: [10, 7, 4, 1, 8, 5, 2, 9, 6, 12] }, session_id: 15, pack_type: FloodResponse(FloodResponse { flood_id: 15, path_trace: [(12, Client), (6, Drone), (9, Client), (2, Drone), (5, Drone), (8, Drone), (1, Drone), (4, Drone), (7, Drone), (10, Client)] }) }
2025-02-10 20:38:48 [INFO] [getdroned::get_droned] Drone 7 received a packet: Packet { routing_header: SourceRoutingHeader { hop_index: 1, hops: [10, 7, 4, 1, 8, 17] }, session_id: 13, pack_type: Ack(Ack { fragment_index: 0 }) }
2025-02-10 20:38:48 [INFO] [getdroned::get_droned] Drone 7 received a packet: Packet { routing_header: SourceRoutingHeader { hop_index: 1, hops: [10, 7, 4, 1, 8, 17] }, session_id: 36, pack_type: MsgFragment(Fragment { fragment_index: 0, total_n_fragments: 1, length: 64, data: [123, 34, 84, 121, 112, 101, 82, 101, 115, 112, 111, 110, 115, 101, 34, 58, 123, 34, 101, 100, 103, 101, 95, 116, 121, 112, 101, 34, 58, 123, 34, 67, 108, 105, 101, 110, 116, 34, 58, 34, 87, 101, 98, 66, 114, 111, 119, 115, 101, 114, 34, 125, 44, 34, 102, 114, 111, 109, 34, 58, 49, 48, 125, 125, 0, 0, 0, 0, 0, 0, 0, 0, 0, 0, 0, 0, 0, 0, 0, 0, 0, 0, 0, 0, 0, 0, 0, 0, 0, 0, 0, 0, 0, 0, 0, 0, 0, 0, 0, 0, 0, 0, 0, 0, 0, 0, 0, 0, 0, 0, 0, 0, 0, 0, 0, 0, 0, 0, 0, 0, 0, 0, 0, 0, 0, 0, 0, 0] }) }
2025-02-10 20:38:48 [INFO] [getdroned::get_droned] Drone 7 received a packet: Packet { routing_header: SourceRoutingHeader { hop_index: 0, hops: [] }, session_id: 63, pack_type: FloodRequest(FloodRequest { flood_id: 3, initiator_id: 11, path_trace: [(11, Client), (2, Drone), (5, Drone), (8, Drone), (1, Drone), (4, Drone)] }) }
2025-02-10 20:38:48 [INFO] [getdroned::get_droned] Drone 7 received a packet: Packet { routing_header: SourceRoutingHeader { hop_index: 0, hops: [] }, session_id: 55, pack_type: FloodRequest(FloodRequest { flood_id: 15, initiator_id: 0, path_trace: [(0, Client), (1, Drone), (4, Drone)] }) }
2025-02-10 20:38:48 [INFO] [getdroned::get_droned] Drone 7 received a packet: Packet { routing_header: SourceRoutingHeader { hop_index: 0, hops: [] }, session_id: 53, pack_type: FloodRequest(FloodRequest { flood_id: 16, initiator_id: 11, path_trace: [(11, Client), (2, Drone), (5, Drone), (8, Drone), (1, Drone), (4, Drone)] }) }
2025-02-10 20:38:48 [INFO] [getdroned::get_droned] Drone 7 received a packet: Packet { routing_header: SourceRoutingHeader { hop_index: 0, hops: [] }, session_id: 63, pack_type: FloodRequest(FloodRequest { flood_id: 3, initiator_id: 11, path_trace: [(11, Client), (6, Drone), (3, Drone), (10, Client)] }) }
2025-02-10 20:38:48 [INFO] [getdroned::get_droned] Drone 7 received a packet: Packet { routing_header: SourceRoutingHeader { hop_index: 4, hops: [9, 6, 3, 10, 7, 16] }, session_id: 10, pack_type: MsgFragment(Fragment { fragment_index: 0, total_n_fragments: 1, length: 63, data: [123, 34, 84, 121, 112, 101, 82, 101, 115, 112, 111, 110, 115, 101, 34, 58, 123, 34, 101, 100, 103, 101, 95, 116, 121, 112, 101, 34, 58, 123, 34, 67, 108, 105, 101, 110, 116, 34, 58, 34, 67, 104, 97, 116, 67, 108, 105, 101, 110, 116, 34, 125, 44, 34, 102, 114, 111, 109, 34, 58, 57, 125, 125, 0, 0, 0, 0, 0, 0, 0, 0, 0, 0, 0, 0, 0, 0, 0, 0, 0, 0, 0, 0, 0, 0, 0, 0, 0, 0, 0, 0, 0, 0, 0, 0, 0, 0, 0, 0, 0, 0, 0, 0, 0, 0, 0, 0, 0, 0, 0, 0, 0, 0, 0, 0, 0, 0, 0, 0, 0, 0, 0, 0, 0, 0, 0, 0, 0] }) }
2025-02-10 20:38:48 [INFO] [getdroned::get_droned] Drone 7 received a packet: Packet { routing_header: SourceRoutingHeader { hop_index: 0, hops: [] }, session_id: 53, pack_type: FloodRequest(FloodRequest { flood_id: 16, initiator_id: 11, path_trace: [(11, Client), (6, Drone), (3, Drone), (10, Client)] }) }
2025-02-10 20:38:48 [INFO] [getdroned::get_droned] Drone 7 received a packet: Packet { routing_header: SourceRoutingHeader { hop_index: 0, hops: [] }, session_id: 33, pack_type: FloodRequest(FloodRequest { flood_id: 33, initiator_id: 0, path_trace: [(0, Client), (1, Drone), (4, Drone), (16, Server)] }) }
2025-02-10 20:38:48 [INFO] [getdroned::get_droned] Drone 7 received a packet: Packet { routing_header: SourceRoutingHeader { hop_index: 0, hops: [] }, session_id: 57, pack_type: FloodRequest(FloodRequest { flood_id: 4, initiator_id: 0, path_trace: [(0, Client), (1, Drone), (4, Drone), (16, Server)] }) }
2025-02-10 20:38:48 [INFO] [rust_do_it::drone] Drone 4 received packet Packet { routing_header: SourceRoutingHeader { hop_index: 2, hops: [10, 7, 4, 1, 8, 15] }, session_id: 13, pack_type: Ack(Ack { fragment_index: 0 }) }
2025-02-10 20:38:48 [INFO] [rust_do_it::drone] Drone 4 received packet Packet { routing_header: SourceRoutingHeader { hop_index: 3, hops: [8, 0, 1, 4, 7, 10] }, session_id: 47, pack_type: FloodResponse(FloodResponse { flood_id: 22, path_trace: [(10, Client), (7, Drone), (4, Drone), (1, Drone), (0, Client), (8, Drone)] }) }
2025-02-10 20:38:48 [INFO] [rust_do_it::drone] Drone 4 received packet Packet { routing_header: SourceRoutingHeader { hop_index: 3, hops: [8, 0, 1, 4, 18] }, session_id: 11, pack_type: FloodResponse(FloodResponse { flood_id: 2, path_trace: [(18, Server), (4, Drone), (1, Drone), (0, Client), (8, Drone)] }) }
2025-02-10 20:38:48 [INFO] [rust_do_it::drone] Drone 4 received packet Packet { routing_header: SourceRoutingHeader { hop_index: 5, hops: [10, 3, 17, 8, 1, 4, 18] }, session_id: 0, pack_type: FloodResponse(FloodResponse { flood_id: 0, path_trace: [(18, Server), (4, Drone), (1, Drone), (8, Drone), (17, Server), (3, Drone), (10, Client)] }) }
2025-02-10 20:38:48 [INFO] [rust_do_it::drone] Drone 4 received packet Packet { routing_header: SourceRoutingHeader { hop_index: 3, hops: [17, 8, 1, 4, 18] }, session_id: 9, pack_type: Ack(Ack { fragment_index: 0 }) }
2025-02-10 20:38:48 [INFO] [rust_do_it::drone] Drone 4 received packet Packet { routing_header: SourceRoutingHeader { hop_index: 3, hops: [17, 8, 1, 4, 18] }, session_id: 14, pack_type: MsgFragment(Fragment { fragment_index: 0, total_n_fragments: 1, length: 71, data: [123, 34, 84, 121, 112, 101, 82, 101, 115, 112, 111, 110, 115, 101, 34, 58, 123, 34, 101, 100, 103, 101, 95, 116, 121, 112, 101, 34, 58, 123, 34, 83, 101, 114, 118, 101, 114, 34, 58, 123, 34, 67, 111, 110, 116, 101, 110, 116, 34, 58, 34, 77, 101, 100, 105, 97, 34, 125, 125, 44, 34, 102, 114, 111, 109, 34, 58, 49, 55, 125, 125, 0, 0, 0, 0, 0, 0, 0, 0, 0, 0, 0, 0, 0, 0, 0, 0, 0, 0, 0, 0, 0, 0, 0, 0, 0, 0, 0, 0, 0, 0, 0, 0, 0, 0, 0, 0, 0, 0, 0, 0, 0, 0, 0, 0, 0, 0, 0, 0, 0, 0, 0, 0, 0, 0, 0, 0, 0] }) }
2025-02-10 20:38:48 [INFO] [rust_do_it::drone] Drone 4 received packet Packet { routing_header: SourceRoutingHeader { hop_index: 3, hops: [15, 8, 1, 4, 18] }, session_id: 13, pack_type: Ack(Ack { fragment_index: 0 }) }
2025-02-10 20:38:48 [INFO] [rust_do_it::drone] Drone 4 received packet Packet { routing_header: SourceRoutingHeader { hop_index: 2, hops: [10, 7, 4, 1, 8, 15] }, session_id: 38, pack_type: MsgFragment(Fragment { fragment_index: 0, total_n_fragments: 1, length: 64, data: [123, 34, 84, 121, 112, 101, 82, 101, 115, 112, 111, 110, 115, 101, 34, 58, 123, 34, 101, 100, 103, 101, 95, 116, 121, 112, 101, 34, 58, 123, 34, 67, 108, 105, 101, 110, 116, 34, 58, 34, 87, 101, 98, 66, 114, 111, 119, 115, 101, 114, 34, 125, 44, 34, 102, 114, 111, 109, 34, 58, 49, 48, 125, 125, 0, 0, 0, 0, 0, 0, 0, 0, 0, 0, 0, 0, 0, 0, 0, 0, 0, 0, 0, 0, 0, 0, 0, 0, 0, 0, 0, 0, 0, 0, 0, 0, 0, 0, 0, 0, 0, 0, 0, 0, 0, 0, 0, 0, 0, 0, 0, 0, 0, 0, 0, 0, 0, 0, 0, 0, 0, 0, 0, 0, 0, 0, 0, 0] }) }
2025-02-10 20:38:48 [INFO] [rust_do_it::drone] Drone 4 received packet Packet { routing_header: SourceRoutingHeader { hop_index: 2, hops: [10, 7, 4, 1, 8, 5, 2, 9, 6, 12] }, session_id: 15, pack_type: FloodResponse(FloodResponse { flood_id: 15, path_trace: [(12, Client), (6, Drone), (9, Client), (2, Drone), (5, Drone), (8, Drone), (1, Drone), (4, Drone), (7, Drone), (10, Client)] }) }
2025-02-10 20:38:48 [INFO] [rust_do_it::drone] Drone 4 received packet Packet { routing_header: SourceRoutingHeader { hop_index: 2, hops: [10, 7, 4, 1, 8, 17] }, session_id: 13, pack_type: Ack(Ack { fragment_index: 0 }) }
2025-02-10 20:38:48 [INFO] [rust_do_it::drone] Drone 4 received packet Packet { routing_header: SourceRoutingHeader { hop_index: 2, hops: [10, 7, 4, 1, 8, 17] }, session_id: 36, pack_type: MsgFragment(Fragment { fragment_index: 0, total_n_fragments: 1, length: 64, data: [123, 34, 84, 121, 112, 101, 82, 101, 115, 112, 111, 110, 115, 101, 34, 58, 123, 34, 101, 100, 103, 101, 95, 116, 121, 112, 101, 34, 58, 123, 34, 67, 108, 105, 101, 110, 116, 34, 58, 34, 87, 101, 98, 66, 114, 111, 119, 115, 101, 114, 34, 125, 44, 34, 102, 114, 111, 109, 34, 58, 49, 48, 125, 125, 0, 0, 0, 0, 0, 0, 0, 0, 0, 0, 0, 0, 0, 0, 0, 0, 0, 0, 0, 0, 0, 0, 0, 0, 0, 0, 0, 0, 0, 0, 0, 0, 0, 0, 0, 0, 0, 0, 0, 0, 0, 0, 0, 0, 0, 0, 0, 0, 0, 0, 0, 0, 0, 0, 0, 0, 0, 0, 0, 0, 0, 0, 0, 0] }) }
2025-02-10 20:38:48 [INFO] [rustastic_drone::drone] [32m✓[0m [ Drone 3 ]: has received the packet Packet { routing_header: SourceRoutingHeader { hop_index: 1, hops: [10, 3, 6, 9, 2, 5, 8, 1, 4, 18] }, session_id: 2, pack_type: FloodResponse(FloodResponse { flood_id: 2, path_trace: [(18, Server), (4, Drone), (1, Drone), (8, Drone), (5, Drone), (2, Drone), (9, Client), (6, Drone), (3, Drone), (10, Client)] }) }
2025-02-10 20:38:48 [INFO] [rustastic_drone::drone] [32m✓[0m Packet with [ session_id: 2 ] is being handled from [ Drone 3 ]
2025-02-10 20:38:48 [INFO] [rustastic_drone::drone] [32m✓[0m [ Drone 3 ]: sent a FloodResponse with flood_id: 2 to [ Drone 6 ]
2025-02-10 20:38:48 [INFO] [rustastic_drone::drone] [32m✓[0m [ Drone 3 ]: has received the packet Packet { routing_header: SourceRoutingHeader { hop_index: 3, hops: [2, 11, 6, 3, 15] }, session_id: 8, pack_type: FloodResponse(FloodResponse { flood_id: 1, path_trace: [(15, Server), (3, Drone), (6, Drone), (11, Client), (2, Drone)] }) }
2025-02-10 20:38:48 [INFO] [rustastic_drone::drone] [32m✓[0m Packet with [ session_id: 8 ] is being handled from [ Drone 3 ]
2025-02-10 20:38:48 [INFO] [rustastic_drone::drone] [32m✓[0m [ Drone 3 ]: sent a FloodResponse with flood_id: 1 to [ Drone 15 ]
2025-02-10 20:38:48 [INFO] [rustastic_drone::drone] [32m✓[0m [ Drone 3 ]: has received the packet Packet { routing_header: SourceRoutingHeader { hop_index: 3, hops: [2, 11, 6, 3, 10] }, session_id: 47, pack_type: FloodResponse(FloodResponse { flood_id: 22, path_trace: [(10, Client), (3, Drone), (6, Drone), (11, Client), (2, Drone)] }) }
2025-02-10 20:38:48 [INFO] [rustastic_drone::drone] [32m✓[0m Packet with [ session_id: 47 ] is being handled from [ Drone 3 ]
2025-02-10 20:38:48 [INFO] [rustastic_drone::drone] [32m✓[0m [ Drone 3 ]: sent a FloodResponse with flood_id: 22 to [ Drone 10 ]
2025-02-10 20:38:48 [INFO] [rustastic_drone::drone] [32m✓[0m [ Drone 3 ]: has received the packet Packet { routing_header: SourceRoutingHeader { hop_index: 0, hops: [] }, session_id: 33, pack_type: FloodRequest(FloodRequest { flood_id: 33, initiator_id: 0, path_trace: [(0, Client), (8, Drone), (5, Drone), (2, Drone), (11, Client), (6, Drone)] }) }
2025-02-10 20:38:48 [INFO] [rustastic_drone::drone] [32m✓[0m [ Drone 3 ]: sent the FloodRequest with flood_id: 33 sent to [ Drone 15 ]
2025-02-10 20:38:48 [INFO] [rustastic_drone::drone] [32m✓[0m [ Drone 3 ]: sent a FloodRequest with flood_id: 33 to the [ Drone 15 ]
2025-02-10 20:38:48 [INFO] [rustastic_drone::drone] [32m✓[0m [ Drone 3 ]: sent the FloodRequest with flood_id: 33 sent to [ Drone 17 ]
2025-02-10 20:38:48 [INFO] [rustastic_drone::drone] [32m✓[0m [ Drone 3 ]: sent a FloodRequest with flood_id: 33 to the [ Drone 17 ]
2025-02-10 20:38:48 [INFO] [rustastic_drone::drone] [32m✓[0m [ Drone 3 ]: sent the FloodRequest with flood_id: 33 sent to [ Drone 12 ]
2025-02-10 20:38:48 [INFO] [rustastic_drone::drone] [32m✓[0m [ Drone 3 ]: sent a FloodRequest with flood_id: 33 to the [ Drone 12 ]
2025-02-10 20:38:48 [INFO] [rustastic_drone::drone] [32m✓[0m [ Drone 3 ]: sent the FloodRequest with flood_id: 33 sent to [ Drone 10 ]
2025-02-10 20:38:48 [INFO] [rustastic_drone::drone] [32m✓[0m [ Drone 3 ]: sent a FloodRequest with flood_id: 33 to the [ Drone 10 ]
2025-02-10 20:38:48 [INFO] [rustastic_drone::drone] [32m✓[0m [ Drone 3 ]: has received the packet Packet { routing_header: SourceRoutingHeader { hop_index: 0, hops: [] }, session_id: 57, pack_type: FloodRequest(FloodRequest { flood_id: 4, initiator_id: 0, path_trace: [(0, Client), (8, Drone), (5, Drone), (2, Drone), (11, Client), (6, Drone)] }) }
2025-02-10 20:38:48 [INFO] [rustastic_drone::drone] [32m✓[0m [ Drone 3 ]: sent the FloodRequest with flood_id: 4 sent to [ Drone 15 ]
2025-02-10 20:38:48 [INFO] [rustastic_drone::drone] [32m✓[0m [ Drone 3 ]: sent a FloodRequest with flood_id: 4 to the [ Drone 15 ]
2025-02-10 20:38:48 [INFO] [rustastic_drone::drone] [32m✓[0m [ Drone 3 ]: sent the FloodRequest with flood_id: 4 sent to [ Drone 17 ]
2025-02-10 20:38:48 [INFO] [rustastic_drone::drone] [32m✓[0m [ Drone 3 ]: sent a FloodRequest with flood_id: 4 to the [ Drone 17 ]
2025-02-10 20:38:48 [INFO] [rustastic_drone::drone] [32m✓[0m [ Drone 3 ]: sent the FloodRequest with flood_id: 4 sent to [ Drone 12 ]
2025-02-10 20:38:48 [INFO] [rustastic_drone::drone] [32m✓[0m [ Drone 3 ]: sent a FloodRequest with flood_id: 4 to the [ Drone 12 ]
2025-02-10 20:38:48 [INFO] [rustastic_drone::drone] [32m✓[0m [ Drone 3 ]: sent the FloodRequest with flood_id: 4 sent to [ Drone 10 ]
2025-02-10 20:38:48 [INFO] [rustastic_drone::drone] [32m✓[0m [ Drone 3 ]: sent a FloodRequest with flood_id: 4 to the [ Drone 10 ]
2025-02-10 20:38:48 [INFO] [rustastic_drone::drone] [32m✓[0m [ Drone 3 ]: has received the packet Packet { routing_header: SourceRoutingHeader { hop_index: 2, hops: [7, 10, 3, 6, 11] }, session_id: 35, pack_type: FloodResponse(FloodResponse { flood_id: 2, path_trace: [(11, Client), (6, Drone), (3, Drone), (10, Client), (7, Drone)] }) }
2025-02-10 20:38:48 [INFO] [rustastic_drone::drone] [32m✓[0m Packet with [ session_id: 35 ] is being handled from [ Drone 3 ]
2025-02-10 20:38:48 [INFO] [rustastic_drone::drone] [32m✓[0m [ Drone 3 ]: sent a FloodResponse with flood_id: 2 to [ Drone 6 ]
2025-02-10 20:38:48 [INFO] [rustastic_drone::drone] [32m✓[0m [ Drone 3 ]: has received the packet Packet { routing_header: SourceRoutingHeader { hop_index: 0, hops: [] }, session_id: 33, pack_type: FloodRequest(FloodRequest { flood_id: 33, initiator_id: 0, path_trace: [(0, Client), (1, Drone), (4, Drone), (7, Drone), (10, Client)] }) }
2025-02-10 20:38:48 [INFO] [rustastic_drone::drone] [32m✓[0m [ Drone 3 ]: sent the FloodResponse to [ Drone 10 ]
└─>Reason: [33m!!![0m [ Drone 3 ]: has already received a FloodRequest with flood_id: 33
2025-02-10 20:38:48 [INFO] [rustastic_drone::drone] [32m✓[0m [ Drone 3 ]: has received the packet Packet { routing_header: SourceRoutingHeader { hop_index: 0, hops: [] }, session_id: 57, pack_type: FloodRequest(FloodRequest { flood_id: 4, initiator_id: 0, path_trace: [(0, Client), (1, Drone), (4, Drone), (7, Drone), (10, Client)] }) }
2025-02-10 20:38:48 [INFO] [rustastic_drone::drone] [32m✓[0m [ Drone 3 ]: sent the FloodResponse to [ Drone 10 ]
└─>Reason: [33m!!![0m [ Drone 3 ]: has already received a FloodRequest with flood_id: 4
2025-02-10 20:38:48 [INFO] [rustastic_drone::drone] [32m✓[0m [ Drone 3 ]: has received the packet Packet { routing_header: SourceRoutingHeader { hop_index: 2, hops: [7, 10, 3, 12] }, session_id: 36, pack_type: FloodResponse(FloodResponse { flood_id: 15, path_trace: [(12, Client), (3, Drone), (10, Client), (7, Drone)] }) }
2025-02-10 20:38:48 [INFO] [rustastic_drone::drone] [32m✓[0m Packet with [ session_id: 36 ] is being handled from [ Drone 3 ]
2025-02-10 20:38:48 [INFO] [rustastic_drone::drone] [32m✓[0m [ Drone 3 ]: sent a FloodResponse with flood_id: 15 to [ Drone 12 ]
2025-02-10 20:38:48 [INFO] [getdroned::get_droned] Drone 7 received a packet: Packet { routing_header: SourceRoutingHeader { hop_index: 4, hops: [8, 0, 1, 4, 7, 10] }, session_id: 47, pack_type: FloodResponse(FloodResponse { flood_id: 22, path_trace: [(10, Client), (7, Drone), (4, Drone), (1, Drone), (0, Client), (8, Drone)] }) }
2025-02-10 20:38:48 [INFO] [getdroned::get_droned] Drone 7 received a packet: Packet { routing_header: SourceRoutingHeader { hop_index: 2, hops: [3, 10, 7, 4, 1, 0] }, session_id: 34, pack_type: FloodResponse(FloodResponse { flood_id: 8, path_trace: [(0, Client), (1, Drone), (4, Drone), (7, Drone), (10, Client), (3, Drone)] }) }
2025-02-10 20:38:48 [INFO] [getdroned::get_droned] Drone 7 received a packet: Packet { routing_header: SourceRoutingHeader { hop_index: 2, hops: [3, 10, 7, 18] }, session_id: 11, pack_type: FloodResponse(FloodResponse { flood_id: 2, path_trace: [(18, Server), (7, Drone), (10, Client), (3, Drone)] }) }
2025-02-10 20:38:48 [INFO] [getdroned::get_droned] Drone 7 received a packet: Packet { routing_header: SourceRoutingHeader { hop_index: 1, hops: [10, 7, 4, 1, 8, 5, 2, 11] }, session_id: 3, pack_type: FloodResponse(FloodResponse { flood_id: 3, path_trace: [(11, Client), (2, Drone), (5, Drone), (8, Drone), (1, Drone), (4, Drone), (7, Drone), (10, Client)] }) }
2025-02-10 20:38:48 [INFO] [getdroned::get_droned] Drone 7 received a packet: Packet { routing_header: SourceRoutingHeader { hop_index: 1, hops: [10, 7, 4, 1, 8, 5, 2, 11] }, session_id: 16, pack_type: FloodResponse(FloodResponse { flood_id: 16, path_trace: [(11, Client), (2, Drone), (5, Drone), (8, Drone), (1, Drone), (4, Drone), (7, Drone), (10, Client)] }) }
2025-02-10 20:38:48 [INFO] [rust_do_it::drone] Drone 4 received packet Packet { routing_header: SourceRoutingHeader { hop_index: 6, hops: [6, 11, 2, 5, 8, 1, 4, 18] }, session_id: 11, pack_type: FloodResponse(FloodResponse { flood_id: 2, path_trace: [(18, Server), (4, Drone), (1, Drone), (8, Drone), (5, Drone), (2, Drone), (11, Client), (6, Drone)] }) }
2025-02-10 20:38:48 [INFO] [rust_do_it::drone] Drone 4 received packet Packet { routing_header: SourceRoutingHeader { hop_index: 3, hops: [3, 10, 7, 4, 1, 0] }, session_id: 34, pack_type: FloodResponse(FloodResponse { flood_id: 8, path_trace: [(0, Client), (1, Drone), (4, Drone), (7, Drone), (10, Client), (3, Drone)] }) }
2025-02-10 20:38:48 [INFO] [rust_do_it::drone] Drone 4 received packet Packet { routing_header: SourceRoutingHeader { hop_index: 2, hops: [10, 7, 4, 1, 8, 5, 2, 11] }, session_id: 3, pack_type: FloodResponse(FloodResponse { flood_id: 3, path_trace: [(11, Client), (2, Drone), (5, Drone), (8, Drone), (1, Drone), (4, Drone), (7, Drone), (10, Client)] }) }
2025-02-10 20:38:48 [INFO] [rust_do_it::drone] Drone 4 received packet Packet { routing_header: SourceRoutingHeader { hop_index: 2, hops: [10, 7, 4, 1, 8, 5, 2, 11] }, session_id: 16, pack_type: FloodResponse(FloodResponse { flood_id: 16, path_trace: [(11, Client), (2, Drone), (5, Drone), (8, Drone), (1, Drone), (4, Drone), (7, Drone), (10, Client)] }) }
2025-02-10 20:38:48 [INFO] [rustastic_drone::drone] [32m✓[0m [ Drone 3 ]: has received the packet Packet { routing_header: SourceRoutingHeader { hop_index: 0, hops: [] }, session_id: 55, pack_type: FloodRequest(FloodRequest { flood_id: 15, initiator_id: 0, path_trace: [(0, Client), (1, Drone), (4, Drone), (7, Drone), (10, Client)] }) }
2025-02-10 20:38:48 [INFO] [rustastic_drone::drone] [32m✓[0m [ Drone 3 ]: sent the FloodRequest with flood_id: 15 sent to [ Drone 6 ]
2025-02-10 20:38:48 [INFO] [rustastic_drone::drone] [32m✓[0m [ Drone 3 ]: sent a FloodRequest with flood_id: 15 to the [ Drone 6 ]
2025-02-10 20:38:48 [INFO] [rustastic_drone::drone] [32m✓[0m [ Drone 3 ]: sent the FloodRequest with flood_id: 15 sent to [ Drone 15 ]
2025-02-10 20:38:48 [INFO] [rustastic_drone::drone] [32m✓[0m [ Drone 3 ]: sent a FloodRequest with flood_id: 15 to the [ Drone 15 ]
2025-02-10 20:38:48 [INFO] [rustastic_drone::drone] [32m✓[0m [ Drone 3 ]: sent the FloodRequest with flood_id: 15 sent to [ Drone 17 ]
2025-02-10 20:38:48 [INFO] [rustastic_drone::drone] [32m✓[0m [ Drone 3 ]: sent a FloodRequest with flood_id: 15 to the [ Drone 17 ]
2025-02-10 20:38:48 [INFO] [rustastic_drone::drone] [32m✓[0m [ Drone 3 ]: sent the FloodRequest with flood_id: 15 sent to [ Drone 12 ]
2025-02-10 20:38:48 [INFO] [rustastic_drone::drone] [32m✓[0m [ Drone 3 ]: sent a FloodRequest with flood_id: 15 to the [ Drone 12 ]
2025-02-10 20:38:48 [INFO] [rustastic_drone::drone] [32m✓[0m [ Drone 3 ]: has received the packet Packet { routing_header: SourceRoutingHeader { hop_index: 2, hops: [7, 10, 3, 6, 11] }, session_id: 63, pack_type: FloodResponse(FloodResponse { flood_id: 3, path_trace: [(11, Client), (6, Drone), (3, Drone), (10, Client), (7, Drone)] }) }
2025-02-10 20:38:48 [INFO] [rustastic_drone::drone] [32m✓[0m Packet with [ session_id: 63 ] is being handled from [ Drone 3 ]
2025-02-10 20:38:48 [INFO] [rustastic_drone::drone] [32m✓[0m [ Drone 3 ]: sent a FloodResponse with flood_id: 3 to [ Drone 6 ]
2025-02-10 20:38:48 [INFO] [rustastic_drone::drone] [32m✓[0m [ Drone 3 ]: has received the packet Packet { routing_header: SourceRoutingHeader { hop_index: 2, hops: [7, 10, 3, 6, 11] }, session_id: 53, pack_type: FloodResponse(FloodResponse { flood_id: 16, path_trace: [(11, Client), (6, Drone), (3, Drone), (10, Client), (7, Drone)] }) }
2025-02-10 20:38:48 [INFO] [rustastic_drone::drone] [32m✓[0m Packet with [ session_id: 53 ] is being handled from [ Drone 3 ]
2025-02-10 20:38:48 [INFO] [rustastic_drone::drone] [32m✓[0m [ Drone 3 ]: sent a FloodResponse with flood_id: 16 to [ Drone 6 ]
2025-02-10 20:38:48 [INFO] [rustastic_drone::drone] [32m✓[0m [ Drone 3 ]: has received the packet Packet { routing_header: SourceRoutingHeader { hop_index: 1, hops: [17, 3, 6, 12] }, session_id: 15, pack_type: MsgFragment(Fragment { fragment_index: 0, total_n_fragments: 1, length: 27, data: [123, 34, 84, 121, 112, 101, 82, 101, 113, 117, 101, 115, 116, 34, 58, 123, 34, 102, 114, 111, 109, 34, 58, 49, 55, 125, 125, 0, 0, 0, 0, 0, 0, 0, 0, 0, 0, 0, 0, 0, 0, 0, 0, 0, 0, 0, 0, 0, 0, 0, 0, 0, 0, 0, 0, 0, 0, 0, 0, 0, 0, 0, 0, 0, 0, 0, 0, 0, 0, 0, 0, 0, 0, 0, 0, 0, 0, 0, 0, 0, 0, 0, 0, 0, 0, 0, 0, 0, 0, 0, 0, 0, 0, 0, 0, 0, 0, 0, 0, 0, 0, 0, 0, 0, 0, 0, 0, 0, 0, 0, 0, 0, 0, 0, 0, 0, 0, 0, 0, 0, 0, 0, 0, 0, 0, 0, 0, 0] }) }
2025-02-10 20:38:48 [INFO] [rustastic_drone::drone] [32m✓[0m Packet with [ session_id: 15 ] is being handled from [ Drone 3 ]
2025-02-10 20:38:48 [INFO] [rustastic_drone::drone] [32m✓[0m [ Drone 3 ]: forwarded the the fragment [ fragment_index: 0 ] of the Packet [ session_id: 15 ]
2025-02-10 20:38:48 [WARN] [rustastic_drone::drone] └─>[33m!!![0m Fragment was added to the [ Drone 3 ] buffer
2025-02-10 20:38:48 [INFO] [rustastic_drone::drone] [32m✓[0m [ Drone 3 ]: was sent a Fragment { index: 1 out of 1, data: 0x7b225479706552657175657374223a7b2266726f... + other 7 bytes } packet to [ Drone 6 ]
2025-02-10 20:38:48 [INFO] [rustastic_drone::drone] [32m✓[0m [ Drone 3 ]: has received the packet Packet { routing_header: SourceRoutingHeader { hop_index: 5, hops: [16, 4, 1, 8, 17, 3, 6, 11] }, session_id: 11, pack_type: MsgFragment(Fragment { fragment_index: 0, total_n_fragments: 1, length: 27, data: [123, 34, 84, 121, 112, 101, 82, 101, 113, 117, 101, 115, 116, 34, 58, 123, 34, 102, 114, 111, 109, 34, 58, 49, 54, 125, 125, 0, 0, 0, 0, 0, 0, 0, 0, 0, 0, 0, 0, 0, 0, 0, 0, 0, 0, 0, 0, 0, 0, 0, 0, 0, 0, 0, 0, 0, 0, 0, 0, 0, 0, 0, 0, 0, 0, 0, 0, 0, 0, 0, 0, 0, 0, 0, 0, 0, 0, 0, 0, 0, 0, 0, 0, 0, 0, 0, 0, 0, 0, 0, 0, 0, 0, 0, 0, 0, 0, 0, 0, 0, 0, 0, 0, 0, 0, 0, 0, 0, 0, 0, 0, 0, 0, 0, 0, 0, 0, 0, 0, 0, 0, 0, 0, 0, 0, 0, 0, 0] }) }
2025-02-10 20:38:48 [INFO] [rustastic_drone::drone] [32m✓[0m Packet with [ session_id: 11 ] is being handled from [ Drone 3 ]
2025-02-10 20:38:48 [INFO] [rustastic_drone::drone] [32m✓[0m [ Drone 3 ]: forwarded the the fragment [ fragment_index: 0 ] of the Packet [ session_id: 11 ]
2025-02-10 20:38:48 [WARN] [rustastic_drone::drone] └─>[33m!!![0m Fragment was added to the [ Drone 3 ] buffer
2025-02-10 20:38:48 [INFO] [rustastic_drone::drone] [32m✓[0m [ Drone 3 ]: was sent a Fragment { index: 1 out of 1, data: 0x7b225479706552657175657374223a7b2266726f... + other 7 bytes } packet to [ Drone 6 ]
2025-02-10 20:38:48 [INFO] [rustastic_drone::drone] [32m✓[0m [ Drone 3 ]: has received the packet Packet { routing_header: SourceRoutingHeader { hop_index: 0, hops: [] }, session_id: 11, pack_type: FloodRequest(FloodRequest { flood_id: 2, initiator_id: 18, path_trace: [(18, Server), (4, Drone), (1, Drone), (8, Drone), (5, Drone), (2, Drone), (9, Client), (6, Drone), (12, Client)] }) }
2025-02-10 20:38:48 [INFO] [rustastic_drone::drone] [32m✓[0m [ Drone 3 ]: sent the FloodResponse to [ Drone 12 ]
└─>Reason: [33m!!![0m [ Drone 3 ]: has already received a FloodRequest with flood_id: 2
2025-02-10 20:38:48 [INFO] [rustastic_drone::drone] [32m✓[0m [ Drone 3 ]: has received the packet Packet { routing_header: SourceRoutingHeader { hop_index: 1, hops: [12, 3, 6, 9, 2, 5, 8, 1, 4, 18] }, session_id: 2, pack_type: FloodResponse(FloodResponse { flood_id: 2, path_trace: [(18, Server), (4, Drone), (1, Drone), (8, Drone), (5, Drone), (2, Drone), (9, Client), (6, Drone), (3, Drone), (12, Client)] }) }
2025-02-10 20:38:48 [INFO] [rustastic_drone::drone] [32m✓[0m Packet with [ session_id: 2 ] is being handled from [ Drone 3 ]
2025-02-10 20:38:48 [INFO] [rustastic_drone::drone] [32m✓[0m [ Drone 3 ]: sent a FloodResponse with flood_id: 2 to [ Drone 6 ]
2025-02-10 20:38:48 [INFO] [rustastic_drone::drone] [32m✓[0m [ Drone 3 ]: has received the packet Packet { routing_header: SourceRoutingHeader { hop_index: 0, hops: [] }, session_id: 63, pack_type: FloodRequest(FloodRequest { flood_id: 3, initiator_id: 11, path_trace: [(11, Client), (6, Drone), (12, Client)] }) }
2025-02-10 20:38:48 [INFO] [rustastic_drone::drone] [32m✓[0m [ Drone 3 ]: sent the FloodResponse to [ Drone 12 ]
└─>Reason: [33m!!![0m [ Drone 3 ]: has already received a FloodRequest with flood_id: 3
2025-02-10 20:38:48 [INFO] [rustastic_drone::drone] [32m✓[0m [ Drone 3 ]: has received the packet Packet { routing_header: SourceRoutingHeader { hop_index: 1, hops: [12, 3, 6, 11] }, session_id: 3, pack_type: FloodResponse(FloodResponse { flood_id: 3, path_trace: [(11, Client), (6, Drone), (3, Drone), (12, Client)] }) }
2025-02-10 20:38:48 [INFO] [rustastic_drone::drone] [32m✓[0m Packet with [ session_id: 3 ] is being handled from [ Drone 3 ]
2025-02-10 20:38:48 [INFO] [rustastic_drone::drone] [32m✓[0m [ Drone 3 ]: sent a FloodResponse with flood_id: 3 to [ Drone 6 ]
2025-02-10 20:38:48 [INFO] [rustastic_drone::drone] [32m✓[0m [ Drone 3 ]: has received the packet Packet { routing_header: SourceRoutingHeader { hop_index: 0, hops: [] }, session_id: 53, pack_type: FloodRequest(FloodRequest { flood_id: 16, initiator_id: 11, path_trace: [(11, Client), (6, Drone), (12, Client)] }) }
2025-02-10 20:38:48 [INFO] [rustastic_drone::drone] [32m✓[0m [ Drone 3 ]: sent the FloodResponse to [ Drone 12 ]
└─>Reason: [33m!!![0m [ Drone 3 ]: has already received a FloodRequest with flood_id: 16
2025-02-10 20:38:48 [INFO] [rustastic_drone::drone] [32m✓[0m [ Drone 3 ]: has received the packet Packet { routing_header: SourceRoutingHeader { hop_index: 1, hops: [12, 3, 6, 11] }, session_id: 16, pack_type: FloodResponse(FloodResponse { flood_id: 16, path_trace: [(11, Client), (6, Drone), (3, Drone), (12, Client)] }) }
2025-02-10 20:38:48 [INFO] [rustastic_drone::drone] [32m✓[0m Packet with [ session_id: 16 ] is being handled from [ Drone 3 ]
2025-02-10 20:38:48 [INFO] [rustastic_drone::drone] [32m✓[0m [ Drone 3 ]: sent a FloodResponse with flood_id: 16 to [ Drone 6 ]
2025-02-10 20:38:48 [INFO] [rustastic_drone::drone] [32m✓[0m [ Drone 3 ]: has received the packet Packet { routing_header: SourceRoutingHeader { hop_index: 0, hops: [] }, session_id: 35, pack_type: FloodRequest(FloodRequest { flood_id: 38, initiator_id: 12, path_trace: [(12, Client)] }) }
2025-02-10 20:38:48 [INFO] [rustastic_drone::drone] [32m✓[0m [ Drone 3 ]: sent the FloodRequest with flood_id: 38 sent to [ Drone 6 ]
2025-02-10 20:38:48 [INFO] [rustastic_drone::drone] [32m✓[0m [ Drone 3 ]: sent a FloodRequest with flood_id: 38 to the [ Drone 6 ]
2025-02-10 20:38:48 [INFO] [rustastic_drone::drone] [32m✓[0m [ Drone 3 ]: sent the FloodRequest with flood_id: 38 sent to [ Drone 15 ]
2025-02-10 20:38:48 [INFO] [rustastic_drone::drone] [32m✓[0m [ Drone 3 ]: sent a FloodRequest with flood_id: 38 to the [ Drone 15 ]
2025-02-10 20:38:48 [INFO] [rustastic_drone::drone] [32m✓[0m [ Drone 3 ]: sent the FloodRequest with flood_id: 38 sent to [ Drone 17 ]
2025-02-10 20:38:48 [INFO] [rustastic_drone::drone] [32m✓[0m [ Drone 3 ]: sent a FloodRequest with flood_id: 38 to the [ Drone 17 ]
2025-02-10 20:38:48 [INFO] [rustastic_drone::drone] [32m✓[0m [ Drone 3 ]: sent the FloodRequest with flood_id: 38 sent to [ Drone 10 ]
2025-02-10 20:38:48 [INFO] [rustastic_drone::drone] [32m✓[0m [ Drone 3 ]: sent a FloodRequest with flood_id: 38 to the [ Drone 10 ]
2025-02-10 20:38:48 [INFO] [rustastic_drone::drone] [32m✓[0m [ Drone 3 ]: has received the packet Packet { routing_header: SourceRoutingHeader { hop_index: 1, hops: [10, 3, 6, 11, 2, 5, 8, 0] }, session_id: 33, pack_type: FloodResponse(FloodResponse { flood_id: 33, path_trace: [(0, Client), (8, Drone), (5, Drone), (2, Drone), (11, Client), (6, Drone), (3, Drone), (10, Client)] }) }
2025-02-10 20:38:48 [INFO] [rustastic_drone::drone] [32m✓[0m Packet with [ session_id: 33 ] is being handled from [ Drone 3 ]
2025-02-10 20:38:48 [INFO] [rustastic_drone::drone] [32m✓[0m [ Drone 3 ]: sent a FloodResponse with flood_id: 33 to [ Drone 6 ]
2025-02-10 20:38:48 [INFO] [rustastic_drone::drone] [32m✓[0m [ Drone 3 ]: has received the packet Packet { routing_header: SourceRoutingHeader { hop_index: 1, hops: [10, 3, 6, 11, 2, 5, 8, 0] }, session_id: 4, pack_type: FloodResponse(FloodResponse { flood_id: 4, path_trace: [(0, Client), (8, Drone), (5, Drone), (2, Drone), (11, Client), (6, Drone), (3, Drone), (10, Client)] }) }
2025-02-10 20:38:48 [INFO] [rustastic_drone::drone] [32m✓[0m Packet with [ session_id: 4 ] is being handled from [ Drone 3 ]
2025-02-10 20:38:48 [INFO] [rustastic_drone::drone] [32m✓[0m [ Drone 3 ]: sent a FloodResponse with flood_id: 4 to [ Drone 6 ]
2025-02-10 20:38:48 [INFO] [rustastic_drone::drone] [32m✓[0m [ Drone 3 ]: has received the packet Packet { routing_header: SourceRoutingHeader { hop_index: 3, hops: [3, 12, 6, 3, 15, 8, 1, 4, 16] }, session_id: 1, pack_type: FloodResponse(FloodResponse { flood_id: 0, path_trace: [(16, Server), (4, Drone), (1, Drone), (8, Drone), (15, Server), (3, Drone), (6, Drone), (12, Client), (3, Drone)] }) }
2025-02-10 20:38:48 [INFO] [rustastic_drone::drone] [32m✓[0m Packet with [ session_id: 1 ] is being handled from [ Drone 3 ]
2025-02-10 20:38:48 [INFO] [rustastic_drone::drone] [32m✓[0m [ Drone 3 ]: sent a FloodResponse with flood_id: 0 to [ Drone 15 ]
2025-02-10 20:38:48 [INFO] [rustastic_drone::drone] [32m✓[0m [ Drone 3 ]: has received the packet Packet { routing_header: SourceRoutingHeader { hop_index: 3, hops: [3, 12, 6, 3, 10] }, session_id: 47, pack_type: FloodResponse(FloodResponse { flood_id: 22, path_trace: [(10, Client), (3, Drone), (6, Drone), (12, Client), (3, Drone)] }) }
2025-02-10 20:38:48 [INFO] [rustastic_drone::drone] [32m✓[0m Packet with [ session_id: 47 ] is being handled from [ Drone 3 ]
2025-02-10 20:38:48 [INFO] [rustastic_drone::drone] [32m✓[0m [ Drone 3 ]: sent a FloodResponse with flood_id: 22 to [ Drone 10 ]
2025-02-10 20:38:48 [INFO] [rustastic_drone::drone] [32m✓[0m [ Drone 3 ]: has received the packet Packet { routing_header: SourceRoutingHeader { hop_index: 3, hops: [3, 12, 6, 3, 15, 8, 0] }, session_id: 34, pack_type: FloodResponse(FloodResponse { flood_id: 8, path_trace: [(0, Client), (8, Drone), (15, Server), (3, Drone), (6, Drone), (12, Client), (3, Drone)] }) }
2025-02-10 20:38:48 [INFO] [rustastic_drone::drone] [32m✓[0m Packet with [ session_id: 34 ] is being handled from [ Drone 3 ]
2025-02-10 20:38:48 [INFO] [rustastic_drone::drone] [32m✓[0m [ Drone 3 ]: sent a FloodResponse with flood_id: 8 to [ Drone 15 ]
2025-02-10 20:38:48 [INFO] [rustastic_drone::drone] [32m✓[0m [ Drone 3 ]: has received the packet Packet { routing_header: SourceRoutingHeader { hop_index: 2, hops: [12, 6, 3, 15] }, session_id: 15, pack_type: Ack(Ack { fragment_index: 0 }) }
2025-02-10 20:38:48 [INFO] [rustastic_drone::drone] [32m✓[0m Packet with [ session_id: 15 ] is being handled from [ Drone 3 ]
2025-02-10 20:38:48 [INFO] [rustastic_drone::drone] [34mi[0m [ Drone 3 ]: received a Ack(0)
2025-02-10 20:38:48 [INFO] [rustastic_drone::drone] [32m✓[0m [ Drone 3 ]: was sent a Ack(0) packet to [ Drone 15 ]
2025-02-10 20:38:48 [INFO] [rustastic_drone::drone] [32m✓[0m [ Drone 3 ]: has received the packet Packet { routing_header: SourceRoutingHeader { hop_index: 0, hops: [] }, session_id: 35, pack_type: FloodRequest(FloodRequest { flood_id: 38, initiator_id: 12, path_trace: [(12, Client), (6, Drone)] }) }
2025-02-10 20:38:48 [INFO] [rustastic_drone::drone] [32m✓[0m [ Drone 3 ]: sent the FloodResponse to [ Drone 6 ]
└─>Reason: [33m!!![0m [ Drone 3 ]: has already received a FloodRequest with flood_id: 38
2025-02-10 20:38:48 [INFO] [rustastic_drone::drone] [32m✓[0m [ Drone 3 ]: has received the packet Packet { routing_header: SourceRoutingHeader { hop_index: 0, hops: [] }, session_id: 33, pack_type: FloodRequest(FloodRequest { flood_id: 33, initiator_id: 0, path_trace: [(0, Client), (8, Drone), (5, Drone), (2, Drone), (11, Client), (6, Drone), (12, Client)] }) }
2025-02-10 20:38:48 [INFO] [rustastic_drone::drone] [32m✓[0m [ Drone 3 ]: sent the FloodResponse to [ Drone 12 ]
└─>Reason: [33m!!![0m [ Drone 3 ]: has already received a FloodRequest with flood_id: 33
2025-02-10 20:38:48 [INFO] [rustastic_drone::drone] [32m✓[0m [ Drone 3 ]: has received the packet Packet { routing_header: SourceRoutingHeader { hop_index: 0, hops: [] }, session_id: 57, pack_type: FloodRequest(FloodRequest { flood_id: 4, initiator_id: 0, path_trace: [(0, Client), (8, Drone), (5, Drone), (2, Drone), (11, Client), (6, Drone), (12, Client)] }) }
2025-02-10 20:38:48 [INFO] [rustastic_drone::drone] [32m✓[0m [ Drone 3 ]: sent the FloodResponse to [ Drone 12 ]
└─>Reason: [33m!!![0m [ Drone 3 ]: has already received a FloodRequest with flood_id: 4
2025-02-10 20:38:48 [INFO] [rustastic_drone::drone] [32m✓[0m [ Drone 3 ]: has received the packet Packet { routing_header: SourceRoutingHeader { hop_index: 1, hops: [12, 3, 6, 11, 2, 5, 8, 0] }, session_id: 33, pack_type: FloodResponse(FloodResponse { flood_id: 33, path_trace: [(0, Client), (8, Drone), (5, Drone), (2, Drone), (11, Client), (6, Drone), (3, Drone), (12, Client)] }) }
2025-02-10 20:38:48 [INFO] [rustastic_drone::drone] [32m✓[0m Packet with [ session_id: 33 ] is being handled from [ Drone 3 ]
2025-02-10 20:38:48 [INFO] [rustastic_drone::drone] [32m✓[0m [ Drone 3 ]: sent a FloodResponse with flood_id: 33 to [ Drone 6 ]
2025-02-10 20:38:48 [INFO] [rustastic_drone::drone] [32m✓[0m [ Drone 3 ]: has received the packet Packet { routing_header: SourceRoutingHeader { hop_index: 1, hops: [12, 3, 6, 11, 2, 5, 8, 0] }, session_id: 4, pack_type: FloodResponse(FloodResponse { flood_id: 4, path_trace: [(0, Client), (8, Drone), (5, Drone), (2, Drone), (11, Client), (6, Drone), (3, Drone), (12, Client)] }) }
2025-02-10 20:38:48 [INFO] [rustastic_drone::drone] [32m✓[0m Packet with [ session_id: 4 ] is being handled from [ Drone 3 ]
2025-02-10 20:38:48 [INFO] [rustastic_drone::drone] [32m✓[0m [ Drone 3 ]: sent a FloodResponse with flood_id: 4 to [ Drone 6 ]
2025-02-10 20:38:48 [INFO] [rustastic_drone::drone] [32m✓[0m [ Drone 3 ]: has received the packet Packet { routing_header: SourceRoutingHeader { hop_index: 0, hops: [] }, session_id: 39, pack_type: FloodRequest(FloodRequest { flood_id: 7, initiator_id: 12, path_trace: [(12, Client)] }) }
2025-02-10 20:38:48 [INFO] [rustastic_drone::drone] [32m✓[0m [ Drone 3 ]: sent the FloodRequest with flood_id: 7 sent to [ Drone 6 ]
2025-02-10 20:38:48 [INFO] [rustastic_drone::drone] [32m✓[0m [ Drone 3 ]: sent a FloodRequest with flood_id: 7 to the [ Drone 6 ]
2025-02-10 20:38:48 [INFO] [rustastic_drone::drone] [32m✓[0m [ Drone 3 ]: sent the FloodRequest with flood_id: 7 sent to [ Drone 15 ]
2025-02-10 20:38:48 [INFO] [rustastic_drone::drone] [32m✓[0m [ Drone 3 ]: sent a FloodRequest with flood_id: 7 to the [ Drone 15 ]
2025-02-10 20:38:48 [INFO] [rustastic_drone::drone] [32m✓[0m [ Drone 3 ]: sent the FloodRequest with flood_id: 7 sent to [ Drone 17 ]
2025-02-10 20:38:48 [INFO] [rustastic_drone::drone] [32m✓[0m [ Drone 3 ]: sent a FloodRequest with flood_id: 7 to the [ Drone 17 ]
2025-02-10 20:38:48 [INFO] [rustastic_drone::drone] [32m✓[0m [ Drone 3 ]: sent the FloodRequest with flood_id: 7 sent to [ Drone 10 ]
2025-02-10 20:38:48 [INFO] [rustastic_drone::drone] [32m✓[0m [ Drone 3 ]: sent a FloodRequest with flood_id: 7 to the [ Drone 10 ]
2025-02-10 20:38:48 [INFO] [getdroned::get_droned] Drone 7 received a packet: Packet { routing_header: SourceRoutingHeader { hop_index: 2, hops: [3, 10, 7, 4, 1, 0] }, session_id: 33, pack_type: FloodResponse(FloodResponse { flood_id: 33, path_trace: [(0, Client), (1, Drone), (4, Drone), (7, Drone), (10, Client), (3, Drone)] }) }
2025-02-10 20:38:48 [INFO] [getdroned::get_droned] Drone 7 received a packet: Packet { routing_header: SourceRoutingHeader { hop_index: 2, hops: [3, 10, 7, 4, 1, 0] }, session_id: 57, pack_type: FloodResponse(FloodResponse { flood_id: 4, path_trace: [(0, Client), (1, Drone), (4, Drone), (7, Drone), (10, Client), (3, Drone)] }) }
2025-02-10 20:38:48 [INFO] [getdroned::get_droned] Drone 7 received a packet: Packet { routing_header: SourceRoutingHeader { hop_index: 0, hops: [] }, session_id: 33, pack_type: FloodRequest(FloodRequest { flood_id: 33, initiator_id: 0, path_trace: [(0, Client), (1, Drone), (4, Drone), (18, Server)] }) }
2025-02-10 20:38:48 [INFO] [getdroned::get_droned] Drone 7 received a packet: Packet { routing_header: SourceRoutingHeader { hop_index: 0, hops: [] }, session_id: 57, pack_type: FloodRequest(FloodRequest { flood_id: 4, initiator_id: 0, path_trace: [(0, Client), (1, Drone), (4, Drone), (18, Server)] }) }
2025-02-10 20:38:48 [INFO] [getdroned::get_droned] Drone 7 received a packet: Packet { routing_header: SourceRoutingHeader { hop_index: 0, hops: [] }, session_id: 35, pack_type: FloodRequest(FloodRequest { flood_id: 38, initiator_id: 12, path_trace: [(12, Client), (3, Drone), (10, Client)] }) }
2025-02-10 20:38:48 [INFO] [rust_do_it::drone] Drone 4 received packet Packet { routing_header: SourceRoutingHeader { hop_index: 2, hops: [7, 18, 4, 1, 8, 5, 2, 9, 6, 12] }, session_id: 36, pack_type: FloodResponse(FloodResponse { flood_id: 15, path_trace: [(12, Client), (6, Drone), (9, Client), (2, Drone), (5, Drone), (8, Drone), (1, Drone), (4, Drone), (18, Server), (7, Drone)] }) }
2025-02-10 20:38:48 [INFO] [rust_do_it::drone] Drone 4 received packet Packet { routing_header: SourceRoutingHeader { hop_index: 6, hops: [12, 6, 3, 17, 8, 1, 4, 18] }, session_id: 0, pack_type: FloodResponse(FloodResponse { flood_id: 0, path_trace: [(18, Server), (4, Drone), (1, Drone), (8, Drone), (17, Server), (3, Drone), (6, Drone), (12, Client)] }) }
2025-02-10 20:38:48 [INFO] [rust_do_it::drone] Drone 4 received packet Packet { routing_header: SourceRoutingHeader { hop_index: 3, hops: [3, 10, 7, 4, 1, 0] }, session_id: 33, pack_type: FloodResponse(FloodResponse { flood_id: 33, path_trace: [(0, Client), (1, Drone), (4, Drone), (7, Drone), (10, Client), (3, Drone)] }) }
2025-02-10 20:38:48 [INFO] [rust_do_it::drone] Drone 4 received packet Packet { routing_header: SourceRoutingHeader { hop_index: 3, hops: [3, 10, 7, 4, 1, 0] }, session_id: 57, pack_type: FloodResponse(FloodResponse { flood_id: 4, path_trace: [(0, Client), (1, Drone), (4, Drone), (7, Drone), (10, Client), (3, Drone)] }) }
2025-02-10 20:38:48 [INFO] [rust_do_it::drone] Drone 4 received packet Packet { routing_header: SourceRoutingHeader { hop_index: 0, hops: [] }, session_id: 35, pack_type: FloodRequest(FloodRequest { flood_id: 38, initiator_id: 12, path_trace: [(12, Client), (3, Drone), (10, Client), (7, Drone)] }) }
2025-02-10 20:38:48 [INFO] [rustastic_drone::drone] [32m✓[0m [ Drone 3 ]: has received the packet Packet { routing_header: SourceRoutingHeader { hop_index: 2, hops: [12, 6, 3, 10, 7, 4, 1, 0] }, session_id: 15, pack_type: FloodResponse(FloodResponse { flood_id: 15, path_trace: [(0, Client), (1, Drone), (4, Drone), (7, Drone), (10, Client), (3, Drone), (6, Drone), (12, Client)] }) }
2025-02-10 20:38:48 [INFO] [rustastic_drone::drone] [32m✓[0m Packet with [ session_id: 15 ] is being handled from [ Drone 3 ]
2025-02-10 20:38:48 [INFO] [rustastic_drone::drone] [32m✓[0m [ Drone 3 ]: sent a FloodResponse with flood_id: 15 to [ Drone 10 ]
2025-02-10 20:38:48 [INFO] [rustastic_drone::drone] [32m✓[0m [ Drone 3 ]: has received the packet Packet { routing_header: SourceRoutingHeader { hop_index: 2, hops: [12, 6, 3, 17] }, session_id: 15, pack_type: Ack(Ack { fragment_index: 0 }) }
2025-02-10 20:38:48 [INFO] [rustastic_drone::drone] [32m✓[0m Packet with [ session_id: 15 ] is being handled from [ Drone 3 ]
2025-02-10 20:38:48 [INFO] [rustastic_drone::drone] [34mi[0m [ Drone 3 ]: received a Ack(0)
2025-02-10 20:38:48 [INFO] [rustastic_drone::drone] [32m✓[0m [ Drone 3 ]: was sent a Ack(0) packet to [ Drone 17 ]
2025-02-10 20:38:48 [INFO] [rustastic_drone::drone] [32m✓[0m [ Drone 3 ]: has received the packet Packet { routing_header: SourceRoutingHeader { hop_index: 0, hops: [] }, session_id: 39, pack_type: FloodRequest(FloodRequest { flood_id: 7, initiator_id: 12, path_trace: [(12, Client), (6, Drone)] }) }
2025-02-10 20:38:48 [INFO] [rustastic_drone::drone] [32m✓[0m [ Drone 3 ]: sent the FloodResponse to [ Drone 6 ]
└─>Reason: [33m!!![0m [ Drone 3 ]: has already received a FloodRequest with flood_id: 7
2025-02-10 20:38:48 [INFO] [rustastic_drone::drone] [32m✓[0m [ Drone 3 ]: has received the packet Packet { routing_header: SourceRoutingHeader { hop_index: 1, hops: [6, 3, 12] }, session_id: 35, pack_type: FloodResponse(FloodResponse { flood_id: 38, path_trace: [(12, Client), (3, Drone), (6, Drone)] }) }
2025-02-10 20:38:48 [INFO] [rustastic_drone::drone] [32m✓[0m Packet with [ session_id: 35 ] is being handled from [ Drone 3 ]
2025-02-10 20:38:48 [INFO] [rustastic_drone::drone] [32m✓[0m [ Drone 3 ]: sent a FloodResponse with flood_id: 38 to [ Drone 12 ]
2025-02-10 20:38:48 [INFO] [rustastic_drone::drone] [32m✓[0m [ Drone 3 ]: has received the packet Packet { routing_header: SourceRoutingHeader { hop_index: 1, hops: [6, 3, 12] }, session_id: 39, pack_type: FloodResponse(FloodResponse { flood_id: 7, path_trace: [(12, Client), (3, Drone), (6, Drone)] }) }
2025-02-10 20:38:48 [INFO] [rustastic_drone::drone] [32m✓[0m Packet with [ session_id: 39 ] is being handled from [ Drone 3 ]
2025-02-10 20:38:48 [INFO] [rustastic_drone::drone] [32m✓[0m [ Drone 3 ]: sent a FloodResponse with flood_id: 7 to [ Drone 12 ]
2025-02-10 20:38:48 [INFO] [rustastic_drone::drone] [32m✓[0m [ Drone 3 ]: has received the packet Packet { routing_header: SourceRoutingHeader { hop_index: 2, hops: [8, 15, 3, 10] }, session_id: 47, pack_type: FloodResponse(FloodResponse { flood_id: 22, path_trace: [(10, Client), (3, Drone), (15, Server), (8, Drone)] }) }
2025-02-10 20:38:48 [INFO] [rustastic_drone::drone] [32m✓[0m Packet with [ session_id: 47 ] is being handled from [ Drone 3 ]
2025-02-10 20:38:48 [INFO] [rustastic_drone::drone] [32m✓[0m [ Drone 3 ]: sent a FloodResponse with flood_id: 22 to [ Drone 10 ]
2025-02-10 20:38:48 [INFO] [rustastic_drone::drone] [32m✓[0m [ Drone 3 ]: has received the packet Packet { routing_header: SourceRoutingHeader { hop_index: 5, hops: [18, 4, 1, 8, 15, 3, 6, 11] }, session_id: 14, pack_type: MsgFragment(Fragment { fragment_index: 0, total_n_fragments: 1, length: 27, data: [123, 34, 84, 121, 112, 101, 82, 101, 113, 117, 101, 115, 116, 34, 58, 123, 34, 102, 114, 111, 109, 34, 58, 49, 56, 125, 125, 0, 0, 0, 0, 0, 0, 0, 0, 0, 0, 0, 0, 0, 0, 0, 0, 0, 0, 0, 0, 0, 0, 0, 0, 0, 0, 0, 0, 0, 0, 0, 0, 0, 0, 0, 0, 0, 0, 0, 0, 0, 0, 0, 0, 0, 0, 0, 0, 0, 0, 0, 0, 0, 0, 0, 0, 0, 0, 0, 0, 0, 0, 0, 0, 0, 0, 0, 0, 0, 0, 0, 0, 0, 0, 0, 0, 0, 0, 0, 0, 0, 0, 0, 0, 0, 0, 0, 0, 0, 0, 0, 0, 0, 0, 0, 0, 0, 0, 0, 0, 0] }) }
2025-02-10 20:38:48 [INFO] [rustastic_drone::drone] [32m✓[0m Packet with [ session_id: 14 ] is being handled from [ Drone 3 ]
2025-02-10 20:38:48 [INFO] [rustastic_drone::drone] [32m✓[0m [ Drone 3 ]: forwarded the the fragment [ fragment_index: 0 ] of the Packet [ session_id: 14 ]
2025-02-10 20:38:48 [WARN] [rustastic_drone::drone] └─>[33m!!![0m Fragment was added to the [ Drone 3 ] buffer
2025-02-10 20:38:48 [INFO] [rustastic_drone::drone] [32m✓[0m [ Drone 3 ]: was sent a Fragment { index: 1 out of 1, data: 0x7b225479706552657175657374223a7b2266726f... + other 7 bytes } packet to [ Drone 6 ]
2025-02-10 20:38:48 [INFO] [rustastic_drone::drone] [32m✓[0m [ Drone 3 ]: has received the packet Packet { routing_header: SourceRoutingHeader { hop_index: 1, hops: [15, 3, 6, 9] }, session_id: 18, pack_type: Ack(Ack { fragment_index: 0 }) }
2025-02-10 20:38:48 [INFO] [rustastic_drone::drone] [32m✓[0m Packet with [ session_id: 18 ] is being handled from [ Drone 3 ]
2025-02-10 20:38:48 [INFO] [rustastic_drone::drone] [34mi[0m [ Drone 3 ]: received a Ack(0)
2025-02-10 20:38:48 [INFO] [rustastic_drone::drone] [32m✓[0m [ Drone 3 ]: was sent a Ack(0) packet to [ Drone 6 ]
2025-02-10 20:38:48 [INFO] [getdroned::get_droned] Drone 7 received a packet: Packet { routing_header: SourceRoutingHeader { hop_index: 0, hops: [] }, session_id: 39, pack_type: FloodRequest(FloodRequest { flood_id: 7, initiator_id: 12, path_trace: [(12, Client), (3, Drone), (10, Client)] }) }
2025-02-10 20:38:48 [INFO] [getdroned::get_droned] Drone 7 received a packet: Packet { routing_header: SourceRoutingHeader { hop_index: 4, hops: [12, 6, 3, 10, 7, 4, 1, 0] }, session_id: 15, pack_type: FloodResponse(FloodResponse { flood_id: 15, path_trace: [(0, Client), (1, Drone), (4, Drone), (7, Drone), (10, Client), (3, Drone), (6, Drone), (12, Client)] }) }
2025-02-10 20:38:48 [INFO] [rust_do_it::drone] Drone 4 received packet Packet { routing_header: SourceRoutingHeader { hop_index: 0, hops: [] }, session_id: 39, pack_type: FloodRequest(FloodRequest { flood_id: 7, initiator_id: 12, path_trace: [(12, Client), (3, Drone), (10, Client), (7, Drone)] }) }
2025-02-10 20:38:48 [INFO] [rust_do_it::drone] Drone 4 received packet Packet { routing_header: SourceRoutingHeader { hop_index: 5, hops: [12, 6, 3, 10, 7, 4, 1, 0] }, session_id: 15, pack_type: FloodResponse(FloodResponse { flood_id: 15, path_trace: [(0, Client), (1, Drone), (4, Drone), (7, Drone), (10, Client), (3, Drone), (6, Drone), (12, Client)] }) }
2025-02-10 20:38:48 [INFO] [rust_do_it::drone] Drone 4 received packet Packet { routing_header: SourceRoutingHeader { hop_index: 6, hops: [6, 12, 3, 17, 8, 1, 4, 18] }, session_id: 1, pack_type: FloodResponse(FloodResponse { flood_id: 0, path_trace: [(18, Server), (4, Drone), (1, Drone), (8, Drone), (17, Server), (3, Drone), (12, Client), (6, Drone)] }) }
2025-02-10 20:38:48 [INFO] [rustastic_drone::drone] [32m✓[0m [ Drone 3 ]: has received the packet Packet { routing_header: SourceRoutingHeader { hop_index: 2, hops: [9, 6, 3, 15, 8, 1, 4, 18] }, session_id: 12, pack_type: Ack(Ack { fragment_index: 0 }) }
2025-02-10 20:38:48 [INFO] [rustastic_drone::drone] [32m✓[0m Packet with [ session_id: 12 ] is being handled from [ Drone 3 ]
2025-02-10 20:38:48 [INFO] [rustastic_drone::drone] [34mi[0m [ Drone 3 ]: received a Ack(0)
2025-02-10 20:38:48 [INFO] [rustastic_drone::drone] [32m✓[0m [ Drone 3 ]: was sent a Ack(0) packet to [ Drone 15 ]
2025-02-10 20:38:48 [INFO] [rustastic_drone::drone] [32m✓[0m [ Drone 3 ]: has received the packet Packet { routing_header: SourceRoutingHeader { hop_index: 1, hops: [15, 3, 6, 9, 2, 5, 8, 1, 4, 18] }, session_id: 2, pack_type: FloodResponse(FloodResponse { flood_id: 2, path_trace: [(18, Server), (4, Drone), (1, Drone), (8, Drone), (5, Drone), (2, Drone), (9, Client), (6, Drone), (3, Drone), (15, Server)] }) }
2025-02-10 20:38:48 [INFO] [rustastic_drone::drone] [32m✓[0m Packet with [ session_id: 2 ] is being handled from [ Drone 3 ]
2025-02-10 20:38:48 [INFO] [rustastic_drone::drone] [32m✓[0m [ Drone 3 ]: sent a FloodResponse with flood_id: 2 to [ Drone 6 ]
2025-02-10 20:38:48 [INFO] [rustastic_drone::drone] [32m✓[0m [ Drone 3 ]: has received the packet Packet { routing_header: SourceRoutingHeader { hop_index: 2, hops: [8, 15, 3, 12] }, session_id: 36, pack_type: FloodResponse(FloodResponse { flood_id: 15, path_trace: [(12, Client), (3, Drone), (15, Server), (8, Drone)] }) }
2025-02-10 20:38:48 [INFO] [rustastic_drone::drone] [32m✓[0m Packet with [ session_id: 36 ] is being handled from [ Drone 3 ]
2025-02-10 20:38:48 [INFO] [rustastic_drone::drone] [32m✓[0m [ Drone 3 ]: sent a FloodResponse with flood_id: 15 to [ Drone 12 ]
2025-02-10 20:38:48 [INFO] [rustastic_drone::drone] [32m✓[0m [ Drone 3 ]: has received the packet Packet { routing_header: SourceRoutingHeader { hop_index: 2, hops: [9, 6, 3, 10, 7, 18] }, session_id: 4, pack_type: MsgFragment(Fragment { fragment_index: 0, total_n_fragments: 1, length: 63, data: [123, 34, 84, 121, 112, 101, 82, 101, 115, 112, 111, 110, 115, 101, 34, 58, 123, 34, 101, 100, 103, 101, 95, 116, 121, 112, 101, 34, 58, 123, 34, 67, 108, 105, 101, 110, 116, 34, 58, 34, 67, 104, 97, 116, 67, 108, 105, 101, 110, 116, 34, 125, 44, 34, 102, 114, 111, 109, 34, 58, 57, 125, 125, 0, 0, 0, 0, 0, 0, 0, 0, 0, 0, 0, 0, 0, 0, 0, 0, 0, 0, 0, 0, 0, 0, 0, 0, 0, 0, 0, 0, 0, 0, 0, 0, 0, 0, 0, 0, 0, 0, 0, 0, 0, 0, 0, 0, 0, 0, 0, 0, 0, 0, 0, 0, 0, 0, 0, 0, 0, 0, 0, 0, 0, 0, 0, 0, 0] }) }
2025-02-10 20:38:48 [INFO] [rustastic_drone::drone] [32m✓[0m Packet with [ session_id: 4 ] is being handled from [ Drone 3 ]
2025-02-10 20:38:48 [INFO] [rustastic_drone::drone] [32m✓[0m [ Drone 3 ]: forwarded the the fragment [ fragment_index: 0 ] of the Packet [ session_id: 4 ]
2025-02-10 20:38:48 [WARN] [rustastic_drone::drone] └─>[33m!!![0m Fragment was added to the [ Drone 3 ] buffer
2025-02-10 20:38:48 [INFO] [rustastic_drone::drone] [32m✓[0m [ Drone 3 ]: was sent a Fragment { index: 1 out of 1, data: 0x7b2254797065526573706f6e7365223a7b226564... + other 43 bytes } packet to [ Drone 10 ]
2025-02-10 20:38:48 [INFO] [rustastic_drone::drone] [32m✓[0m [ Drone 3 ]: has received the packet Packet { routing_header: SourceRoutingHeader { hop_index: 4, hops: [14, 2, 9, 6, 3, 12] }, session_id: 13, pack_type: MsgFragment(Fragment { fragment_index: 0, total_n_fragments: 1, length: 27, data: [123, 34, 84, 121, 112, 101, 82, 101, 113, 117, 101, 115, 116, 34, 58, 123, 34, 102, 114, 111, 109, 34, 58, 49, 52, 125, 125, 0, 0, 0, 0, 0, 0, 0, 0, 0, 0, 0, 0, 0, 0, 0, 0, 0, 0, 0, 0, 0, 0, 0, 0, 0, 0, 0, 0, 0, 0, 0, 0, 0, 0, 0, 0, 0, 0, 0, 0, 0, 0, 0, 0, 0, 0, 0, 0, 0, 0, 0, 0, 0, 0, 0, 0, 0, 0, 0, 0, 0, 0, 0, 0, 0, 0, 0, 0, 0, 0, 0, 0, 0, 0, 0, 0, 0, 0, 0, 0, 0, 0, 0, 0, 0, 0, 0, 0, 0, 0, 0, 0, 0, 0, 0, 0, 0, 0, 0, 0, 0] }) }
2025-02-10 20:38:48 [INFO] [rust_do_it::drone] Drone 4 received packet Packet { routing_header: SourceRoutingHeader { hop_index: 4, hops: [3, 15, 8, 1, 4, 18] }, session_id: 11, pack_type: FloodResponse(FloodResponse { flood_id: 2, path_trace: [(18, Server), (4, Drone), (1, Drone), (8, Drone), (15, Server), (3, Drone)] }) }
2025-02-10 20:38:48 [INFO] [rustastic_drone::drone] [32m✓[0m Packet with [ session_id: 13 ] is being handled from [ Drone 3 ]
2025-02-10 20:38:48 [INFO] [rustastic_drone::drone] [32m✓[0m [ Drone 3 ]: forwarded the the fragment [ fragment_index: 0 ] of the Packet [ session_id: 13 ]
2025-02-10 20:38:48 [WARN] [rustastic_drone::drone] └─>[33m!!![0m Fragment was added to the [ Drone 3 ] buffer
2025-02-10 20:38:48 [INFO] [rustastic_drone::drone] [32m✓[0m [ Drone 3 ]: was sent a Fragment { index: 1 out of 1, data: 0x7b225479706552657175657374223a7b2266726f... + other 7 bytes } packet to [ Drone 12 ]
2025-02-10 20:38:48 [INFO] [rustastic_drone::drone] [32m✓[0m [ Drone 3 ]: has received the packet Packet { routing_header: SourceRoutingHeader { hop_index: 2, hops: [9, 6, 3, 17, 8, 1, 4, 16] }, session_id: 10, pack_type: Ack(Ack { fragment_index: 0 }) }
2025-02-10 20:38:48 [INFO] [getdroned::get_droned] Drone 7 received a packet: Packet { routing_header: SourceRoutingHeader { hop_index: 1, hops: [16, 7, 4, 1, 0] }, session_id: 33, pack_type: FloodResponse(FloodResponse { flood_id: 33, path_trace: [(0, Client), (1, Drone), (4, Drone), (7, Drone), (16, Server)] }) }
2025-02-10 20:38:48 [INFO] [rust_do_it::drone] Drone 4 received packet Packet { routing_header: SourceRoutingHeader { hop_index: 2, hops: [7, 16, 4, 1, 0] }, session_id: 33, pack_type: FloodResponse(FloodResponse { flood_id: 33, path_trace: [(0, Client), (1, Drone), (4, Drone), (16, Server), (7, Drone)] }) }
2025-02-10 20:38:48 [INFO] [rust_do_it::drone] Drone 4 received packet Packet { routing_header: SourceRoutingHeader { hop_index: 2, hops: [7, 16, 4, 1, 0] }, session_id: 57, pack_type: FloodResponse(FloodResponse { flood_id: 4, path_trace: [(0, Client), (1, Drone), (4, Drone), (16, Server), (7, Drone)] }) }
2025-02-10 20:38:48 [INFO] [rustastic_drone::drone] [32m✓[0m Packet with [ session_id: 10 ] is being handled from [ Drone 3 ]
2025-02-10 20:38:48 [INFO] [getdroned::get_droned] Drone 7 received a packet: Packet { routing_header: SourceRoutingHeader { hop_index: 1, hops: [16, 7, 4, 1, 0] }, session_id: 4, pack_type: FloodResponse(FloodResponse { flood_id: 4, path_trace: [(0, Client), (1, Drone), (4, Drone), (7, Drone), (16, Server)] }) }
2025-02-10 20:38:48 [INFO] [rustastic_drone::drone] [34mi[0m [ Drone 3 ]: received a Ack(0)
2025-02-10 20:38:48 [INFO] [rustastic_drone::drone] [32m✓[0m [ Drone 3 ]: was sent a Ack(0) packet to [ Drone 17 ]
2025-02-10 20:38:48 [INFO] [rustastic_drone::drone] [32m✓[0m [ Drone 3 ]: has received the packet Packet { routing_header: SourceRoutingHeader { hop_index: 2, hops: [9, 6, 3, 10, 7, 4, 1, 0] }, session_id: 15, pack_type: FloodResponse(FloodResponse { flood_id: 15, path_trace: [(0, Client), (1, Drone), (4, Drone), (7, Drone), (10, Client), (3, Drone), (6, Drone), (9, Client)] }) }
2025-02-10 20:38:48 [INFO] [getdroned::get_droned] Drone 7 received a packet: Packet { routing_header: SourceRoutingHeader { hop_index: 0, hops: [] }, session_id: 63, pack_type: FloodRequest(FloodRequest { flood_id: 3, initiator_id: 11, path_trace: [(11, Client), (2, Drone), (5, Drone), (8, Drone), (1, Drone), (4, Drone), (16, Server)] }) }
2025-02-10 20:38:48 [INFO] [rust_do_it::drone] Drone 4 received packet Packet { routing_header: SourceRoutingHeader { hop_index: 0, hops: [] }, session_id: 35, pack_type: FloodRequest(FloodRequest { flood_id: 38, initiator_id: 12, path_trace: [(12, Client), (3, Drone), (10, Client), (7, Drone), (16, Server)] }) }
2025-02-10 20:38:48 [INFO] [rustastic_drone::drone] [32m✓[0m Packet with [ session_id: 15 ] is being handled from [ Drone 3 ]
2025-02-10 20:38:48 [INFO] [rust_do_it::drone] Drone 4 received packet Packet { routing_header: SourceRoutingHeader { hop_index: 1, hops: [16, 4, 7, 10, 3, 12] }, session_id: 38, pack_type: FloodResponse(FloodResponse { flood_id: 38, path_trace: [(12, Client), (3, Drone), (10, Client), (7, Drone), (4, Drone), (16, Server)] }) }
2025-02-10 20:38:48 [INFO] [getdroned::get_droned] Drone 7 received a packet: Packet { routing_header: SourceRoutingHeader { hop_index: 0, hops: [] }, session_id: 55, pack_type: FloodRequest(FloodRequest { flood_id: 15, initiator_id: 0, path_trace: [(0, Client), (1, Drone), (4, Drone), (16, Server)] }) }
2025-02-10 20:38:48 [INFO] [rust_do_it::drone] Drone 4 received packet Packet { routing_header: SourceRoutingHeader { hop_index: 0, hops: [] }, session_id: 39, pack_type: FloodRequest(FloodRequest { flood_id: 7, initiator_id: 12, path_trace: [(12, Client), (3, Drone), (10, Client), (7, Drone), (16, Server)] }) }
2025-02-10 20:38:48 [INFO] [rustastic_drone::drone] [32m✓[0m [ Drone 3 ]: sent a FloodResponse with flood_id: 15 to [ Drone 10 ]
2025-02-10 20:38:48 [INFO] [getdroned::get_droned] Drone 7 received a packet: Packet { routing_header: SourceRoutingHeader { hop_index: 0, hops: [] }, session_id: 53, pack_type: FloodRequest(FloodRequest { flood_id: 16, initiator_id: 11, path_trace: [(11, Client), (2, Drone), (5, Drone), (8, Drone), (1, Drone), (4, Drone), (16, Server)] }) }
2025-02-10 20:38:48 [INFO] [rust_do_it::drone] Drone 4 received packet Packet { routing_header: SourceRoutingHeader { hop_index: 1, hops: [16, 4, 7, 10, 3, 12] }, session_id: 7, pack_type: FloodResponse(FloodResponse { flood_id: 7, path_trace: [(12, Client), (3, Drone), (10, Client), (7, Drone), (4, Drone), (16, Server)] }) }
2025-02-10 20:38:48 [INFO] [getdroned::get_droned] Drone 7 received a packet: Packet { routing_header: SourceRoutingHeader { hop_index: 1, hops: [16, 7, 4, 1, 8, 5, 2, 11] }, session_id: 3, pack_type: FloodResponse(FloodResponse { flood_id: 3, path_trace: [(11, Client), (2, Drone), (5, Drone), (8, Drone), (1, Drone), (4, Drone), (7, Drone), (16, Server)] }) }
2025-02-10 20:38:48 [INFO] [rust_do_it::drone] Drone 4 received packet Packet { routing_header: SourceRoutingHeader { hop_index: 7, hops: [11, 6, 9, 2, 5, 8, 1, 4, 18] }, session_id: 2, pack_type: FloodResponse(FloodResponse { flood_id: 2, path_trace: [(18, Server), (4, Drone), (1, Drone), (8, Drone), (5, Drone), (2, Drone), (9, Client), (6, Drone), (11, Client)] }) }
2025-02-10 20:38:48 [INFO] [getdroned::get_droned] Drone 7 received a packet: Packet { routing_header: SourceRoutingHeader { hop_index: 1, hops: [16, 7, 4, 1, 0] }, session_id: 15, pack_type: FloodResponse(FloodResponse { flood_id: 15, path_trace: [(0, Client), (1, Drone), (4, Drone), (7, Drone), (16, Server)] }) }
2025-02-10 20:38:48 [INFO] [rust_do_it::drone] Drone 4 received packet Packet { routing_header: SourceRoutingHeader { hop_index: 8, hops: [10, 3, 6, 9, 2, 5, 8, 1, 4, 18] }, session_id: 2, pack_type: FloodResponse(FloodResponse { flood_id: 2, path_trace: [(18, Server), (4, Drone), (1, Drone), (8, Drone), (5, Drone), (2, Drone), (9, Client), (6, Drone), (3, Drone), (10, Client)] }) }
2025-02-10 20:38:48 [INFO] [getdroned::get_droned] Drone 7 received a packet: Packet { routing_header: SourceRoutingHeader { hop_index: 1, hops: [16, 7, 4, 1, 8, 5, 2, 11] }, session_id: 16, pack_type: FloodResponse(FloodResponse { flood_id: 16, path_trace: [(11, Client), (2, Drone), (5, Drone), (8, Drone), (1, Drone), (4, Drone), (7, Drone), (16, Server)] }) }
2025-02-10 20:38:48 [INFO] [rust_do_it::drone] Drone 4 received packet Packet { routing_header: SourceRoutingHeader { hop_index: 8, hops: [3, 12, 6, 9, 2, 5, 8, 1, 4, 18] }, session_id: 6, pack_type: FloodResponse(FloodResponse { flood_id: 1, path_trace: [(18, Server), (4, Drone), (1, Drone), (8, Drone), (5, Drone), (2, Drone), (9, Client), (6, Drone), (12, Client), (3, Drone)] }) }
2025-02-10 20:38:48 [INFO] [getdroned::get_droned] Drone 7 received a packet: Packet { routing_header: SourceRoutingHeader { hop_index: 1, hops: [16, 7, 10, 3, 6, 9] }, session_id: 10, pack_type: Ack(Ack { fragment_index: 0 }) }
2025-02-10 20:38:48 [INFO] [rust_do_it::drone] Drone 4 received packet Packet { routing_header: SourceRoutingHeader { hop_index: 8, hops: [12, 3, 6, 9, 2, 5, 8, 1, 4, 18] }, session_id: 2, pack_type: FloodResponse(FloodResponse { flood_id: 2, path_trace: [(18, Server), (4, Drone), (1, Drone), (8, Drone), (5, Drone), (2, Drone), (9, Client), (6, Drone), (3, Drone), (12, Client)] }) }
2025-02-10 20:38:48 [INFO] [getdroned::get_droned] Drone 7 received a packet: Packet { routing_header: SourceRoutingHeader { hop_index: 2, hops: [16, 4, 7, 10, 3, 12] }, session_id: 38, pack_type: FloodResponse(FloodResponse { flood_id: 38, path_trace: [(12, Client), (3, Drone), (10, Client), (7, Drone), (4, Drone), (16, Server)] }) }
2025-02-10 20:38:48 [INFO] [rust_do_it::drone] Drone 4 received packet Packet { routing_header: SourceRoutingHeader { hop_index: 5, hops: [9, 2, 5, 8, 1, 4, 7, 10, 3, 12] }, session_id: 38, pack_type: FloodResponse(FloodResponse { flood_id: 38, path_trace: [(12, Client), (3, Drone), (10, Client), (7, Drone), (4, Drone), (1, Drone), (8, Drone), (5, Drone), (2, Drone), (9, Client)] }) }
2025-02-10 20:38:48 [INFO] [getdroned::get_droned] Drone 7 received a packet: Packet { routing_header: SourceRoutingHeader { hop_index: 2, hops: [4, 16, 7, 10, 3, 12] }, session_id: 35, pack_type: FloodResponse(FloodResponse { flood_id: 38, path_trace: [(12, Client), (3, Drone), (10, Client), (7, Drone), (16, Server), (4, Drone)] }) }
2025-02-10 20:38:48 [INFO] [rust_do_it::drone] Drone 4 received packet Packet { routing_header: SourceRoutingHeader { hop_index: 5, hops: [9, 2, 5, 8, 1, 4, 7, 10, 3, 12] }, session_id: 7, pack_type: FloodResponse(FloodResponse { flood_id: 7, path_trace: [(12, Client), (3, Drone), (10, Client), (7, Drone), (4, Drone), (1, Drone), (8, Drone), (5, Drone), (2, Drone), (9, Client)] }) }
2025-02-10 20:38:48 [INFO] [getdroned::get_droned] Drone 7 received a packet: Packet { routing_header: SourceRoutingHeader { hop_index: 2, hops: [4, 16, 7, 10, 3, 12] }, session_id: 39, pack_type: FloodResponse(FloodResponse { flood_id: 7, path_trace: [(12, Client), (3, Drone), (10, Client), (7, Drone), (16, Server), (4, Drone)] }) }
2025-02-10 20:38:48 [INFO] [rust_do_it::drone] Drone 4 received packet Packet { routing_header: SourceRoutingHeader { hop_index: 3, hops: [0, 8, 1, 4, 7, 10, 3, 12] }, session_id: 38, pack_type: FloodResponse(FloodResponse { flood_id: 38, path_trace: [(12, Client), (3, Drone), (10, Client), (7, Drone), (4, Drone), (1, Drone), (8, Drone), (0, Client)] }) }
2025-02-10 20:38:48 [INFO] [getdroned::get_droned] Drone 7 received a packet: Packet { routing_header: SourceRoutingHeader { hop_index: 2, hops: [16, 4, 7, 10, 3, 12] }, session_id: 7, pack_type: FloodResponse(FloodResponse { flood_id: 7, path_trace: [(12, Client), (3, Drone), (10, Client), (7, Drone), (4, Drone), (16, Server)] }) }
2025-02-10 20:38:48 [INFO] [rust_do_it::drone] Drone 4 received packet Packet { routing_header: SourceRoutingHeader { hop_index: 3, hops: [0, 8, 1, 4, 7, 10, 3, 12] }, session_id: 7, pack_type: FloodResponse(FloodResponse { flood_id: 7, path_trace: [(12, Client), (3, Drone), (10, Client), (7, Drone), (4, Drone), (1, Drone), (8, Drone), (0, Client)] }) }
2025-02-10 20:38:48 [INFO] [getdroned::get_droned] Drone 7 received a packet: Packet { routing_header: SourceRoutingHeader { hop_index: 6, hops: [9, 2, 5, 8, 1, 4, 7, 10, 3, 12] }, session_id: 38, pack_type: FloodResponse(FloodResponse { flood_id: 38, path_trace: [(12, Client), (3, Drone), (10, Client), (7, Drone), (4, Drone), (1, Drone), (8, Drone), (5, Drone), (2, Drone), (9, Client)] }) }
2025-02-10 20:38:48 [INFO] [rust_do_it::drone] Drone 4 received packet Packet { routing_header: SourceRoutingHeader { hop_index: 2, hops: [16, 7, 4, 1, 0] }, session_id: 33, pack_type: FloodResponse(FloodResponse { flood_id: 33, path_trace: [(0, Client), (1, Drone), (4, Drone), (7, Drone), (16, Server)] }) }
2025-02-10 20:38:48 [INFO] [rust_do_it::drone] Drone 4 received packet Packet { routing_header: SourceRoutingHeader { hop_index: 2, hops: [16, 7, 4, 1, 0] }, session_id: 4, pack_type: FloodResponse(FloodResponse { flood_id: 4, path_trace: [(0, Client), (1, Drone), (4, Drone), (7, Drone), (16, Server)] }) }
2025-02-10 20:38:48 [INFO] [getdroned::get_droned] Drone 7 received a packet: Packet { routing_header: SourceRoutingHeader { hop_index: 6, hops: [9, 2, 5, 8, 1, 4, 7, 10, 3, 12] }, session_id: 7, pack_type: FloodResponse(FloodResponse { flood_id: 7, path_trace: [(12, Client), (3, Drone), (10, Client), (7, Drone), (4, Drone), (1, Drone), (8, Drone), (5, Drone), (2, Drone), (9, Client)] }) }
2025-02-10 20:38:48 [INFO] [rust_do_it::drone] Drone 4 received packet Packet { routing_header: SourceRoutingHeader { hop_index: 2, hops: [7, 16, 4, 1, 8, 5, 2, 11] }, session_id: 63, pack_type: FloodResponse(FloodResponse { flood_id: 3, path_trace: [(11, Client), (2, Drone), (5, Drone), (8, Drone), (1, Drone), (4, Drone), (16, Server), (7, Drone)] }) }
2025-02-10 20:38:48 [INFO] [getdroned::get_droned] Drone 7 received a packet: Packet { routing_header: SourceRoutingHeader { hop_index: 4, hops: [0, 8, 1, 4, 7, 10, 3, 12] }, session_id: 38, pack_type: FloodResponse(FloodResponse { flood_id: 38, path_trace: [(12, Client), (3, Drone), (10, Client), (7, Drone), (4, Drone), (1, Drone), (8, Drone), (0, Client)] }) }
2025-02-10 20:38:48 [INFO] [rust_do_it::drone] Drone 4 received packet Packet { routing_header: SourceRoutingHeader { hop_index: 2, hops: [7, 16, 4, 1, 0] }, session_id: 55, pack_type: FloodResponse(FloodResponse { flood_id: 15, path_trace: [(0, Client), (1, Drone), (4, Drone), (16, Server), (7, Drone)] }) }
2025-02-10 20:38:48 [INFO] [rust_do_it::drone] Drone 4 received packet Packet { routing_header: SourceRoutingHeader { hop_index: 2, hops: [7, 16, 4, 1, 8, 5, 2, 11] }, session_id: 53, pack_type: FloodResponse(FloodResponse { flood_id: 16, path_trace: [(11, Client), (2, Drone), (5, Drone), (8, Drone), (1, Drone), (4, Drone), (16, Server), (7, Drone)] }) }
2025-02-10 20:38:48 [INFO] [rust_do_it::drone] Drone 4 received packet Packet { routing_header: SourceRoutingHeader { hop_index: 2, hops: [16, 7, 4, 1, 8, 5, 2, 11] }, session_id: 3, pack_type: FloodResponse(FloodResponse { flood_id: 3, path_trace: [(11, Client), (2, Drone), (5, Drone), (8, Drone), (1, Drone), (4, Drone), (7, Drone), (16, Server)] }) }
2025-02-10 20:38:48 [INFO] [rust_do_it::drone] Drone 4 received packet Packet { routing_header: SourceRoutingHeader { hop_index: 2, hops: [16, 7, 4, 1, 0] }, session_id: 15, pack_type: FloodResponse(FloodResponse { flood_id: 15, path_trace: [(0, Client), (1, Drone), (4, Drone), (7, Drone), (16, Server)] }) }
2025-02-10 20:38:48 [INFO] [rust_do_it::drone] Drone 4 received packet Packet { routing_header: SourceRoutingHeader { hop_index: 2, hops: [16, 7, 4, 1, 8, 5, 2, 11] }, session_id: 16, pack_type: FloodResponse(FloodResponse { flood_id: 16, path_trace: [(11, Client), (2, Drone), (5, Drone), (8, Drone), (1, Drone), (4, Drone), (7, Drone), (16, Server)] }) }
2025-02-10 20:38:48 [INFO] [getdroned::get_droned] Drone 7 received a packet: Packet { routing_header: SourceRoutingHeader { hop_index: 4, hops: [0, 8, 1, 4, 7, 10, 3, 12] }, session_id: 7, pack_type: FloodResponse(FloodResponse { flood_id: 7, path_trace: [(12, Client), (3, Drone), (10, Client), (7, Drone), (4, Drone), (1, Drone), (8, Drone), (0, Client)] }) }
2025-02-10 20:38:48 [INFO] [rustastic_drone::drone] [32m✓[0m [ Drone 3 ]: has received the packet Packet { routing_header: SourceRoutingHeader { hop_index: 2, hops: [11, 6, 3, 17, 8, 5, 14] }, session_id: 11, pack_type: Ack(Ack { fragment_index: 0 }) }
2025-02-10 20:38:48 [INFO] [rustastic_drone::drone] [32m✓[0m Packet with [ session_id: 11 ] is being handled from [ Drone 3 ]
2025-02-10 20:38:48 [INFO] [rustastic_drone::drone] [34mi[0m [ Drone 3 ]: received a Ack(0)
2025-02-10 20:38:48 [INFO] [rustastic_drone::drone] [32m✓[0m [ Drone 3 ]: was sent a Ack(0) packet to [ Drone 17 ]
2025-02-10 20:38:48 [INFO] [rustastic_drone::drone] [32m✓[0m [ Drone 3 ]: has received the packet Packet { routing_header: SourceRoutingHeader { hop_index: 2, hops: [6, 12, 3, 10, 7, 4, 1, 0] }, session_id: 55, pack_type: FloodResponse(FloodResponse { flood_id: 15, path_trace: [(0, Client), (1, Drone), (4, Drone), (7, Drone), (10, Client), (3, Drone), (12, Client), (6, Drone)] }) }
2025-02-10 20:38:48 [INFO] [rustastic_drone::drone] [32m✓[0m Packet with [ session_id: 55 ] is being handled from [ Drone 3 ]
2025-02-10 20:38:48 [INFO] [rustastic_drone::drone] [32m✓[0m [ Drone 3 ]: sent a FloodResponse with flood_id: 15 to [ Drone 10 ]
2025-02-10 20:38:48 [INFO] [rust_do_it::drone] Drone 4 received packet Packet { routing_header: SourceRoutingHeader { hop_index: 5, hops: [14, 2, 5, 8, 1, 4, 7, 10, 3, 12] }, session_id: 38, pack_type: FloodResponse(FloodResponse { flood_id: 38, path_trace: [(12, Client), (3, Drone), (10, Client), (7, Drone), (4, Drone), (1, Drone), (8, Drone), (5, Drone), (2, Drone), (14, Server)] }) }
2025-02-10 20:38:48 [INFO] [rust_do_it::drone] Drone 4 received packet Packet { routing_header: SourceRoutingHeader { hop_index: 5, hops: [14, 2, 5, 8, 1, 4, 7, 10, 3, 12] }, session_id: 7, pack_type: FloodResponse(FloodResponse { flood_id: 7, path_trace: [(12, Client), (3, Drone), (10, Client), (7, Drone), (4, Drone), (1, Drone), (8, Drone), (5, Drone), (2, Drone), (14, Server)] }) }
2025-02-10 20:38:48 [INFO] [rust_do_it::drone] Drone 4 received packet Packet { routing_header: SourceRoutingHeader { hop_index: 5, hops: [2, 14, 5, 8, 1, 4, 7, 10, 3, 12] }, session_id: 35, pack_type: FloodResponse(FloodResponse { flood_id: 38, path_trace: [(12, Client), (3, Drone), (10, Client), (7, Drone), (4, Drone), (1, Drone), (8, Drone), (5, Drone), (14, Server), (2, Drone)] }) }
2025-02-10 20:38:48 [INFO] [rust_do_it::drone] Drone 4 received packet Packet { routing_header: SourceRoutingHeader { hop_index: 5, hops: [2, 14, 5, 8, 1, 4, 7, 10, 3, 12] }, session_id: 39, pack_type: FloodResponse(FloodResponse { flood_id: 7, path_trace: [(12, Client), (3, Drone), (10, Client), (7, Drone), (4, Drone), (1, Drone), (8, Drone), (5, Drone), (14, Server), (2, Drone)] }) }
2025-02-10 20:38:48 [INFO] [getdroned::get_droned] Drone 7 received a packet: Packet { routing_header: SourceRoutingHeader { hop_index: 4, hops: [9, 6, 3, 10, 7, 18] }, session_id: 4, pack_type: MsgFragment(Fragment { fragment_index: 0, total_n_fragments: 1, length: 63, data: [123, 34, 84, 121, 112, 101, 82, 101, 115, 112, 111, 110, 115, 101, 34, 58, 123, 34, 101, 100, 103, 101, 95, 116, 121, 112, 101, 34, 58, 123, 34, 67, 108, 105, 101, 110, 116, 34, 58, 34, 67, 104, 97, 116, 67, 108, 105, 101, 110, 116, 34, 125, 44, 34, 102, 114, 111, 109, 34, 58, 57, 125, 125, 0, 0, 0, 0, 0, 0, 0, 0, 0, 0, 0, 0, 0, 0, 0, 0, 0, 0, 0, 0, 0, 0, 0, 0, 0, 0, 0, 0, 0, 0, 0, 0, 0, 0, 0, 0, 0, 0, 0, 0, 0, 0, 0, 0, 0, 0, 0, 0, 0, 0, 0, 0, 0, 0, 0, 0, 0, 0, 0, 0, 0, 0, 0, 0, 0] }) }
2025-02-10 20:38:48 [INFO] [getdroned::get_droned] Drone 7 received a packet: Packet { routing_header: SourceRoutingHeader { hop_index: 4, hops: [9, 6, 3, 10, 7, 4, 1, 0] }, session_id: 15, pack_type: FloodResponse(FloodResponse { flood_id: 15, path_trace: [(0, Client), (1, Drone), (4, Drone), (7, Drone), (10, Client), (3, Drone), (6, Drone), (9, Client)] }) }
2025-02-10 20:38:48 [INFO] [rustastic_drone::drone] [32m✓[0m [ Drone 3 ]: has received the packet Packet { routing_header: SourceRoutingHeader { hop_index: 3, hops: [16, 7, 10, 3, 6, 9] }, session_id: 10, pack_type: Ack(Ack { fragment_index: 0 }) }
2025-02-10 20:38:48 [INFO] [rustastic_drone::drone] [32m✓[0m Packet with [ session_id: 10 ] is being handled from [ Drone 3 ]
2025-02-10 20:38:48 [INFO] [rustastic_drone::drone] [34mi[0m [ Drone 3 ]: received a Ack(0)
2025-02-10 20:38:48 [INFO] [rustastic_drone::drone] [32m✓[0m [ Drone 3 ]: was sent a Ack(0) packet to [ Drone 6 ]
2025-02-10 20:38:48 [INFO] [getdroned::get_droned] Drone 7 received a packet: Packet { routing_header: SourceRoutingHeader { hop_index: 6, hops: [14, 2, 5, 8, 1, 4, 7, 10, 3, 12] }, session_id: 38, pack_type: FloodResponse(FloodResponse { flood_id: 38, path_trace: [(12, Client), (3, Drone), (10, Client), (7, Drone), (4, Drone), (1, Drone), (8, Drone), (5, Drone), (2, Drone), (14, Server)] }) }
2025-02-10 20:38:48 [INFO] [rustastic_drone::drone] [32m✓[0m [ Drone 3 ]: has received the packet Packet { routing_header: SourceRoutingHeader { hop_index: 4, hops: [16, 4, 7, 10, 3, 12] }, session_id: 38, pack_type: FloodResponse(FloodResponse { flood_id: 38, path_trace: [(12, Client), (3, Drone), (10, Client), (7, Drone), (4, Drone), (16, Server)] }) }
2025-02-10 20:38:48 [INFO] [rustastic_drone::drone] [32m✓[0m Packet with [ session_id: 38 ] is being handled from [ Drone 3 ]
2025-02-10 20:38:48 [INFO] [getdroned::get_droned] Drone 7 received a packet: Packet { routing_header: SourceRoutingHeader { hop_index: 6, hops: [14, 2, 5, 8, 1, 4, 7, 10, 3, 12] }, session_id: 7, pack_type: FloodResponse(FloodResponse { flood_id: 7, path_trace: [(12, Client), (3, Drone), (10, Client), (7, Drone), (4, Drone), (1, Drone), (8, Drone), (5, Drone), (2, Drone), (14, Server)] }) }
2025-02-10 20:38:48 [INFO] [getdroned::get_droned] Drone 7 received a packet: Packet { routing_header: SourceRoutingHeader { hop_index: 6, hops: [2, 14, 5, 8, 1, 4, 7, 10, 3, 12] }, session_id: 35, pack_type: FloodResponse(FloodResponse { flood_id: 38, path_trace: [(12, Client), (3, Drone), (10, Client), (7, Drone), (4, Drone), (1, Drone), (8, Drone), (5, Drone), (14, Server), (2, Drone)] }) }
2025-02-10 20:38:48 [INFO] [getdroned::get_droned] Drone 7 received a packet: Packet { routing_header: SourceRoutingHeader { hop_index: 6, hops: [2, 14, 5, 8, 1, 4, 7, 10, 3, 12] }, session_id: 39, pack_type: FloodResponse(FloodResponse { flood_id: 7, path_trace: [(12, Client), (3, Drone), (10, Client), (7, Drone), (4, Drone), (1, Drone), (8, Drone), (5, Drone), (14, Server), (2, Drone)] }) }
2025-02-10 20:38:48 [INFO] [getdroned::get_droned] Drone 7 received a packet: Packet { routing_header: SourceRoutingHeader { hop_index: 1, hops: [10, 7, 4, 1, 0] }, session_id: 62, pack_type: MsgFragment(Fragment { fragment_index: 0, total_n_fragments: 1, length: 27, data: [123, 34, 84, 121, 112, 101, 82, 101, 113, 117, 101, 115, 116, 34, 58, 123, 34, 102, 114, 111, 109, 34, 58, 49, 48, 125, 125, 0, 0, 0, 0, 0, 0, 0, 0, 0, 0, 0, 0, 0, 0, 0, 0, 0, 0, 0, 0, 0, 0, 0, 0, 0, 0, 0, 0, 0, 0, 0, 0, 0, 0, 0, 0, 0, 0, 0, 0, 0, 0, 0, 0, 0, 0, 0, 0, 0, 0, 0, 0, 0, 0, 0, 0, 0, 0, 0, 0, 0, 0, 0, 0, 0, 0, 0, 0, 0, 0, 0, 0, 0, 0, 0, 0, 0, 0, 0, 0, 0, 0, 0, 0, 0, 0, 0, 0, 0, 0, 0, 0, 0, 0, 0, 0, 0, 0, 0, 0, 0] }) }
2025-02-10 20:38:48 [INFO] [rust_do_it::drone] Drone 4 received packet Packet { routing_header: SourceRoutingHeader { hop_index: 5, hops: [9, 6, 3, 10, 7, 4, 1, 0] }, session_id: 15, pack_type: FloodResponse(FloodResponse { flood_id: 15, path_trace: [(0, Client), (1, Drone), (4, Drone), (7, Drone), (10, Client), (3, Drone), (6, Drone), (9, Client)] }) }
2025-02-10 20:38:48 [INFO] [rust_do_it::drone] Drone 4 received packet Packet { routing_header: SourceRoutingHeader { hop_index: 2, hops: [10, 7, 4, 1, 0] }, session_id: 62, pack_type: MsgFragment(Fragment { fragment_index: 0, total_n_fragments: 1, length: 27, data: [123, 34, 84, 121, 112, 101, 82, 101, 113, 117, 101, 115, 116, 34, 58, 123, 34, 102, 114, 111, 109, 34, 58, 49, 48, 125, 125, 0, 0, 0, 0, 0, 0, 0, 0, 0, 0, 0, 0, 0, 0, 0, 0, 0, 0, 0, 0, 0, 0, 0, 0, 0, 0, 0, 0, 0, 0, 0, 0, 0, 0, 0, 0, 0, 0, 0, 0, 0, 0, 0, 0, 0, 0, 0, 0, 0, 0, 0, 0, 0, 0, 0, 0, 0, 0, 0, 0, 0, 0, 0, 0, 0, 0, 0, 0, 0, 0, 0, 0, 0, 0, 0, 0, 0, 0, 0, 0, 0, 0, 0, 0, 0, 0, 0, 0, 0, 0, 0, 0, 0, 0, 0, 0, 0, 0, 0, 0, 0] }) }
2025-02-10 20:38:48 [INFO] [rustastic_drone::drone] [32m✓[0m [ Drone 3 ]: sent a FloodResponse with flood_id: 38 to [ Drone 12 ]
2025-02-10 20:38:48 [INFO] [rustastic_drone::drone] [32m✓[0m [ Drone 3 ]: has received the packet Packet { routing_header: SourceRoutingHeader { hop_index: 4, hops: [4, 16, 7, 10, 3, 12] }, session_id: 35, pack_type: FloodResponse(FloodResponse { flood_id: 38, path_trace: [(12, Client), (3, Drone), (10, Client), (7, Drone), (16, Server), (4, Drone)] }) }
2025-02-10 20:38:48 [INFO] [rustastic_drone::drone] [32m✓[0m Packet with [ session_id: 35 ] is being handled from [ Drone 3 ]
2025-02-10 20:38:48 [INFO] [rustastic_drone::drone] [32m✓[0m [ Drone 3 ]: sent a FloodResponse with flood_id: 38 to [ Drone 12 ]
2025-02-10 20:38:48 [INFO] [rustastic_drone::drone] [32m✓[0m [ Drone 3 ]: has received the packet Packet { routing_header: SourceRoutingHeader { hop_index: 4, hops: [4, 16, 7, 10, 3, 12] }, session_id: 39, pack_type: FloodResponse(FloodResponse { flood_id: 7, path_trace: [(12, Client), (3, Drone), (10, Client), (7, Drone), (16, Server), (4, Drone)] }) }
2025-02-10 20:38:48 [INFO] [rustastic_drone::drone] [32m✓[0m Packet with [ session_id: 39 ] is being handled from [ Drone 3 ]
2025-02-10 20:38:48 [INFO] [rustastic_drone::drone] [32m✓[0m [ Drone 3 ]: sent a FloodResponse with flood_id: 7 to [ Drone 12 ]
2025-02-10 20:38:48 [INFO] [rustastic_drone::drone] [32m✓[0m [ Drone 3 ]: has received the packet Packet { routing_header: SourceRoutingHeader { hop_index: 4, hops: [16, 4, 7, 10, 3, 12] }, session_id: 7, pack_type: FloodResponse(FloodResponse { flood_id: 7, path_trace: [(12, Client), (3, Drone), (10, Client), (7, Drone), (4, Drone), (16, Server)] }) }
2025-02-10 20:38:48 [INFO] [rustastic_drone::drone] [32m✓[0m Packet with [ session_id: 7 ] is being handled from [ Drone 3 ]
2025-02-10 20:38:48 [INFO] [rustastic_drone::drone] [32m✓[0m [ Drone 3 ]: sent a FloodResponse with flood_id: 7 to [ Drone 12 ]
2025-02-10 20:38:48 [INFO] [rustastic_drone::drone] [32m✓[0m [ Drone 3 ]: has received the packet Packet { routing_header: SourceRoutingHeader { hop_index: 0, hops: [] }, session_id: 33, pack_type: FloodRequest(FloodRequest { flood_id: 33, initiator_id: 0, path_trace: [(0, Client), (8, Drone), (15, Server)] }) }
2025-02-10 20:38:48 [INFO] [rustastic_drone::drone] [32m✓[0m [ Drone 3 ]: sent the FloodResponse to [ Drone 15 ]
└─>Reason: [33m!!![0m [ Drone 3 ]: has already received a FloodRequest with flood_id: 33
2025-02-10 20:38:48 [INFO] [rustastic_drone::drone] [32m✓[0m [ Drone 3 ]: has received the packet Packet { routing_header: SourceRoutingHeader { hop_index: 0, hops: [] }, session_id: 57, pack_type: FloodRequest(FloodRequest { flood_id: 4, initiator_id: 0, path_trace: [(0, Client), (8, Drone), (15, Server)] }) }
2025-02-10 20:38:48 [INFO] [rustastic_drone::drone] [32m✓[0m [ Drone 3 ]: sent the FloodResponse to [ Drone 15 ]
└─>Reason: [33m!!![0m [ Drone 3 ]: has already received a FloodRequest with flood_id: 4
2025-02-10 20:38:48 [INFO] [rustastic_drone::drone] [32m✓[0m [ Drone 3 ]: has received the packet Packet { routing_header: SourceRoutingHeader { hop_index: 4, hops: [14, 5, 8, 17, 3, 10] }, session_id: 12, pack_type: MsgFragment(Fragment { fragment_index: 0, total_n_fragments: 1, length: 27, data: [123, 34, 84, 121, 112, 101, 82, 101, 113, 117, 101, 115, 116, 34, 58, 123, 34, 102, 114, 111, 109, 34, 58, 49, 52, 125, 125, 0, 0, 0, 0, 0, 0, 0, 0, 0, 0, 0, 0, 0, 0, 0, 0, 0, 0, 0, 0, 0, 0, 0, 0, 0, 0, 0, 0, 0, 0, 0, 0, 0, 0, 0, 0, 0, 0, 0, 0, 0, 0, 0, 0, 0, 0, 0, 0, 0, 0, 0, 0, 0, 0, 0, 0, 0, 0, 0, 0, 0, 0, 0, 0, 0, 0, 0, 0, 0, 0, 0, 0, 0, 0, 0, 0, 0, 0, 0, 0, 0, 0, 0, 0, 0, 0, 0, 0, 0, 0, 0, 0, 0, 0, 0, 0, 0, 0, 0, 0, 0] }) }
2025-02-10 20:38:48 [INFO] [rustastic_drone::drone] [32m✓[0m Packet with [ session_id: 12 ] is being handled from [ Drone 3 ]
2025-02-10 20:38:48 [INFO] [rustastic_drone::drone] [32m✓[0m [ Drone 3 ]: forwarded the the fragment [ fragment_index: 0 ] of the Packet [ session_id: 12 ]
2025-02-10 20:38:48 [WARN] [rustastic_drone::drone] └─>[33m!!![0m Fragment was added to the [ Drone 3 ] buffer
2025-02-10 20:38:48 [INFO] [rustastic_drone::drone] [32m✓[0m [ Drone 3 ]: was sent a Fragment { index: 1 out of 1, data: 0x7b225479706552657175657374223a7b2266726f... + other 7 bytes } packet to [ Drone 10 ]
2025-02-10 20:38:48 [INFO] [rustastic_drone::drone] [32m✓[0m [ Drone 3 ]: has received the packet Packet { routing_header: SourceRoutingHeader { hop_index: 2, hops: [8, 17, 3, 10] }, session_id: 47, pack_type: FloodResponse(FloodResponse { flood_id: 22, path_trace: [(10, Client), (3, Drone), (17, Server), (8, Drone)] }) }
2025-02-10 20:38:48 [INFO] [rustastic_drone::drone] [32m✓[0m Packet with [ session_id: 47 ] is being handled from [ Drone 3 ]
2025-02-10 20:38:48 [INFO] [rustastic_drone::drone] [32m✓[0m [ Drone 3 ]: sent a FloodResponse with flood_id: 22 to [ Drone 10 ]
2025-02-10 20:38:48 [INFO] [rustastic_drone::drone] [32m✓[0m [ Drone 3 ]: has received the packet Packet { routing_header: SourceRoutingHeader { hop_index: 1, hops: [17, 3, 6, 9] }, session_id: 21, pack_type: Ack(Ack { fragment_index: 0 }) }
2025-02-10 20:38:48 [INFO] [rustastic_drone::drone] [32m✓[0m Packet with [ session_id: 21 ] is being handled from [ Drone 3 ]
2025-02-10 20:38:48 [INFO] [rustastic_drone::drone] [34mi[0m [ Drone 3 ]: received a Ack(0)
2025-02-10 20:38:48 [INFO] [rustastic_drone::drone] [32m✓[0m [ Drone 3 ]: was sent a Ack(0) packet to [ Drone 6 ]
2025-02-10 20:38:48 [INFO] [getdroned::get_droned] Drone 7 received a packet: Packet { routing_header: SourceRoutingHeader { hop_index: 1, hops: [10, 7, 18] }, session_id: 63, pack_type: MsgFragment(Fragment { fragment_index: 0, total_n_fragments: 1, length: 27, data: [123, 34, 84, 121, 112, 101, 82, 101, 113, 117, 101, 115, 116, 34, 58, 123, 34, 102, 114, 111, 109, 34, 58, 49, 48, 125, 125, 0, 0, 0, 0, 0, 0, 0, 0, 0, 0, 0, 0, 0, 0, 0, 0, 0, 0, 0, 0, 0, 0, 0, 0, 0, 0, 0, 0, 0, 0, 0, 0, 0, 0, 0, 0, 0, 0, 0, 0, 0, 0, 0, 0, 0, 0, 0, 0, 0, 0, 0, 0, 0, 0, 0, 0, 0, 0, 0, 0, 0, 0, 0, 0, 0, 0, 0, 0, 0, 0, 0, 0, 0, 0, 0, 0, 0, 0, 0, 0, 0, 0, 0, 0, 0, 0, 0, 0, 0, 0, 0, 0, 0, 0, 0, 0, 0, 0, 0, 0, 0] }) }
2025-02-10 20:38:48 [INFO] [rustastic_drone::drone] [32m✓[0m [ Drone 3 ]: has received the packet Packet { routing_header: SourceRoutingHeader { hop_index: 1, hops: [17, 3, 6, 9, 2, 5, 8, 1, 4, 18] }, session_id: 2, pack_type: FloodResponse(FloodResponse { flood_id: 2, path_trace: [(18, Server), (4, Drone), (1, Drone), (8, Drone), (5, Drone), (2, Drone), (9, Client), (6, Drone), (3, Drone), (17, Server)] }) }
2025-02-10 20:38:48 [INFO] [rustastic_drone::drone] [32m✓[0m Packet with [ session_id: 2 ] is being handled from [ Drone 3 ]
2025-02-10 20:38:48 [INFO] [rustastic_drone::drone] [32m✓[0m [ Drone 3 ]: sent a FloodResponse with flood_id: 2 to [ Drone 6 ]
2025-02-10 20:38:48 [INFO] [rust_do_it::drone] Drone 4 received packet Packet { routing_header: SourceRoutingHeader { hop_index: 6, hops: [9, 6, 3, 17, 8, 1, 4, 16] }, session_id: 8, pack_type: Ack(Ack { fragment_index: 0 }) }
2025-02-10 20:38:48 [INFO] [rustastic_drone::drone] [32m✓[0m [ Drone 3 ]: has received the packet Packet { routing_header: SourceRoutingHeader { hop_index: 1, hops: [10, 3, 6, 11] }, session_id: 41, pack_type: MsgFragment(Fragment { fragment_index: 0, total_n_fragments: 1, length: 27, data: [123, 34, 84, 121, 112, 101, 82, 101, 113, 117, 101, 115, 116, 34, 58, 123, 34, 102, 114, 111, 109, 34, 58, 49, 48, 125, 125, 0, 0, 0, 0, 0, 0, 0, 0, 0, 0, 0, 0, 0, 0, 0, 0, 0, 0, 0, 0, 0, 0, 0, 0, 0, 0, 0, 0, 0, 0, 0, 0, 0, 0, 0, 0, 0, 0, 0, 0, 0, 0, 0, 0, 0, 0, 0, 0, 0, 0, 0, 0, 0, 0, 0, 0, 0, 0, 0, 0, 0, 0, 0, 0, 0, 0, 0, 0, 0, 0, 0, 0, 0, 0, 0, 0, 0, 0, 0, 0, 0, 0, 0, 0, 0, 0, 0, 0, 0, 0, 0, 0, 0, 0, 0, 0, 0, 0, 0, 0, 0] }) }
2025-02-10 20:38:48 [INFO] [rustastic_drone::drone] [32m✓[0m Packet with [ session_id: 41 ] is being handled from [ Drone 3 ]
2025-02-10 20:38:48 [INFO] [rustastic_drone::drone] [32m✓[0m [ Drone 3 ]: forwarded the the fragment [ fragment_index: 0 ] of the Packet [ session_id: 41 ]
2025-02-10 20:38:48 [WARN] [rustastic_drone::drone] └─>[33m!!![0m Fragment was added to the [ Drone 3 ] buffer
2025-02-10 20:38:48 [INFO] [rustastic_drone::drone] [32m✓[0m [ Drone 3 ]: was sent a Fragment { index: 1 out of 1, data: 0x7b225479706552657175657374223a7b2266726f... + other 7 bytes } packet to [ Drone 6 ]
2025-02-10 20:38:48 [INFO] [rustastic_drone::drone] [32m✓[0m [ Drone 3 ]: has received the packet Packet { routing_header: SourceRoutingHeader { hop_index: 1, hops: [10, 3, 15, 8, 17] }, session_id: 51, pack_type: MsgFragment(Fragment { fragment_index: 0, total_n_fragments: 1, length: 27, data: [123, 34, 84, 121, 112, 101, 82, 101, 113, 117, 101, 115, 116, 34, 58, 123, 34, 102, 114, 111, 109, 34, 58, 49, 48, 125, 125, 0, 0, 0, 0, 0, 0, 0, 0, 0, 0, 0, 0, 0, 0, 0, 0, 0, 0, 0, 0, 0, 0, 0, 0, 0, 0, 0, 0, 0, 0, 0, 0, 0, 0, 0, 0, 0, 0, 0, 0, 0, 0, 0, 0, 0, 0, 0, 0, 0, 0, 0, 0, 0, 0, 0, 0, 0, 0, 0, 0, 0, 0, 0, 0, 0, 0, 0, 0, 0, 0, 0, 0, 0, 0, 0, 0, 0, 0, 0, 0, 0, 0, 0, 0, 0, 0, 0, 0, 0, 0, 0, 0, 0, 0, 0, 0, 0, 0, 0, 0, 0] }) }
2025-02-10 20:38:48 [INFO] [rustastic_drone::drone] [32m✓[0m Packet with [ session_id: 51 ] is being handled from [ Drone 3 ]
2025-02-10 20:38:48 [INFO] [rustastic_drone::drone] [32m✓[0m [ Drone 3 ]: forwarded the the fragment [ fragment_index: 0 ] of the Packet [ session_id: 51 ]
2025-02-10 20:38:48 [WARN] [rustastic_drone::drone] └─>[33m!!![0m Fragment was added to the [ Drone 3 ] buffer
2025-02-10 20:38:48 [INFO] [rustastic_drone::drone] [32m✓[0m [ Drone 3 ]: was sent a Fragment { index: 1 out of 1, data: 0x7b225479706552657175657374223a7b2266726f... + other 7 bytes } packet to [ Drone 15 ]
2025-02-10 20:38:48 [INFO] [rustastic_drone::drone] [32m✓[0m [ Drone 3 ]: has received the packet Packet { routing_header: SourceRoutingHeader { hop_index: 1, hops: [10, 3, 6, 9, 2, 14] }, session_id: 50, pack_type: MsgFragment(Fragment { fragment_index: 0, total_n_fragments: 1, length: 27, data: [123, 34, 84, 121, 112, 101, 82, 101, 113, 117, 101, 115, 116, 34, 58, 123, 34, 102, 114, 111, 109, 34, 58, 49, 48, 125, 125, 0, 0, 0, 0, 0, 0, 0, 0, 0, 0, 0, 0, 0, 0, 0, 0, 0, 0, 0, 0, 0, 0, 0, 0, 0, 0, 0, 0, 0, 0, 0, 0, 0, 0, 0, 0, 0, 0, 0, 0, 0, 0, 0, 0, 0, 0, 0, 0, 0, 0, 0, 0, 0, 0, 0, 0, 0, 0, 0, 0, 0, 0, 0, 0, 0, 0, 0, 0, 0, 0, 0, 0, 0, 0, 0, 0, 0, 0, 0, 0, 0, 0, 0, 0, 0, 0, 0, 0, 0, 0, 0, 0, 0, 0, 0, 0, 0, 0, 0, 0, 0] }) }
2025-02-10 20:38:48 [INFO] [rustastic_drone::drone] [32m✓[0m Packet with [ session_id: 50 ] is being handled from [ Drone 3 ]
2025-02-10 20:38:48 [INFO] [rustastic_drone::drone] [32m✓[0m [ Drone 3 ]: forwarded the the fragment [ fragment_index: 0 ] of the Packet [ session_id: 50 ]
2025-02-10 20:38:48 [WARN] [rustastic_drone::drone] └─>[33m!!![0m Fragment was added to the [ Drone 3 ] buffer
2025-02-10 20:38:48 [INFO] [getdroned::get_droned] Drone 7 received a packet: Packet { routing_header: SourceRoutingHeader { hop_index: 1, hops: [18, 7, 4, 1, 0] }, session_id: 33, pack_type: FloodResponse(FloodResponse { flood_id: 33, path_trace: [(0, Client), (1, Drone), (4, Drone), (7, Drone), (18, Server)] }) }
2025-02-10 20:38:48 [INFO] [rustastic_drone::drone] [32m✓[0m [ Drone 3 ]: was sent a Fragment { index: 1 out of 1, data: 0x7b225479706552657175657374223a7b2266726f... + other 7 bytes } packet to [ Drone 6 ]
2025-02-10 20:38:48 [INFO] [getdroned::get_droned] Drone 7 received a packet: Packet { routing_header: SourceRoutingHeader { hop_index: 1, hops: [18, 7, 4, 1, 0] }, session_id: 4, pack_type: FloodResponse(FloodResponse { flood_id: 4, path_trace: [(0, Client), (1, Drone), (4, Drone), (7, Drone), (18, Server)] }) }
2025-02-10 20:38:48 [INFO] [getdroned::get_droned] Drone 7 received a packet: Packet { routing_header: SourceRoutingHeader { hop_index: 0, hops: [] }, session_id: 63, pack_type: FloodRequest(FloodRequest { flood_id: 3, initiator_id: 11, path_trace: [(11, Client), (2, Drone), (5, Drone), (8, Drone), (1, Drone), (4, Drone), (18, Server)] }) }
2025-02-10 20:38:48 [INFO] [rust_do_it::drone] Drone 4 received packet Packet { routing_header: SourceRoutingHeader { hop_index: 2, hops: [18, 7, 4, 1, 0] }, session_id: 33, pack_type: FloodResponse(FloodResponse { flood_id: 33, path_trace: [(0, Client), (1, Drone), (4, Drone), (7, Drone), (18, Server)] }) }
2025-02-10 20:38:48 [INFO] [rust_do_it::drone] Drone 4 received packet Packet { routing_header: SourceRoutingHeader { hop_index: 2, hops: [18, 7, 4, 1, 0] }, session_id: 4, pack_type: FloodResponse(FloodResponse { flood_id: 4, path_trace: [(0, Client), (1, Drone), (4, Drone), (7, Drone), (18, Server)] }) }
2025-02-10 20:38:48 [INFO] [rustastic_drone::drone] [32m✓[0m [ Drone 3 ]: has received the packet Packet { routing_header: SourceRoutingHeader { hop_index: 1, hops: [10, 3, 15] }, session_id: 61, pack_type: MsgFragment(Fragment { fragment_index: 0, total_n_fragments: 1, length: 27, data: [123, 34, 84, 121, 112, 101, 82, 101, 113, 117, 101, 115, 116, 34, 58, 123, 34, 102, 114, 111, 109, 34, 58, 49, 48, 125, 125, 0, 0, 0, 0, 0, 0, 0, 0, 0, 0, 0, 0, 0, 0, 0, 0, 0, 0, 0, 0, 0, 0, 0, 0, 0, 0, 0, 0, 0, 0, 0, 0, 0, 0, 0, 0, 0, 0, 0, 0, 0, 0, 0, 0, 0, 0, 0, 0, 0, 0, 0, 0, 0, 0, 0, 0, 0, 0, 0, 0, 0, 0, 0, 0, 0, 0, 0, 0, 0, 0, 0, 0, 0, 0, 0, 0, 0, 0, 0, 0, 0, 0, 0, 0, 0, 0, 0, 0, 0, 0, 0, 0, 0, 0, 0, 0, 0, 0, 0, 0, 0] }) }
2025-02-10 20:38:48 [INFO] [rustastic_drone::drone] [32m✓[0m Packet with [ session_id: 61 ] is being handled from [ Drone 3 ]
2025-02-10 20:38:48 [INFO] [rustastic_drone::drone] [32m✓[0m [ Drone 3 ]: forwarded the the fragment [ fragment_index: 0 ] of the Packet [ session_id: 61 ]
2025-02-10 20:38:48 [WARN] [rustastic_drone::drone] └─>[33m!!![0m Fragment was added to the [ Drone 3 ] buffer
2025-02-10 20:38:48 [INFO] [rustastic_drone::drone] [32m✓[0m [ Drone 3 ]: was sent a Fragment { index: 1 out of 1, data: 0x7b225479706552657175657374223a7b2266726f... + other 7 bytes } packet to [ Drone 15 ]
2025-02-10 20:38:48 [INFO] [rustastic_drone::drone] [32m✓[0m [ Drone 3 ]: has received the packet Packet { routing_header: SourceRoutingHeader { hop_index: 0, hops: [] }, session_id: 55, pack_type: FloodRequest(FloodRequest { flood_id: 15, initiator_id: 0, path_trace: [(0, Client), (8, Drone), (15, Server)] }) }
2025-02-10 20:38:48 [INFO] [rustastic_drone::drone] [32m✓[0m [ Drone 3 ]: sent the FloodResponse to [ Drone 15 ]
└─>Reason: [33m!!![0m [ Drone 3 ]: has already received a FloodRequest with flood_id: 15
2025-02-10 20:38:48 [INFO] [getdroned::get_droned] Drone 7 received a packet: Packet { routing_header: SourceRoutingHeader { hop_index: 1, hops: [10, 7, 16] }, session_id: 40, pack_type: MsgFragment(Fragment { fragment_index: 0, total_n_fragments: 1, length: 27, data: [123, 34, 84, 121, 112, 101, 82, 101, 113, 117, 101, 115, 116, 34, 58, 123, 34, 102, 114, 111, 109, 34, 58, 49, 48, 125, 125, 0, 0, 0, 0, 0, 0, 0, 0, 0, 0, 0, 0, 0, 0, 0, 0, 0, 0, 0, 0, 0, 0, 0, 0, 0, 0, 0, 0, 0, 0, 0, 0, 0, 0, 0, 0, 0, 0, 0, 0, 0, 0, 0, 0, 0, 0, 0, 0, 0, 0, 0, 0, 0, 0, 0, 0, 0, 0, 0, 0, 0, 0, 0, 0, 0, 0, 0, 0, 0, 0, 0, 0, 0, 0, 0, 0, 0, 0, 0, 0, 0, 0, 0, 0, 0, 0, 0, 0, 0, 0, 0, 0, 0, 0, 0, 0, 0, 0, 0, 0, 0] }) }
2025-02-10 20:38:48 [INFO] [getdroned::get_droned] Drone 7 received a packet: Packet { routing_header: SourceRoutingHeader { hop_index: 1, hops: [16, 7, 10] }, session_id: 40, pack_type: Ack(Ack { fragment_index: 0 }) }
2025-02-10 20:38:48 [INFO] [getdroned::get_droned] Drone 7 received a packet: Packet { routing_header: SourceRoutingHeader { hop_index: 4, hops: [6, 12, 3, 10, 7, 4, 1, 0] }, session_id: 55, pack_type: FloodResponse(FloodResponse { flood_id: 15, path_trace: [(0, Client), (1, Drone), (4, Drone), (7, Drone), (10, Client), (3, Drone), (12, Client), (6, Drone)] }) }
2025-02-10 20:38:48 [INFO] [rustastic_drone::drone] [32m✓[0m [ Drone 3 ]: has received the packet Packet { routing_header: SourceRoutingHeader { hop_index: 1, hops: [10, 3, 12] }, session_id: 38, pack_type: MsgFragment(Fragment { fragment_index: 0, total_n_fragments: 1, length: 27, data: [123, 34, 84, 121, 112, 101, 82, 101, 113, 117, 101, 115, 116, 34, 58, 123, 34, 102, 114, 111, 109, 34, 58, 49, 48, 125, 125, 0, 0, 0, 0, 0, 0, 0, 0, 0, 0, 0, 0, 0, 0, 0, 0, 0, 0, 0, 0, 0, 0, 0, 0, 0, 0, 0, 0, 0, 0, 0, 0, 0, 0, 0, 0, 0, 0, 0, 0, 0, 0, 0, 0, 0, 0, 0, 0, 0, 0, 0, 0, 0, 0, 0, 0, 0, 0, 0, 0, 0, 0, 0, 0, 0, 0, 0, 0, 0, 0, 0, 0, 0, 0, 0, 0, 0, 0, 0, 0, 0, 0, 0, 0, 0, 0, 0, 0, 0, 0, 0, 0, 0, 0, 0, 0, 0, 0, 0, 0, 0] }) }
2025-02-10 20:38:48 [INFO] [rustastic_drone::drone] [32m✓[0m Packet with [ session_id: 38 ] is being handled from [ Drone 3 ]
2025-02-10 20:38:48 [INFO] [rustastic_drone::drone] [32m✓[0m [ Drone 3 ]: forwarded the the fragment [ fragment_index: 0 ] of the Packet [ session_id: 38 ]
2025-02-10 20:38:48 [WARN] [rustastic_drone::drone] └─>[33m!!![0m Fragment was added to the [ Drone 3 ] buffer
2025-02-10 20:38:48 [INFO] [rustastic_drone::drone] [32m✓[0m [ Drone 3 ]: was sent a Fragment { index: 1 out of 1, data: 0x7b225479706552657175657374223a7b2266726f... + other 7 bytes } packet to [ Drone 12 ]
2025-02-10 20:38:48 [INFO] [rustastic_drone::drone] [32m✓[0m [ Drone 3 ]: has received the packet Packet { routing_header: SourceRoutingHeader { hop_index: 1, hops: [10, 3, 6, 9] }, session_id: 42, pack_type: MsgFragment(Fragment { fragment_index: 0, total_n_fragments: 1, length: 27, data: [123, 34, 84, 121, 112, 101, 82, 101, 113, 117, 101, 115, 116, 34, 58, 123, 34, 102, 114, 111, 109, 34, 58, 49, 48, 125, 125, 0, 0, 0, 0, 0, 0, 0, 0, 0, 0, 0, 0, 0, 0, 0, 0, 0, 0, 0, 0, 0, 0, 0, 0, 0, 0, 0, 0, 0, 0, 0, 0, 0, 0, 0, 0, 0, 0, 0, 0, 0, 0, 0, 0, 0, 0, 0, 0, 0, 0, 0, 0, 0, 0, 0, 0, 0, 0, 0, 0, 0, 0, 0, 0, 0, 0, 0, 0, 0, 0, 0, 0, 0, 0, 0, 0, 0, 0, 0, 0, 0, 0, 0, 0, 0, 0, 0, 0, 0, 0, 0, 0, 0, 0, 0, 0, 0, 0, 0, 0, 0] }) }
2025-02-10 20:38:48 [INFO] [rustastic_drone::drone] [32m✓[0m Packet with [ session_id: 42 ] is being handled from [ Drone 3 ]
2025-02-10 20:38:48 [INFO] [rustastic_drone::drone] [32m✓[0m [ Drone 3 ]: forwarded the the fragment [ fragment_index: 0 ] of the Packet [ session_id: 42 ]
2025-02-10 20:38:48 [WARN] [rustastic_drone::drone] └─>[33m!!![0m Fragment was added to the [ Drone 3 ] buffer
2025-02-10 20:38:48 [INFO] [rustastic_drone::drone] [32m✓[0m [ Drone 3 ]: was sent a Fragment { index: 1 out of 1, data: 0x7b225479706552657175657374223a7b2266726f... + other 7 bytes } packet to [ Drone 6 ]
2025-02-10 20:38:48 [INFO] [rustastic_drone::drone] [32m✓[0m [ Drone 3 ]: has received the packet Packet { routing_header: SourceRoutingHeader { hop_index: 1, hops: [10, 3, 6, 9] }, session_id: 27, pack_type: MsgFragment(Fragment { fragment_index: 0, total_n_fragments: 1, length: 64, data: [123, 34, 84, 121, 112, 101, 82, 101, 115, 112, 111, 110, 115, 101, 34, 58, 123, 34, 101, 100, 103, 101, 95, 116, 121, 112, 101, 34, 58, 123, 34, 67, 108, 105, 101, 110, 116, 34, 58, 34, 87, 101, 98, 66, 114, 111, 119, 115, 101, 114, 34, 125, 44, 34, 102, 114, 111, 109, 34, 58, 49, 48, 125, 125, 0, 0, 0, 0, 0, 0, 0, 0, 0, 0, 0, 0, 0, 0, 0, 0, 0, 0, 0, 0, 0, 0, 0, 0, 0, 0, 0, 0, 0, 0, 0, 0, 0, 0, 0, 0, 0, 0, 0, 0, 0, 0, 0, 0, 0, 0, 0, 0, 0, 0, 0, 0, 0, 0, 0, 0, 0, 0, 0, 0, 0, 0, 0, 0] }) }
2025-02-10 20:38:48 [INFO] [rustastic_drone::drone] [32m✓[0m Packet with [ session_id: 27 ] is being handled from [ Drone 3 ]
2025-02-10 20:38:48 [INFO] [rustastic_drone::drone] [32m✓[0m [ Drone 3 ]: forwarded the the fragment [ fragment_index: 0 ] of the Packet [ session_id: 27 ]
2025-02-10 20:38:48 [WARN] [rustastic_drone::drone] └─>[33m!!![0m Fragment was added to the [ Drone 3 ] buffer
2025-02-10 20:38:48 [INFO] [rustastic_drone::drone] [32m✓[0m [ Drone 3 ]: was sent a Fragment { index: 1 out of 1, data: 0x7b2254797065526573706f6e7365223a7b226564... + other 44 bytes } packet to [ Drone 6 ]
2025-02-10 20:38:48 [INFO] [rustastic_drone::drone] [32m✓[0m [ Drone 3 ]: has received the packet Packet { routing_header: SourceRoutingHeader { hop_index: 8, hops: [9, 2, 5, 8, 1, 4, 7, 10, 3, 12] }, session_id: 38, pack_type: FloodResponse(FloodResponse { flood_id: 38, path_trace: [(12, Client), (3, Drone), (10, Client), (7, Drone), (4, Drone), (1, Drone), (8, Drone), (5, Drone), (2, Drone), (9, Client)] }) }
2025-02-10 20:38:48 [INFO] [rustastic_drone::drone] [32m✓[0m Packet with [ session_id: 38 ] is being handled from [ Drone 3 ]
2025-02-10 20:38:48 [INFO] [rustastic_drone::drone] [32m✓[0m [ Drone 3 ]: sent a FloodResponse with flood_id: 38 to [ Drone 12 ]
2025-02-10 20:38:48 [INFO] [rustastic_drone::drone] [32m✓[0m [ Drone 3 ]: has received the packet Packet { routing_header: SourceRoutingHeader { hop_index: 8, hops: [9, 2, 5, 8, 1, 4, 7, 10, 3, 12] }, session_id: 7, pack_type: FloodResponse(FloodResponse { flood_id: 7, path_trace: [(12, Client), (3, Drone), (10, Client), (7, Drone), (4, Drone), (1, Drone), (8, Drone), (5, Drone), (2, Drone), (9, Client)] }) }
2025-02-10 20:38:48 [INFO] [rustastic_drone::drone] [32m✓[0m Packet with [ session_id: 7 ] is being handled from [ Drone 3 ]
2025-02-10 20:38:48 [INFO] [rustastic_drone::drone] [32m✓[0m [ Drone 3 ]: sent a FloodResponse with flood_id: 7 to [ Drone 12 ]
2025-02-10 20:38:48 [INFO] [rustastic_drone::drone] [32m✓[0m [ Drone 3 ]: has received the packet Packet { routing_header: SourceRoutingHeader { hop_index: 6, hops: [0, 8, 1, 4, 7, 10, 3, 12] }, session_id: 38, pack_type: FloodResponse(FloodResponse { flood_id: 38, path_trace: [(12, Client), (3, Drone), (10, Client), (7, Drone), (4, Drone), (1, Drone), (8, Drone), (0, Client)] }) }
2025-02-10 20:38:48 [INFO] [rustastic_drone::drone] [32m✓[0m Packet with [ session_id: 38 ] is being handled from [ Drone 3 ]
2025-02-10 20:38:48 [INFO] [rustastic_drone::drone] [32m✓[0m [ Drone 3 ]: sent a FloodResponse with flood_id: 38 to [ Drone 12 ]
2025-02-10 20:38:48 [INFO] [rustastic_drone::drone] [32m✓[0m [ Drone 3 ]: has received the packet Packet { routing_header: SourceRoutingHeader { hop_index: 6, hops: [0, 8, 1, 4, 7, 10, 3, 12] }, session_id: 7, pack_type: FloodResponse(FloodResponse { flood_id: 7, path_trace: [(12, Client), (3, Drone), (10, Client), (7, Drone), (4, Drone), (1, Drone), (8, Drone), (0, Client)] }) }
2025-02-10 20:38:48 [INFO] [rustastic_drone::drone] [32m✓[0m Packet with [ session_id: 7 ] is being handled from [ Drone 3 ]
2025-02-10 20:38:48 [INFO] [rustastic_drone::drone] [32m✓[0m [ Drone 3 ]: sent a FloodResponse with flood_id: 7 to [ Drone 12 ]
2025-02-10 20:38:48 [INFO] [rustastic_drone::drone] [32m✓[0m [ Drone 3 ]: has received the packet Packet { routing_header: SourceRoutingHeader { hop_index: 8, hops: [14, 2, 5, 8, 1, 4, 7, 10, 3, 12] }, session_id: 38, pack_type: FloodResponse(FloodResponse { flood_id: 38, path_trace: [(12, Client), (3, Drone), (10, Client), (7, Drone), (4, Drone), (1, Drone), (8, Drone), (5, Drone), (2, Drone), (14, Server)] }) }
2025-02-10 20:38:48 [INFO] [rustastic_drone::drone] [32m✓[0m Packet with [ session_id: 38 ] is being handled from [ Drone 3 ]
2025-02-10 20:38:48 [INFO] [rustastic_drone::drone] [32m✓[0m [ Drone 3 ]: sent a FloodResponse with flood_id: 38 to [ Drone 12 ]
2025-02-10 20:38:48 [INFO] [rustastic_drone::drone] [32m✓[0m [ Drone 3 ]: has received the packet Packet { routing_header: SourceRoutingHeader { hop_index: 8, hops: [14, 2, 5, 8, 1, 4, 7, 10, 3, 12] }, session_id: 7, pack_type: FloodResponse(FloodResponse { flood_id: 7, path_trace: [(12, Client), (3, Drone), (10, Client), (7, Drone), (4, Drone), (1, Drone), (8, Drone), (5, Drone), (2, Drone), (14, Server)] }) }
2025-02-10 20:38:48 [INFO] [rustastic_drone::drone] [32m✓[0m Packet with [ session_id: 7 ] is being handled from [ Drone 3 ]
2025-02-10 20:38:48 [INFO] [rustastic_drone::drone] [32m✓[0m [ Drone 3 ]: sent a FloodResponse with flood_id: 7 to [ Drone 12 ]
2025-02-10 20:38:48 [INFO] [rustastic_drone::drone] [32m✓[0m [ Drone 3 ]: has received the packet Packet { routing_header: SourceRoutingHeader { hop_index: 8, hops: [2, 14, 5, 8, 1, 4, 7, 10, 3, 12] }, session_id: 35, pack_type: FloodResponse(FloodResponse { flood_id: 38, path_trace: [(12, Client), (3, Drone), (10, Client), (7, Drone), (4, Drone), (1, Drone), (8, Drone), (5, Drone), (14, Server), (2, Drone)] }) }
2025-02-10 20:38:48 [INFO] [rustastic_drone::drone] [32m✓[0m Packet with [ session_id: 35 ] is being handled from [ Drone 3 ]
2025-02-10 20:38:48 [INFO] [rustastic_drone::drone] [32m✓[0m [ Drone 3 ]: sent a FloodResponse with flood_id: 38 to [ Drone 12 ]
2025-02-10 20:38:48 [INFO] [rustastic_drone::drone] [32m✓[0m [ Drone 3 ]: has received the packet Packet { routing_header: SourceRoutingHeader { hop_index: 8, hops: [2, 14, 5, 8, 1, 4, 7, 10, 3, 12] }, session_id: 39, pack_type: FloodResponse(FloodResponse { flood_id: 7, path_trace: [(12, Client), (3, Drone), (10, Client), (7, Drone), (4, Drone), (1, Drone), (8, Drone), (5, Drone), (14, Server), (2, Drone)] }) }
2025-02-10 20:38:48 [INFO] [rustastic_drone::drone] [32m✓[0m Packet with [ session_id: 39 ] is being handled from [ Drone 3 ]
2025-02-10 20:38:48 [INFO] [rustastic_drone::drone] [32m✓[0m [ Drone 3 ]: sent a FloodResponse with flood_id: 7 to [ Drone 12 ]
2025-02-10 20:38:48 [INFO] [rustastic_drone::drone] [32m✓[0m [ Drone 3 ]: has received the packet Packet { routing_header: SourceRoutingHeader { hop_index: 1, hops: [10, 3, 17, 8, 5, 14] }, session_id: 12, pack_type: Ack(Ack { fragment_index: 0 }) }
2025-02-10 20:38:48 [INFO] [rustastic_drone::drone] [32m✓[0m Packet with [ session_id: 12 ] is being handled from [ Drone 3 ]
2025-02-10 20:38:48 [INFO] [rustastic_drone::drone] [34mi[0m [ Drone 3 ]: received a Ack(0)
2025-02-10 20:38:48 [INFO] [rustastic_drone::drone] [32m✓[0m [ Drone 3 ]: was sent a Ack(0) packet to [ Drone 17 ]
2025-02-10 20:38:48 [INFO] [rustastic_drone::drone] [32m✓[0m [ Drone 3 ]: has received the packet Packet { routing_header: SourceRoutingHeader { hop_index: 1, hops: [10, 3, 6, 9, 2, 14] }, session_id: 37, pack_type: MsgFragment(Fragment { fragment_index: 0, total_n_fragments: 1, length: 64, data: [123, 34, 84, 121, 112, 101, 82, 101, 115, 112, 111, 110, 115, 101, 34, 58, 123, 34, 101, 100, 103, 101, 95, 116, 121, 112, 101, 34, 58, 123, 34, 67, 108, 105, 101, 110, 116, 34, 58, 34, 87, 101, 98, 66, 114, 111, 119, 115, 101, 114, 34, 125, 44, 34, 102, 114, 111, 109, 34, 58, 49, 48, 125, 125, 0, 0, 0, 0, 0, 0, 0, 0, 0, 0, 0, 0, 0, 0, 0, 0, 0, 0, 0, 0, 0, 0, 0, 0, 0, 0, 0, 0, 0, 0, 0, 0, 0, 0, 0, 0, 0, 0, 0, 0, 0, 0, 0, 0, 0, 0, 0, 0, 0, 0, 0, 0, 0, 0, 0, 0, 0, 0, 0, 0, 0, 0, 0, 0] }) }
2025-02-10 20:38:48 [INFO] [rustastic_drone::drone] [32m✓[0m Packet with [ session_id: 37 ] is being handled from [ Drone 3 ]
2025-02-10 20:38:48 [INFO] [rustastic_drone::drone] [32m✓[0m [ Drone 3 ]: forwarded the the fragment [ fragment_index: 0 ] of the Packet [ session_id: 37 ]
2025-02-10 20:38:48 [WARN] [rustastic_drone::drone] └─>[33m!!![0m Fragment was added to the [ Drone 3 ] buffer
2025-02-10 20:38:48 [INFO] [rustastic_drone::drone] [32m✓[0m [ Drone 3 ]: was sent a Fragment { index: 1 out of 1, data: 0x7b2254797065526573706f6e7365223a7b226564... + other 44 bytes } packet to [ Drone 6 ]
2025-02-10 20:38:48 [INFO] [rust_do_it::drone] Drone 4 received packet Packet { routing_header: SourceRoutingHeader { hop_index: 5, hops: [6, 12, 3, 10, 7, 4, 1, 0] }, session_id: 55, pack_type: FloodResponse(FloodResponse { flood_id: 15, path_trace: [(0, Client), (1, Drone), (4, Drone), (7, Drone), (10, Client), (3, Drone), (12, Client), (6, Drone)] }) }
2025-02-10 20:38:48 [INFO] [getdroned::get_droned] Drone 7 received a packet: Packet { routing_header: SourceRoutingHeader { hop_index: 1, hops: [16, 7, 10] }, session_id: 15, pack_type: MsgFragment(Fragment { fragment_index: 0, total_n_fragments: 1, length: 71, data: [123, 34, 84, 121, 112, 101, 82, 101, 115, 112, 111, 110, 115, 101, 34, 58, 123, 34, 101, 100, 103, 101, 95, 116, 121, 112, 101, 34, 58, 123, 34, 83, 101, 114, 118, 101, 114, 34, 58, 123, 34, 67, 111, 110, 116, 101, 110, 116, 34, 58, 34, 77, 101, 100, 105, 97, 34, 125, 125, 44, 34, 102, 114, 111, 109, 34, 58, 49, 54, 125, 125, 0, 0, 0, 0, 0, 0, 0, 0, 0, 0, 0, 0, 0, 0, 0, 0, 0, 0, 0, 0, 0, 0, 0, 0, 0, 0, 0, 0, 0, 0, 0, 0, 0, 0, 0, 0, 0, 0, 0, 0, 0, 0, 0, 0, 0, 0, 0, 0, 0, 0, 0, 0, 0, 0, 0, 0, 0] }) }
2025-02-10 20:38:48 [INFO] [getdroned::get_droned] Drone 7 received a packet: Packet { routing_header: SourceRoutingHeader { hop_index: 1, hops: [18, 7, 10, 3, 12] }, session_id: 16, pack_type: MsgFragment(Fragment { fragment_index: 0, total_n_fragments: 1, length: 27, data: [123, 34, 84, 121, 112, 101, 82, 101, 113, 117, 101, 115, 116, 34, 58, 123, 34, 102, 114, 111, 109, 34, 58, 49, 56, 125, 125, 0, 0, 0, 0, 0, 0, 0, 0, 0, 0, 0, 0, 0, 0, 0, 0, 0, 0, 0, 0, 0, 0, 0, 0, 0, 0, 0, 0, 0, 0, 0, 0, 0, 0, 0, 0, 0, 0, 0, 0, 0, 0, 0, 0, 0, 0, 0, 0, 0, 0, 0, 0, 0, 0, 0, 0, 0, 0, 0, 0, 0, 0, 0, 0, 0, 0, 0, 0, 0, 0, 0, 0, 0, 0, 0, 0, 0, 0, 0, 0, 0, 0, 0, 0, 0, 0, 0, 0, 0, 0, 0, 0, 0, 0, 0, 0, 0, 0, 0, 0, 0] }) }
2025-02-10 20:38:48 [INFO] [getdroned::get_droned] Drone 7 received a packet: Packet { routing_header: SourceRoutingHeader { hop_index: 0, hops: [] }, session_id: 55, pack_type: FloodRequest(FloodRequest { flood_id: 15, initiator_id: 0, path_trace: [(0, Client), (1, Drone), (4, Drone), (18, Server)] }) }
2025-02-10 20:38:48 [INFO] [rust_do_it::drone] Drone 4 received packet Packet { routing_header: SourceRoutingHeader { hop_index: 8, hops: [15, 3, 6, 9, 2, 5, 8, 1, 4, 18] }, session_id: 2, pack_type: FloodResponse(FloodResponse { flood_id: 2, path_trace: [(18, Server), (4, Drone), (1, Drone), (8, Drone), (5, Drone), (2, Drone), (9, Client), (6, Drone), (3, Drone), (15, Server)] }) }
2025-02-10 20:38:48 [INFO] [rust_do_it::drone] Drone 4 received packet Packet { routing_header: SourceRoutingHeader { hop_index: 8, hops: [3, 12, 6, 9, 2, 5, 8, 1, 4, 18] }, session_id: 11, pack_type: FloodResponse(FloodResponse { flood_id: 2, path_trace: [(18, Server), (4, Drone), (1, Drone), (8, Drone), (5, Drone), (2, Drone), (9, Client), (6, Drone), (12, Client), (3, Drone)] }) }
2025-02-10 20:38:48 [INFO] [rust_do_it::drone] Drone 4 received packet Packet { routing_header: SourceRoutingHeader { hop_index: 8, hops: [17, 3, 6, 9, 2, 5, 8, 1, 4, 18] }, session_id: 2, pack_type: FloodResponse(FloodResponse { flood_id: 2, path_trace: [(18, Server), (4, Drone), (1, Drone), (8, Drone), (5, Drone), (2, Drone), (9, Client), (6, Drone), (3, Drone), (17, Server)] }) }
2025-02-10 20:38:48 [INFO] [rustastic_drone::drone] [32m✓[0m [ Drone 3 ]: has received the packet Packet { routing_header: SourceRoutingHeader { hop_index: 2, hops: [11, 6, 3, 10, 7, 4, 1, 0] }, session_id: 15, pack_type: FloodResponse(FloodResponse { flood_id: 15, path_trace: [(0, Client), (1, Drone), (4, Drone), (7, Drone), (10, Client), (3, Drone), (6, Drone), (11, Client)] }) }
2025-02-10 20:38:48 [INFO] [rustastic_drone::drone] [32m✓[0m Packet with [ session_id: 15 ] is being handled from [ Drone 3 ]
2025-02-10 20:38:48 [INFO] [rustastic_drone::drone] [32m✓[0m [ Drone 3 ]: sent a FloodResponse with flood_id: 15 to [ Drone 10 ]
2025-02-10 20:38:48 [INFO] [getdroned::get_droned] Drone 7 received a packet: Packet { routing_header: SourceRoutingHeader { hop_index: 1, hops: [10, 7, 16] }, session_id: 15, pack_type: Ack(Ack { fragment_index: 0 }) }
2025-02-10 20:38:48 [INFO] [rustastic_drone::drone] [32m✓[0m [ Drone 3 ]: has received the packet Packet { routing_header: SourceRoutingHeader { hop_index: 3, hops: [18, 7, 10, 3, 12] }, session_id: 16, pack_type: MsgFragment(Fragment { fragment_index: 0, total_n_fragments: 1, length: 27, data: [123, 34, 84, 121, 112, 101, 82, 101, 113, 117, 101, 115, 116, 34, 58, 123, 34, 102, 114, 111, 109, 34, 58, 49, 56, 125, 125, 0, 0, 0, 0, 0, 0, 0, 0, 0, 0, 0, 0, 0, 0, 0, 0, 0, 0, 0, 0, 0, 0, 0, 0, 0, 0, 0, 0, 0, 0, 0, 0, 0, 0, 0, 0, 0, 0, 0, 0, 0, 0, 0, 0, 0, 0, 0, 0, 0, 0, 0, 0, 0, 0, 0, 0, 0, 0, 0, 0, 0, 0, 0, 0, 0, 0, 0, 0, 0, 0, 0, 0, 0, 0, 0, 0, 0, 0, 0, 0, 0, 0, 0, 0, 0, 0, 0, 0, 0, 0, 0, 0, 0, 0, 0, 0, 0, 0, 0, 0, 0] }) }
2025-02-10 20:38:48 [INFO] [getdroned::get_droned] Drone 7 received a packet: Packet { routing_header: SourceRoutingHeader { hop_index: 4, hops: [11, 6, 3, 10, 7, 4, 1, 0] }, session_id: 15, pack_type: FloodResponse(FloodResponse { flood_id: 15, path_trace: [(0, Client), (1, Drone), (4, Drone), (7, Drone), (10, Client), (3, Drone), (6, Drone), (11, Client)] }) }
2025-02-10 20:38:48 [INFO] [rustastic_drone::drone] [32m✓[0m Packet with [ session_id: 16 ] is being handled from [ Drone 3 ]
2025-02-10 20:38:48 [INFO] [rustastic_drone::drone] [32m✓[0m [ Drone 3 ]: forwarded the the fragment [ fragment_index: 0 ] of the Packet [ session_id: 16 ]
2025-02-10 20:38:48 [INFO] [rust_do_it::drone] Drone 4 received packet Packet { routing_header: SourceRoutingHeader { hop_index: 5, hops: [11, 6, 3, 10, 7, 4, 1, 0] }, session_id: 15, pack_type: FloodResponse(FloodResponse { flood_id: 15, path_trace: [(0, Client), (1, Drone), (4, Drone), (7, Drone), (10, Client), (3, Drone), (6, Drone), (11, Client)] }) }
2025-02-10 20:38:48 [WARN] [rustastic_drone::drone] └─>[33m!!![0m Fragment was added to the [ Drone 3 ] buffer
2025-02-10 20:38:48 [INFO] [rustastic_drone::drone] [32m✓[0m [ Drone 3 ]: was sent a Fragment { index: 1 out of 1, data: 0x7b225479706552657175657374223a7b2266726f... + other 7 bytes } packet to [ Drone 12 ]
2025-02-10 20:38:48 [INFO] [getdroned::get_droned] Drone 7 received a packet: Packet { routing_header: SourceRoutingHeader { hop_index: 0, hops: [] }, session_id: 53, pack_type: FloodRequest(FloodRequest { flood_id: 16, initiator_id: 11, path_trace: [(11, Client), (2, Drone), (5, Drone), (8, Drone), (1, Drone), (4, Drone), (18, Server)] }) }
2025-02-10 20:38:48 [INFO] [getdroned::get_droned] Drone 7 received a packet: Packet { routing_header: SourceRoutingHeader { hop_index: 1, hops: [18, 7, 4, 1, 8, 5, 2, 11] }, session_id: 3, pack_type: FloodResponse(FloodResponse { flood_id: 3, path_trace: [(11, Client), (2, Drone), (5, Drone), (8, Drone), (1, Drone), (4, Drone), (7, Drone), (18, Server)] }) }
2025-02-10 20:38:48 [INFO] [getdroned::get_droned] Drone 7 received a packet: Packet { routing_header: SourceRoutingHeader { hop_index: 1, hops: [18, 7, 4, 1, 0] }, session_id: 15, pack_type: FloodResponse(FloodResponse { flood_id: 15, path_trace: [(0, Client), (1, Drone), (4, Drone), (7, Drone), (18, Server)] }) }
2025-02-10 20:38:48 [INFO] [rust_do_it::drone] Drone 4 received packet Packet { routing_header: SourceRoutingHeader { hop_index: 2, hops: [18, 7, 4, 1, 8, 5, 2, 11] }, session_id: 3, pack_type: FloodResponse(FloodResponse { flood_id: 3, path_trace: [(11, Client), (2, Drone), (5, Drone), (8, Drone), (1, Drone), (4, Drone), (7, Drone), (18, Server)] }) }
2025-02-10 20:38:48 [INFO] [getdroned::get_droned] Drone 7 received a packet: Packet { routing_header: SourceRoutingHeader { hop_index: 1, hops: [18, 7, 4, 1, 8, 5, 2, 11] }, session_id: 16, pack_type: FloodResponse(FloodResponse { flood_id: 16, path_trace: [(11, Client), (2, Drone), (5, Drone), (8, Drone), (1, Drone), (4, Drone), (7, Drone), (18, Server)] }) }
2025-02-10 20:38:48 [INFO] [rust_do_it::drone] Drone 4 received packet Packet { routing_header: SourceRoutingHeader { hop_index: 2, hops: [18, 7, 4, 1, 0] }, session_id: 15, pack_type: FloodResponse(FloodResponse { flood_id: 15, path_trace: [(0, Client), (1, Drone), (4, Drone), (7, Drone), (18, Server)] }) }
2025-02-10 20:38:48 [INFO] [rust_do_it::drone] Drone 4 received packet Packet { routing_header: SourceRoutingHeader { hop_index: 2, hops: [18, 7, 4, 1, 8, 5, 2, 11] }, session_id: 16, pack_type: FloodResponse(FloodResponse { flood_id: 16, path_trace: [(11, Client), (2, Drone), (5, Drone), (8, Drone), (1, Drone), (4, Drone), (7, Drone), (18, Server)] }) }
2025-02-10 20:38:48 [INFO] [rustastic_drone::drone] [32m✓[0m [ Drone 3 ]: has received the packet Packet { routing_header: SourceRoutingHeader { hop_index: 2, hops: [11, 6, 3, 17, 8, 1, 4, 16] }, session_id: 11, pack_type: Ack(Ack { fragment_index: 0 }) }
2025-02-10 20:38:48 [INFO] [rustastic_drone::drone] [32m✓[0m Packet with [ session_id: 11 ] is being handled from [ Drone 3 ]
2025-02-10 20:38:48 [INFO] [rustastic_drone::drone] [34mi[0m [ Drone 3 ]: received a Ack(0)
2025-02-10 20:38:48 [INFO] [rustastic_drone::drone] [32m✓[0m [ Drone 3 ]: was sent a Ack(0) packet to [ Drone 17 ]
2025-02-10 20:38:48 [INFO] [rustastic_drone::drone] [32m✓[0m [ Drone 3 ]: has received the packet Packet { routing_header: SourceRoutingHeader { hop_index: 2, hops: [11, 6, 3, 10, 7, 16] }, session_id: 31, pack_type: MsgFragment(Fragment { fragment_index: 0, total_n_fragments: 1, length: 64, data: [123, 34, 84, 121, 112, 101, 82, 101, 115, 112, 111, 110, 115, 101, 34, 58, 123, 34, 101, 100, 103, 101, 95, 116, 121, 112, 101, 34, 58, 123, 34, 67, 108, 105, 101, 110, 116, 34, 58, 34, 67, 104, 97, 116, 67, 108, 105, 101, 110, 116, 34, 125, 44, 34, 102, 114, 111, 109, 34, 58, 49, 49, 125, 125, 0, 0, 0, 0, 0, 0, 0, 0, 0, 0, 0, 0, 0, 0, 0, 0, 0, 0, 0, 0, 0, 0, 0, 0, 0, 0, 0, 0, 0, 0, 0, 0, 0, 0, 0, 0, 0, 0, 0, 0, 0, 0, 0, 0, 0, 0, 0, 0, 0, 0, 0, 0, 0, 0, 0, 0, 0, 0, 0, 0, 0, 0, 0, 0] }) }
2025-02-10 20:38:48 [INFO] [rustastic_drone::drone] [32m✓[0m Packet with [ session_id: 31 ] is being handled from [ Drone 3 ]
2025-02-10 20:38:48 [INFO] [rustastic_drone::drone] [32m✓[0m [ Drone 3 ]: forwarded the the fragment [ fragment_index: 0 ] of the Packet [ session_id: 31 ]
2025-02-10 20:38:48 [WARN] [rustastic_drone::drone] └─>[33m!!![0m Fragment was added to the [ Drone 3 ] buffer
2025-02-10 20:38:48 [INFO] [rustastic_drone::drone] [32m✓[0m [ Drone 3 ]: was sent a Fragment { index: 1 out of 1, data: 0x7b2254797065526573706f6e7365223a7b226564... + other 44 bytes } packet to [ Drone 10 ]
2025-02-10 20:38:48 [INFO] [rust_do_it::drone] Drone 4 received packet Packet { routing_header: SourceRoutingHeader { hop_index: 1, hops: [18, 4, 1, 8, 17] }, session_id: 14, pack_type: Ack(Ack { fragment_index: 0 }) }
2025-02-10 20:38:48 [INFO] [rustastic_drone::drone] [32m✓[0m [ Drone 3 ]: has received the packet Packet { routing_header: SourceRoutingHeader { hop_index: 2, hops: [9, 6, 3, 10] }, session_id: 42, pack_type: Ack(Ack { fragment_index: 0 }) }
2025-02-10 20:38:48 [INFO] [rustastic_drone::drone] [32m✓[0m Packet with [ session_id: 42 ] is being handled from [ Drone 3 ]
2025-02-10 20:38:48 [INFO] [rustastic_drone::drone] [34mi[0m [ Drone 3 ]: received a Ack(0)
2025-02-10 20:38:48 [INFO] [rustastic_drone::drone] [32m✓[0m [ Drone 3 ]: was sent a Ack(0) packet to [ Drone 10 ]
2025-02-10 20:38:48 [INFO] [rustastic_drone::drone] [32m✓[0m [ Drone 3 ]: has received the packet Packet { routing_header: SourceRoutingHeader { hop_index: 2, hops: [9, 6, 3, 10] }, session_id: 18, pack_type: MsgFragment(Fragment { fragment_index: 0, total_n_fragments: 1, length: 63, data: [123, 34, 84, 121, 112, 101, 82, 101, 115, 112, 111, 110, 115, 101, 34, 58, 123, 34, 101, 100, 103, 101, 95, 116, 121, 112, 101, 34, 58, 123, 34, 67, 108, 105, 101, 110, 116, 34, 58, 34, 67, 104, 97, 116, 67, 108, 105, 101, 110, 116, 34, 125, 44, 34, 102, 114, 111, 109, 34, 58, 57, 125, 125, 0, 0, 0, 0, 0, 0, 0, 0, 0, 0, 0, 0, 0, 0, 0, 0, 0, 0, 0, 0, 0, 0, 0, 0, 0, 0, 0, 0, 0, 0, 0, 0, 0, 0, 0, 0, 0, 0, 0, 0, 0, 0, 0, 0, 0, 0, 0, 0, 0, 0, 0, 0, 0, 0, 0, 0, 0, 0, 0, 0, 0, 0, 0, 0, 0] }) }
2025-02-10 20:38:48 [INFO] [rustastic_drone::drone] [32m✓[0m Packet with [ session_id: 18 ] is being handled from [ Drone 3 ]
2025-02-10 20:38:48 [INFO] [rustastic_drone::drone] [32m✓[0m [ Drone 3 ]: forwarded the the fragment [ fragment_index: 0 ] of the Packet [ session_id: 18 ]
2025-02-10 20:38:48 [WARN] [rustastic_drone::drone] └─>[33m!!![0m Fragment was added to the [ Drone 3 ] buffer
2025-02-10 20:38:48 [INFO] [rustastic_drone::drone] [32m✓[0m [ Drone 3 ]: was sent a Fragment { index: 1 out of 1, data: 0x7b2254797065526573706f6e7365223a7b226564... + other 43 bytes } packet to [ Drone 10 ]
2025-02-10 20:38:48 [INFO] [rustastic_drone::drone] [32m✓[0m [ Drone 3 ]: has received the packet Packet { routing_header: SourceRoutingHeader { hop_index: 2, hops: [9, 6, 3, 10] }, session_id: 27, pack_type: Ack(Ack { fragment_index: 0 }) }
2025-02-10 20:38:48 [INFO] [rustastic_drone::drone] [32m✓[0m Packet with [ session_id: 27 ] is being handled from [ Drone 3 ]
2025-02-10 20:38:48 [INFO] [rustastic_drone::drone] [34mi[0m [ Drone 3 ]: received a Ack(0)
2025-02-10 20:38:48 [INFO] [rustastic_drone::drone] [32m✓[0m [ Drone 3 ]: was sent a Ack(0) packet to [ Drone 10 ]
2025-02-10 20:38:48 [INFO] [rustastic_drone::drone] [32m✓[0m [ Drone 3 ]: has received the packet Packet { routing_header: SourceRoutingHeader { hop_index: 4, hops: [14, 2, 9, 6, 3, 10] }, session_id: 50, pack_type: Ack(Ack { fragment_index: 0 }) }
2025-02-10 20:38:48 [INFO] [rustastic_drone::drone] [32m✓[0m Packet with [ session_id: 50 ] is being handled from [ Drone 3 ]
2025-02-10 20:38:48 [INFO] [rustastic_drone::drone] [34mi[0m [ Drone 3 ]: received a Ack(0)
2025-02-10 20:38:48 [INFO] [rustastic_drone::drone] [32m✓[0m [ Drone 3 ]: was sent a Ack(0) packet to [ Drone 10 ]
2025-02-10 20:38:48 [INFO] [rustastic_drone::drone] [32m✓[0m [ Drone 3 ]: has received the packet Packet { routing_header: SourceRoutingHeader { hop_index: 4, hops: [14, 2, 9, 6, 3, 10] }, session_id: 14, pack_type: MsgFragment(Fragment { fragment_index: 0, total_n_fragments: 1, length: 70, data: [123, 34, 84, 121, 112, 101, 82, 101, 115, 112, 111, 110, 115, 101, 34, 58, 123, 34, 101, 100, 103, 101, 95, 116, 121, 112, 101, 34, 58, 123, 34, 83, 101, 114, 118, 101, 114, 34, 58, 123, 34, 67, 111, 110, 116, 101, 110, 116, 34, 58, 34, 84, 101, 120, 116, 34, 125, 125, 44, 34, 102, 114, 111, 109, 34, 58, 49, 52, 125, 125, 0, 0, 0, 0, 0, 0, 0, 0, 0, 0, 0, 0, 0, 0, 0, 0, 0, 0, 0, 0, 0, 0, 0, 0, 0, 0, 0, 0, 0, 0, 0, 0, 0, 0, 0, 0, 0, 0, 0, 0, 0, 0, 0, 0, 0, 0, 0, 0, 0, 0, 0, 0, 0, 0, 0, 0, 0, 0] }) }
2025-02-10 20:38:48 [INFO] [rustastic_drone::drone] [32m✓[0m Packet with [ session_id: 14 ] is being handled from [ Drone 3 ]
2025-02-10 20:38:48 [INFO] [rustastic_drone::drone] [32m✓[0m [ Drone 3 ]: forwarded the the fragment [ fragment_index: 0 ] of the Packet [ session_id: 14 ]
2025-02-10 20:38:48 [WARN] [rustastic_drone::drone] └─>[33m!!![0m Fragment was added to the [ Drone 3 ] buffer
2025-02-10 20:38:48 [INFO] [rustastic_drone::drone] [32m✓[0m [ Drone 3 ]: was sent a Fragment { index: 1 out of 1, data: 0x7b2254797065526573706f6e7365223a7b226564... + other 50 bytes } packet to [ Drone 10 ]
2025-02-10 20:38:48 [INFO] [rustastic_drone::drone] [32m✓[0m [ Drone 3 ]: has received the packet Packet { routing_header: SourceRoutingHeader { hop_index: 1, hops: [12, 3, 6, 9, 2, 14] }, session_id: 13, pack_type: Ack(Ack { fragment_index: 0 }) }
2025-02-10 20:38:48 [INFO] [rustastic_drone::drone] [32m✓[0m Packet with [ session_id: 13 ] is being handled from [ Drone 3 ]
2025-02-10 20:38:48 [INFO] [rustastic_drone::drone] [34mi[0m [ Drone 3 ]: received a Ack(0)
2025-02-10 20:38:48 [INFO] [rustastic_drone::drone] [32m✓[0m [ Drone 3 ]: was sent a Ack(0) packet to [ Drone 6 ]
2025-02-10 20:38:48 [INFO] [rustastic_drone::drone] [32m✓[0m [ Drone 3 ]: has received the packet Packet { routing_header: SourceRoutingHeader { hop_index: 0, hops: [] }, session_id: 33, pack_type: FloodRequest(FloodRequest { flood_id: 33, initiator_id: 0, path_trace: [(0, Client), (8, Drone), (17, Server)] }) }
2025-02-10 20:38:48 [INFO] [rustastic_drone::drone] [32m✓[0m [ Drone 3 ]: sent the FloodResponse to [ Drone 17 ]
└─>Reason: [33m!!![0m [ Drone 3 ]: has already received a FloodRequest with flood_id: 33
2025-02-10 20:38:48 [INFO] [rustastic_drone::drone] [32m✓[0m [ Drone 3 ]: has received the packet Packet { routing_header: SourceRoutingHeader { hop_index: 0, hops: [] }, session_id: 57, pack_type: FloodRequest(FloodRequest { flood_id: 4, initiator_id: 0, path_trace: [(0, Client), (8, Drone), (17, Server)] }) }
2025-02-10 20:38:48 [INFO] [rustastic_drone::drone] [32m✓[0m [ Drone 3 ]: sent the FloodResponse to [ Drone 17 ]
└─>Reason: [33m!!![0m [ Drone 3 ]: has already received a FloodRequest with flood_id: 4
2025-02-10 20:38:48 [INFO] [rustastic_drone::drone] [32m✓[0m [ Drone 3 ]: has received the packet Packet { routing_header: SourceRoutingHeader { hop_index: 5, hops: [16, 4, 1, 8, 17, 3, 10] }, session_id: 13, pack_type: MsgFragment(Fragment { fragment_index: 0, total_n_fragments: 1, length: 27, data: [123, 34, 84, 121, 112, 101, 82, 101, 113, 117, 101, 115, 116, 34, 58, 123, 34, 102, 114, 111, 109, 34, 58, 49, 54, 125, 125, 0, 0, 0, 0, 0, 0, 0, 0, 0, 0, 0, 0, 0, 0, 0, 0, 0, 0, 0, 0, 0, 0, 0, 0, 0, 0, 0, 0, 0, 0, 0, 0, 0, 0, 0, 0, 0, 0, 0, 0, 0, 0, 0, 0, 0, 0, 0, 0, 0, 0, 0, 0, 0, 0, 0, 0, 0, 0, 0, 0, 0, 0, 0, 0, 0, 0, 0, 0, 0, 0, 0, 0, 0, 0, 0, 0, 0, 0, 0, 0, 0, 0, 0, 0, 0, 0, 0, 0, 0, 0, 0, 0, 0, 0, 0, 0, 0, 0, 0, 0, 0] }) }
2025-02-10 20:38:48 [INFO] [rustastic_drone::drone] [32m✓[0m Packet with [ session_id: 13 ] is being handled from [ Drone 3 ]
2025-02-10 20:38:48 [INFO] [rustastic_drone::drone] [32m✓[0m [ Drone 3 ]: forwarded the the fragment [ fragment_index: 0 ] of the Packet [ session_id: 13 ]
2025-02-10 20:38:48 [WARN] [rustastic_drone::drone] └─>[33m!!![0m Fragment was added to the [ Drone 3 ] buffer
2025-02-10 20:38:48 [INFO] [rustastic_drone::drone] [32m✓[0m [ Drone 3 ]: was sent a Fragment { index: 1 out of 1, data: 0x7b225479706552657175657374223a7b2266726f... + other 7 bytes } packet to [ Drone 10 ]
2025-02-10 20:38:48 [INFO] [rustastic_drone::drone] [32m✓[0m [ Drone 3 ]: has received the packet Packet { routing_header: SourceRoutingHeader { hop_index: 0, hops: [] }, session_id: 55, pack_type: FloodRequest(FloodRequest { flood_id: 15, initiator_id: 0, path_trace: [(0, Client), (8, Drone), (17, Server)] }) }
2025-02-10 20:38:48 [INFO] [rustastic_drone::drone] [32m✓[0m [ Drone 3 ]: sent the FloodResponse to [ Drone 17 ]
└─>Reason: [33m!!![0m [ Drone 3 ]: has already received a FloodRequest with flood_id: 15
2025-02-10 20:38:48 [INFO] [rust_do_it::drone] Drone 4 received packet Packet { routing_header: SourceRoutingHeader { hop_index: 3, hops: [8, 0, 1, 4, 7, 10, 3, 12] }, session_id: 35, pack_type: FloodResponse(FloodResponse { flood_id: 38, path_trace: [(12, Client), (3, Drone), (10, Client), (7, Drone), (4, Drone), (1, Drone), (0, Client), (8, Drone)] }) }
2025-02-10 20:38:48 [INFO] [rust_do_it::drone] Drone 4 received packet Packet { routing_header: SourceRoutingHeader { hop_index: 3, hops: [8, 0, 1, 4, 7, 10, 3, 12] }, session_id: 39, pack_type: FloodResponse(FloodResponse { flood_id: 7, path_trace: [(12, Client), (3, Drone), (10, Client), (7, Drone), (4, Drone), (1, Drone), (0, Client), (8, Drone)] }) }
2025-02-10 20:38:48 [INFO] [getdroned::get_droned] Drone 7 received a packet: Packet { routing_header: SourceRoutingHeader { hop_index: 4, hops: [8, 0, 1, 4, 7, 10, 3, 12] }, session_id: 35, pack_type: FloodResponse(FloodResponse { flood_id: 38, path_trace: [(12, Client), (3, Drone), (10, Client), (7, Drone), (4, Drone), (1, Drone), (0, Client), (8, Drone)] }) }
2025-02-10 20:38:48 [INFO] [getdroned::get_droned] Drone 7 received a packet: Packet { routing_header: SourceRoutingHeader { hop_index: 4, hops: [8, 0, 1, 4, 7, 10, 3, 12] }, session_id: 39, pack_type: FloodResponse(FloodResponse { flood_id: 7, path_trace: [(12, Client), (3, Drone), (10, Client), (7, Drone), (4, Drone), (1, Drone), (0, Client), (8, Drone)] }) }
2025-02-10 20:38:48 [INFO] [rustastic_drone::drone] [32m✓[0m [ Drone 3 ]: has received the packet Packet { routing_header: SourceRoutingHeader { hop_index: 1, hops: [10, 3, 6, 9] }, session_id: 18, pack_type: Ack(Ack { fragment_index: 0 }) }
2025-02-10 20:38:48 [INFO] [rustastic_drone::drone] [32m✓[0m Packet with [ session_id: 18 ] is being handled from [ Drone 3 ]
2025-02-10 20:38:48 [INFO] [rustastic_drone::drone] [34mi[0m [ Drone 3 ]: received a Ack(0)
2025-02-10 20:38:48 [INFO] [rustastic_drone::drone] [32m✓[0m [ Drone 3 ]: was sent a Ack(0) packet to [ Drone 6 ]
2025-02-10 20:38:48 [INFO] [getdroned::get_droned] Drone 7 received a packet: Packet { routing_header: SourceRoutingHeader { hop_index: 4, hops: [11, 6, 3, 10, 7, 16] }, session_id: 31, pack_type: MsgFragment(Fragment { fragment_index: 0, total_n_fragments: 1, length: 64, data: [123, 34, 84, 121, 112, 101, 82, 101, 115, 112, 111, 110, 115, 101, 34, 58, 123, 34, 101, 100, 103, 101, 95, 116, 121, 112, 101, 34, 58, 123, 34, 67, 108, 105, 101, 110, 116, 34, 58, 34, 67, 104, 97, 116, 67, 108, 105, 101, 110, 116, 34, 125, 44, 34, 102, 114, 111, 109, 34, 58, 49, 49, 125, 125, 0, 0, 0, 0, 0, 0, 0, 0, 0, 0, 0, 0, 0, 0, 0, 0, 0, 0, 0, 0, 0, 0, 0, 0, 0, 0, 0, 0, 0, 0, 0, 0, 0, 0, 0, 0, 0, 0, 0, 0, 0, 0, 0, 0, 0, 0, 0, 0, 0, 0, 0, 0, 0, 0, 0, 0, 0, 0, 0, 0, 0, 0, 0, 0] }) }
2025-02-10 20:38:48 [INFO] [rustastic_drone::drone] [32m✓[0m [ Drone 3 ]: has received the packet Packet { routing_header: SourceRoutingHeader { hop_index: 1, hops: [10, 3, 6, 9, 2, 14] }, session_id: 14, pack_type: Ack(Ack { fragment_index: 0 }) }
2025-02-10 20:38:48 [INFO] [rustastic_drone::drone] [32m✓[0m Packet with [ session_id: 14 ] is being handled from [ Drone 3 ]
2025-02-10 20:38:48 [INFO] [rustastic_drone::drone] [34mi[0m [ Drone 3 ]: received a Ack(0)
2025-02-10 20:38:48 [INFO] [rustastic_drone::drone] [32m✓[0m [ Drone 3 ]: was sent a Ack(0) packet to [ Drone 6 ]
2025-02-10 20:38:48 [INFO] [rustastic_drone::drone] [32m✓[0m [ Drone 3 ]: has received the packet Packet { routing_header: SourceRoutingHeader { hop_index: 1, hops: [10, 3, 17, 8, 1, 4, 16] }, session_id: 13, pack_type: Ack(Ack { fragment_index: 0 }) }
2025-02-10 20:38:48 [INFO] [rustastic_drone::drone] [32m✓[0m Packet with [ session_id: 13 ] is being handled from [ Drone 3 ]
2025-02-10 20:38:48 [INFO] [rustastic_drone::drone] [34mi[0m [ Drone 3 ]: received a Ack(0)
2025-02-10 20:38:48 [INFO] [rustastic_drone::drone] [32m✓[0m [ Drone 3 ]: was sent a Ack(0) packet to [ Drone 17 ]
2025-02-10 20:38:48 [INFO] [getdroned::get_droned] Drone 7 received a packet: Packet { routing_header: SourceRoutingHeader { hop_index: 1, hops: [16, 7, 10, 3, 6, 11] }, session_id: 31, pack_type: Ack(Ack { fragment_index: 0 }) }
2025-02-10 20:38:48 [INFO] [rustastic_drone::drone] [32m✓[0m [ Drone 3 ]: has received the packet Packet { routing_header: SourceRoutingHeader { hop_index: 6, hops: [8, 0, 1, 4, 7, 10, 3, 12] }, session_id: 35, pack_type: FloodResponse(FloodResponse { flood_id: 38, path_trace: [(12, Client), (3, Drone), (10, Client), (7, Drone), (4, Drone), (1, Drone), (0, Client), (8, Drone)] }) }
2025-02-10 20:38:48 [INFO] [getdroned::get_droned] Drone 7 received a packet: Packet { routing_header: SourceRoutingHeader { hop_index: 1, hops: [10, 7, 16] }, session_id: 40, pack_type: MsgFragment(Fragment { fragment_index: 0, total_n_fragments: 1, length: 64, data: [123, 34, 84, 121, 112, 101, 82, 101, 115, 112, 111, 110, 115, 101, 34, 58, 123, 34, 101, 100, 103, 101, 95, 116, 121, 112, 101, 34, 58, 123, 34, 67, 108, 105, 101, 110, 116, 34, 58, 34, 87, 101, 98, 66, 114, 111, 119, 115, 101, 114, 34, 125, 44, 34, 102, 114, 111, 109, 34, 58, 49, 48, 125, 125, 0, 0, 0, 0, 0, 0, 0, 0, 0, 0, 0, 0, 0, 0, 0, 0, 0, 0, 0, 0, 0, 0, 0, 0, 0, 0, 0, 0, 0, 0, 0, 0, 0, 0, 0, 0, 0, 0, 0, 0, 0, 0, 0, 0, 0, 0, 0, 0, 0, 0, 0, 0, 0, 0, 0, 0, 0, 0, 0, 0, 0, 0, 0, 0] }) }
2025-02-10 20:38:48 [INFO] [rustastic_drone::drone] [32m✓[0m Packet with [ session_id: 35 ] is being handled from [ Drone 3 ]
2025-02-10 20:38:48 [INFO] [getdroned::get_droned] Drone 7 received a packet: Packet { routing_header: SourceRoutingHeader { hop_index: 1, hops: [16, 7, 10] }, session_id: 40, pack_type: Ack(Ack { fragment_index: 0 }) }
2025-02-10 20:38:48 [INFO] [rustastic_drone::drone] [32m✓[0m [ Drone 3 ]: sent a FloodResponse with flood_id: 38 to [ Drone 12 ]
2025-02-10 20:38:48 [INFO] [rustastic_drone::drone] [32m✓[0m [ Drone 3 ]: has received the packet Packet { routing_header: SourceRoutingHeader { hop_index: 6, hops: [8, 0, 1, 4, 7, 10, 3, 12] }, session_id: 39, pack_type: FloodResponse(FloodResponse { flood_id: 7, path_trace: [(12, Client), (3, Drone), (10, Client), (7, Drone), (4, Drone), (1, Drone), (0, Client), (8, Drone)] }) }
2025-02-10 20:38:48 [INFO] [rustastic_drone::drone] [32m✓[0m Packet with [ session_id: 39 ] is being handled from [ Drone 3 ]
2025-02-10 20:38:48 [INFO] [rustastic_drone::drone] [32m✓[0m [ Drone 3 ]: sent a FloodResponse with flood_id: 7 to [ Drone 12 ]
2025-02-10 20:38:48 [INFO] [rustastic_drone::drone] [32m✓[0m [ Drone 3 ]: has received the packet Packet { routing_header: SourceRoutingHeader { hop_index: 3, hops: [16, 7, 10, 3, 6, 11] }, session_id: 31, pack_type: Ack(Ack { fragment_index: 0 }) }
2025-02-10 20:38:48 [INFO] [rustastic_drone::drone] [32m✓[0m Packet with [ session_id: 31 ] is being handled from [ Drone 3 ]
2025-02-10 20:38:48 [INFO] [rustastic_drone::drone] [34mi[0m [ Drone 3 ]: received a Ack(0)
2025-02-10 20:38:48 [INFO] [rustastic_drone::drone] [32m✓[0m [ Drone 3 ]: was sent a Ack(0) packet to [ Drone 6 ]
2025-02-10 20:38:48 [INFO] [rust_do_it::drone] Drone 4 received packet Packet { routing_header: SourceRoutingHeader { hop_index: 2, hops: [7, 18, 4, 1, 0] }, session_id: 33, pack_type: FloodResponse(FloodResponse { flood_id: 33, path_trace: [(0, Client), (1, Drone), (4, Drone), (18, Server), (7, Drone)] }) }
2025-02-10 20:38:48 [INFO] [rust_do_it::drone] Drone 4 received packet Packet { routing_header: SourceRoutingHeader { hop_index: 2, hops: [7, 18, 4, 1, 0] }, session_id: 57, pack_type: FloodResponse(FloodResponse { flood_id: 4, path_trace: [(0, Client), (1, Drone), (4, Drone), (18, Server), (7, Drone)] }) }
2025-02-10 20:38:48 [INFO] [rust_do_it::drone] Drone 4 received packet Packet { routing_header: SourceRoutingHeader { hop_index: 0, hops: [] }, session_id: 35, pack_type: FloodRequest(FloodRequest { flood_id: 38, initiator_id: 12, path_trace: [(12, Client), (3, Drone), (10, Client), (7, Drone), (18, Server)] }) }
2025-02-10 20:38:48 [INFO] [rustastic_drone::drone] [32m✓[0m [ Drone 3 ]: has received the packet Packet { routing_header: SourceRoutingHeader { hop_index: 2, hops: [8, 17, 3, 12] }, session_id: 36, pack_type: FloodResponse(FloodResponse { flood_id: 15, path_trace: [(12, Client), (3, Drone), (17, Server), (8, Drone)] }) }
2025-02-10 20:38:48 [INFO] [rustastic_drone::drone] [32m✓[0m Packet with [ session_id: 36 ] is being handled from [ Drone 3 ]
2025-02-10 20:38:48 [INFO] [rustastic_drone::drone] [32m✓[0m [ Drone 3 ]: sent a FloodResponse with flood_id: 15 to [ Drone 12 ]
2025-02-10 20:38:48 [INFO] [rustastic_drone::drone] [32m✓[0m [ Drone 3 ]: has received the packet Packet { routing_header: SourceRoutingHeader { hop_index: 5, hops: [16, 4, 1, 8, 17, 3, 12] }, session_id: 14, pack_type: MsgFragment(Fragment { fragment_index: 0, total_n_fragments: 1, length: 27, data: [123, 34, 84, 121, 112, 101, 82, 101, 113, 117, 101, 115, 116, 34, 58, 123, 34, 102, 114, 111, 109, 34, 58, 49, 54, 125, 125, 0, 0, 0, 0, 0, 0, 0, 0, 0, 0, 0, 0, 0, 0, 0, 0, 0, 0, 0, 0, 0, 0, 0, 0, 0, 0, 0, 0, 0, 0, 0, 0, 0, 0, 0, 0, 0, 0, 0, 0, 0, 0, 0, 0, 0, 0, 0, 0, 0, 0, 0, 0, 0, 0, 0, 0, 0, 0, 0, 0, 0, 0, 0, 0, 0, 0, 0, 0, 0, 0, 0, 0, 0, 0, 0, 0, 0, 0, 0, 0, 0, 0, 0, 0, 0, 0, 0, 0, 0, 0, 0, 0, 0, 0, 0, 0, 0, 0, 0, 0, 0] }) }
2025-02-10 20:38:48 [INFO] [rustastic_drone::drone] [32m✓[0m Packet with [ session_id: 14 ] is being handled from [ Drone 3 ]
2025-02-10 20:38:48 [INFO] [rustastic_drone::drone] [32m✓[0m [ Drone 3 ]: forwarded the the fragment [ fragment_index: 0 ] of the Packet [ session_id: 14 ]
2025-02-10 20:38:48 [WARN] [rustastic_drone::drone] └─>[33m!!![0m Fragment was added to the [ Drone 3 ] buffer
2025-02-10 20:38:48 [INFO] [rustastic_drone::drone] [32m✓[0m [ Drone 3 ]: was sent a Fragment { index: 1 out of 1, data: 0x7b225479706552657175657374223a7b2266726f... + other 7 bytes } packet to [ Drone 12 ]
2025-02-10 20:38:48 [INFO] [rust_do_it::drone] Drone 4 received packet Packet { routing_header: SourceRoutingHeader { hop_index: 4, hops: [3, 17, 8, 1, 4, 18] }, session_id: 11, pack_type: FloodResponse(FloodResponse { flood_id: 2, path_trace: [(18, Server), (4, Drone), (1, Drone), (8, Drone), (17, Server), (3, Drone)] }) }
2025-02-10 20:38:48 [INFO] [rust_do_it::drone] Drone 4 received packet Packet { routing_header: SourceRoutingHeader { hop_index: 1, hops: [18, 4, 7, 10, 3, 12] }, session_id: 38, pack_type: FloodResponse(FloodResponse { flood_id: 38, path_trace: [(12, Client), (3, Drone), (10, Client), (7, Drone), (4, Drone), (18, Server)] }) }
2025-02-10 20:38:48 [INFO] [rust_do_it::drone] Drone 4 received packet Packet { routing_header: SourceRoutingHeader { hop_index: 0, hops: [] }, session_id: 39, pack_type: FloodRequest(FloodRequest { flood_id: 7, initiator_id: 12, path_trace: [(12, Client), (3, Drone), (10, Client), (7, Drone), (18, Server)] }) }
2025-02-10 20:38:48 [INFO] [getdroned::get_droned] Drone 7 received a packet: Packet { routing_header: SourceRoutingHeader { hop_index: 2, hops: [18, 4, 7, 10, 3, 12] }, session_id: 38, pack_type: FloodResponse(FloodResponse { flood_id: 38, path_trace: [(12, Client), (3, Drone), (10, Client), (7, Drone), (4, Drone), (18, Server)] }) }
2025-02-10 20:38:48 [INFO] [rust_do_it::drone] Drone 4 received packet Packet { routing_header: SourceRoutingHeader { hop_index: 1, hops: [18, 4, 7, 10, 3, 12] }, session_id: 7, pack_type: FloodResponse(FloodResponse { flood_id: 7, path_trace: [(12, Client), (3, Drone), (10, Client), (7, Drone), (4, Drone), (18, Server)] }) }
2025-02-10 20:38:48 [INFO] [getdroned::get_droned] Drone 7 received a packet: Packet { routing_header: SourceRoutingHeader { hop_index: 2, hops: [18, 4, 7, 10, 3, 12] }, session_id: 7, pack_type: FloodResponse(FloodResponse { flood_id: 7, path_trace: [(12, Client), (3, Drone), (10, Client), (7, Drone), (4, Drone), (18, Server)] }) }
2025-02-10 20:38:48 [INFO] [rustastic_drone::drone] [32m✓[0m [ Drone 3 ]: has received the packet Packet { routing_header: SourceRoutingHeader { hop_index: 1, hops: [17, 3, 6, 11, 2, 5, 8, 0] }, session_id: 33, pack_type: FloodResponse(FloodResponse { flood_id: 33, path_trace: [(0, Client), (8, Drone), (5, Drone), (2, Drone), (11, Client), (6, Drone), (3, Drone), (17, Server)] }) }
2025-02-10 20:38:48 [INFO] [rustastic_drone::drone] [32m✓[0m Packet with [ session_id: 33 ] is being handled from [ Drone 3 ]
2025-02-10 20:38:48 [INFO] [rustastic_drone::drone] [32m✓[0m [ Drone 3 ]: sent a FloodResponse with flood_id: 33 to [ Drone 6 ]
2025-02-10 20:38:48 [INFO] [rustastic_drone::drone] [32m✓[0m [ Drone 3 ]: has received the packet Packet { routing_header: SourceRoutingHeader { hop_index: 1, hops: [17, 3, 6, 11, 2, 5, 8, 0] }, session_id: 4, pack_type: FloodResponse(FloodResponse { flood_id: 4, path_trace: [(0, Client), (8, Drone), (5, Drone), (2, Drone), (11, Client), (6, Drone), (3, Drone), (17, Server)] }) }
2025-02-10 20:38:48 [INFO] [rustastic_drone::drone] [32m✓[0m Packet with [ session_id: 4 ] is being handled from [ Drone 3 ]
2025-02-10 20:38:48 [INFO] [rustastic_drone::drone] [32m✓[0m [ Drone 3 ]: sent a FloodResponse with flood_id: 4 to [ Drone 6 ]
2025-02-10 20:38:48 [INFO] [rust_do_it::drone] Drone 4 received packet Packet { routing_header: SourceRoutingHeader { hop_index: 3, hops: [17, 8, 1, 4, 7, 10] }, session_id: 36, pack_type: Ack(Ack { fragment_index: 0 }) }
2025-02-10 20:38:48 [INFO] [rustastic_drone::drone] [32m✓[0m [ Drone 3 ]: has received the packet Packet { routing_header: SourceRoutingHeader { hop_index: 2, hops: [11, 6, 3, 15, 8, 1, 4, 18] }, session_id: 14, pack_type: Ack(Ack { fragment_index: 0 }) }
2025-02-10 20:38:48 [INFO] [rustastic_drone::drone] [32m✓[0m Packet with [ session_id: 14 ] is being handled from [ Drone 3 ]
2025-02-10 20:38:48 [INFO] [rust_do_it::drone] Drone 4 received packet Packet { routing_header: SourceRoutingHeader { hop_index: 3, hops: [17, 8, 1, 4, 7, 10, 3, 12] }, session_id: 38, pack_type: FloodResponse(FloodResponse { flood_id: 38, path_trace: [(12, Client), (3, Drone), (10, Client), (7, Drone), (4, Drone), (1, Drone), (8, Drone), (17, Server)] }) }
2025-02-10 20:38:48 [INFO] [rustastic_drone::drone] [34mi[0m [ Drone 3 ]: received a Ack(0)
2025-02-10 20:38:48 [INFO] [getdroned::get_droned] Drone 7 received a packet: Packet { routing_header: SourceRoutingHeader { hop_index: 4, hops: [17, 8, 1, 4, 7, 10] }, session_id: 36, pack_type: Ack(Ack { fragment_index: 0 }) }
2025-02-10 20:38:48 [INFO] [rustastic_drone::drone] [32m✓[0m [ Drone 3 ]: was sent a Ack(0) packet to [ Drone 15 ]
2025-02-10 20:38:48 [INFO] [rust_do_it::drone] Drone 4 received packet Packet { routing_header: SourceRoutingHeader { hop_index: 3, hops: [17, 8, 1, 4, 7, 10, 3, 12] }, session_id: 7, pack_type: FloodResponse(FloodResponse { flood_id: 7, path_trace: [(12, Client), (3, Drone), (10, Client), (7, Drone), (4, Drone), (1, Drone), (8, Drone), (17, Server)] }) }
2025-02-10 20:38:48 [INFO] [getdroned::get_droned] Drone 7 received a packet: Packet { routing_header: SourceRoutingHeader { hop_index: 4, hops: [17, 8, 1, 4, 7, 10, 3, 12] }, session_id: 38, pack_type: FloodResponse(FloodResponse { flood_id: 38, path_trace: [(12, Client), (3, Drone), (10, Client), (7, Drone), (4, Drone), (1, Drone), (8, Drone), (17, Server)] }) }
2025-02-10 20:38:48 [INFO] [rustastic_drone::drone] [32m✓[0m [ Drone 3 ]: has received the packet Packet { routing_header: SourceRoutingHeader { hop_index: 1, hops: [17, 3, 10, 7, 4, 1, 0] }, session_id: 15, pack_type: FloodResponse(FloodResponse { flood_id: 15, path_trace: [(0, Client), (1, Drone), (4, Drone), (7, Drone), (10, Client), (3, Drone), (17, Server)] }) }
2025-02-10 20:38:48 [INFO] [rust_do_it::drone] Drone 4 received packet Packet { routing_header: SourceRoutingHeader { hop_index: 6, hops: [9, 6, 3, 17, 8, 1, 4, 16] }, session_id: 10, pack_type: Ack(Ack { fragment_index: 0 }) }
2025-02-10 20:38:48 [INFO] [rustastic_drone::drone] [32m✓[0m Packet with [ session_id: 15 ] is being handled from [ Drone 3 ]
2025-02-10 20:38:48 [INFO] [rustastic_drone::drone] [32m✓[0m [ Drone 3 ]: sent a FloodResponse with flood_id: 15 to [ Drone 10 ]
2025-02-10 20:38:48 [INFO] [rust_do_it::drone] Drone 4 received packet Packet { routing_header: SourceRoutingHeader { hop_index: 6, hops: [11, 6, 3, 17, 8, 1, 4, 16] }, session_id: 11, pack_type: Ack(Ack { fragment_index: 0 }) }
2025-02-10 20:38:48 [INFO] [getdroned::get_droned] Drone 7 received a packet: Packet { routing_header: SourceRoutingHeader { hop_index: 4, hops: [17, 8, 1, 4, 7, 10, 3, 12] }, session_id: 7, pack_type: FloodResponse(FloodResponse { flood_id: 7, path_trace: [(12, Client), (3, Drone), (10, Client), (7, Drone), (4, Drone), (1, Drone), (8, Drone), (17, Server)] }) }
2025-02-10 20:38:48 [INFO] [rust_do_it::drone] Drone 4 received packet Packet { routing_header: SourceRoutingHeader { hop_index: 5, hops: [10, 3, 17, 8, 1, 4, 16] }, session_id: 13, pack_type: Ack(Ack { fragment_index: 0 }) }
2025-02-10 20:38:48 [INFO] [rustastic_drone::drone] [32m✓[0m [ Drone 3 ]: has received the packet Packet { routing_header: SourceRoutingHeader { hop_index: 2, hops: [8, 17, 3, 6, 11] }, session_id: 63, pack_type: FloodResponse(FloodResponse { flood_id: 3, path_trace: [(11, Client), (6, Drone), (3, Drone), (17, Server), (8, Drone)] }) }
2025-02-10 20:38:48 [INFO] [rustastic_drone::drone] [32m✓[0m Packet with [ session_id: 63 ] is being handled from [ Drone 3 ]
2025-02-10 20:38:48 [INFO] [rustastic_drone::drone] [32m✓[0m [ Drone 3 ]: sent a FloodResponse with flood_id: 3 to [ Drone 6 ]
2025-02-10 20:38:48 [INFO] [rustastic_drone::drone] [32m✓[0m [ Drone 3 ]: has received the packet Packet { routing_header: SourceRoutingHeader { hop_index: 2, hops: [8, 17, 3, 6, 11] }, session_id: 53, pack_type: FloodResponse(FloodResponse { flood_id: 16, path_trace: [(11, Client), (6, Drone), (3, Drone), (17, Server), (8, Drone)] }) }
2025-02-10 20:38:48 [INFO] [rustastic_drone::drone] [32m✓[0m Packet with [ session_id: 53 ] is being handled from [ Drone 3 ]
2025-02-10 20:38:48 [INFO] [rustastic_drone::drone] [32m✓[0m [ Drone 3 ]: sent a FloodResponse with flood_id: 16 to [ Drone 6 ]
2025-02-10 20:38:48 [INFO] [rustastic_drone::drone] [32m✓[0m [ Drone 3 ]: has received the packet Packet { routing_header: SourceRoutingHeader { hop_index: 4, hops: [14, 2, 9, 6, 3, 10] }, session_id: 37, pack_type: Ack(Ack { fragment_index: 0 }) }
2025-02-10 20:38:48 [INFO] [rustastic_drone::drone] [32m✓[0m Packet with [ session_id: 37 ] is being handled from [ Drone 3 ]
2025-02-10 20:38:48 [INFO] [rustastic_drone::drone] [34mi[0m [ Drone 3 ]: received a Ack(0)
2025-02-10 20:38:48 [INFO] [rustastic_drone::drone] [32m✓[0m [ Drone 3 ]: was sent a Ack(0) packet to [ Drone 10 ]
2025-02-10 20:38:48 [INFO] [rustastic_drone::drone] [32m✓[0m [ Drone 3 ]: has received the packet Packet { routing_header: SourceRoutingHeader { hop_index: 2, hops: [11, 6, 3, 10, 7, 18] }, session_id: 57, pack_type: MsgFragment(Fragment { fragment_index: 0, total_n_fragments: 1, length: 64, data: [123, 34, 84, 121, 112, 101, 82, 101, 115, 112, 111, 110, 115, 101, 34, 58, 123, 34, 101, 100, 103, 101, 95, 116, 121, 112, 101, 34, 58, 123, 34, 67, 108, 105, 101, 110, 116, 34, 58, 34, 67, 104, 97, 116, 67, 108, 105, 101, 110, 116, 34, 125, 44, 34, 102, 114, 111, 109, 34, 58, 49, 49, 125, 125, 0, 0, 0, 0, 0, 0, 0, 0, 0, 0, 0, 0, 0, 0, 0, 0, 0, 0, 0, 0, 0, 0, 0, 0, 0, 0, 0, 0, 0, 0, 0, 0, 0, 0, 0, 0, 0, 0, 0, 0, 0, 0, 0, 0, 0, 0, 0, 0, 0, 0, 0, 0, 0, 0, 0, 0, 0, 0, 0, 0, 0, 0, 0, 0] }) }
2025-02-10 20:38:48 [INFO] [rustastic_drone::drone] [32m✓[0m Packet with [ session_id: 57 ] is being handled from [ Drone 3 ]
2025-02-10 20:38:48 [INFO] [rustastic_drone::drone] [32m✓[0m [ Drone 3 ]: forwarded the the fragment [ fragment_index: 0 ] of the Packet [ session_id: 57 ]
2025-02-10 20:38:48 [WARN] [rustastic_drone::drone] └─>[33m!!![0m Fragment was added to the [ Drone 3 ] buffer
2025-02-10 20:38:48 [INFO] [rustastic_drone::drone] [32m✓[0m [ Drone 3 ]: was sent a Fragment { index: 1 out of 1, data: 0x7b2254797065526573706f6e7365223a7b226564... + other 44 bytes } packet to [ Drone 10 ]
2025-02-10 20:38:48 [INFO] [rustastic_drone::drone] [32m✓[0m [ Drone 3 ]: has received the packet Packet { routing_header: SourceRoutingHeader { hop_index: 2, hops: [8, 17, 3, 12] }, session_id: 35, pack_type: FloodResponse(FloodResponse { flood_id: 38, path_trace: [(12, Client), (3, Drone), (17, Server), (8, Drone)] }) }
2025-02-10 20:38:48 [INFO] [rustastic_drone::drone] [32m✓[0m Packet with [ session_id: 35 ] is being handled from [ Drone 3 ]
2025-02-10 20:38:48 [INFO] [rustastic_drone::drone] [32m✓[0m [ Drone 3 ]: sent a FloodResponse with flood_id: 38 to [ Drone 12 ]
2025-02-10 20:38:48 [INFO] [rustastic_drone::drone] [32m✓[0m [ Drone 3 ]: has received the packet Packet { routing_header: SourceRoutingHeader { hop_index: 2, hops: [8, 17, 3, 12] }, session_id: 39, pack_type: FloodResponse(FloodResponse { flood_id: 7, path_trace: [(12, Client), (3, Drone), (17, Server), (8, Drone)] }) }
2025-02-10 20:38:48 [INFO] [rustastic_drone::drone] [32m✓[0m Packet with [ session_id: 39 ] is being handled from [ Drone 3 ]
2025-02-10 20:38:48 [INFO] [rustastic_drone::drone] [32m✓[0m [ Drone 3 ]: sent a FloodResponse with flood_id: 7 to [ Drone 12 ]
2025-02-10 20:38:48 [INFO] [rustastic_drone::drone] [32m✓[0m [ Drone 3 ]: has received the packet Packet { routing_header: SourceRoutingHeader { hop_index: 1, hops: [12, 3, 10] }, session_id: 38, pack_type: Ack(Ack { fragment_index: 0 }) }
2025-02-10 20:38:48 [INFO] [rustastic_drone::drone] [32m✓[0m Packet with [ session_id: 38 ] is being handled from [ Drone 3 ]
2025-02-10 20:38:48 [INFO] [rustastic_drone::drone] [34mi[0m [ Drone 3 ]: received a Ack(0)
2025-02-10 20:38:48 [INFO] [rustastic_drone::drone] [32m✓[0m [ Drone 3 ]: was sent a Ack(0) packet to [ Drone 10 ]
2025-02-10 20:38:48 [INFO] [rustastic_drone::drone] [32m✓[0m [ Drone 3 ]: has received the packet Packet { routing_header: SourceRoutingHeader { hop_index: 5, hops: [18, 4, 1, 8, 15, 3, 10] }, session_id: 15, pack_type: MsgFragment(Fragment { fragment_index: 0, total_n_fragments: 1, length: 27, data: [123, 34, 84, 121, 112, 101, 82, 101, 113, 117, 101, 115, 116, 34, 58, 123, 34, 102, 114, 111, 109, 34, 58, 49, 56, 125, 125, 0, 0, 0, 0, 0, 0, 0, 0, 0, 0, 0, 0, 0, 0, 0, 0, 0, 0, 0, 0, 0, 0, 0, 0, 0, 0, 0, 0, 0, 0, 0, 0, 0, 0, 0, 0, 0, 0, 0, 0, 0, 0, 0, 0, 0, 0, 0, 0, 0, 0, 0, 0, 0, 0, 0, 0, 0, 0, 0, 0, 0, 0, 0, 0, 0, 0, 0, 0, 0, 0, 0, 0, 0, 0, 0, 0, 0, 0, 0, 0, 0, 0, 0, 0, 0, 0, 0, 0, 0, 0, 0, 0, 0, 0, 0, 0, 0, 0, 0, 0, 0] }) }
2025-02-10 20:38:48 [INFO] [rustastic_drone::drone] [32m✓[0m Packet with [ session_id: 15 ] is being handled from [ Drone 3 ]
2025-02-10 20:38:48 [INFO] [rustastic_drone::drone] [32m✓[0m [ Drone 3 ]: forwarded the the fragment [ fragment_index: 0 ] of the Packet [ session_id: 15 ]
2025-02-10 20:38:48 [WARN] [rustastic_drone::drone] └─>[33m!!![0m Fragment was added to the [ Drone 3 ] buffer
2025-02-10 20:38:48 [INFO] [rustastic_drone::drone] [32m✓[0m [ Drone 3 ]: was sent a Fragment { index: 1 out of 1, data: 0x7b225479706552657175657374223a7b2266726f... + other 7 bytes } packet to [ Drone 10 ]
2025-02-10 20:38:48 [INFO] [rustastic_drone::drone] [32m✓[0m [ Drone 3 ]: has received the packet Packet { routing_header: SourceRoutingHeader { hop_index: 1, hops: [12, 3, 10] }, session_id: 10, pack_type: MsgFragment(Fragment { fragment_index: 0, total_n_fragments: 1, length: 64, data: [123, 34, 84, 121, 112, 101, 82, 101, 115, 112, 111, 110, 115, 101, 34, 58, 123, 34, 101, 100, 103, 101, 95, 116, 121, 112, 101, 34, 58, 123, 34, 67, 108, 105, 101, 110, 116, 34, 58, 34, 87, 101, 98, 66, 114, 111, 119, 115, 101, 114, 34, 125, 44, 34, 102, 114, 111, 109, 34, 58, 49, 50, 125, 125, 0, 0, 0, 0, 0, 0, 0, 0, 0, 0, 0, 0, 0, 0, 0, 0, 0, 0, 0, 0, 0, 0, 0, 0, 0, 0, 0, 0, 0, 0, 0, 0, 0, 0, 0, 0, 0, 0, 0, 0, 0, 0, 0, 0, 0, 0, 0, 0, 0, 0, 0, 0, 0, 0, 0, 0, 0, 0, 0, 0, 0, 0, 0, 0] }) }
2025-02-10 20:38:48 [INFO] [rustastic_drone::drone] [32m✓[0m Packet with [ session_id: 10 ] is being handled from [ Drone 3 ]
2025-02-10 20:38:48 [INFO] [rustastic_drone::drone] [32m✓[0m [ Drone 3 ]: forwarded the the fragment [ fragment_index: 0 ] of the Packet [ session_id: 10 ]
2025-02-10 20:38:48 [WARN] [rustastic_drone::drone] └─>[33m!!![0m Fragment was added to the [ Drone 3 ] buffer
2025-02-10 20:38:48 [INFO] [rustastic_drone::drone] [32m✓[0m [ Drone 3 ]: was sent a Fragment { index: 1 out of 1, data: 0x7b2254797065526573706f6e7365223a7b226564... + other 44 bytes } packet to [ Drone 10 ]
2025-02-10 20:38:48 [INFO] [rust_do_it::drone] Drone 4 received packet Packet { routing_header: SourceRoutingHeader { hop_index: 5, hops: [11, 2, 5, 8, 1, 4, 7, 10, 3, 12] }, session_id: 38, pack_type: FloodResponse(FloodResponse { flood_id: 38, path_trace: [(12, Client), (3, Drone), (10, Client), (7, Drone), (4, Drone), (1, Drone), (8, Drone), (5, Drone), (2, Drone), (11, Client)] }) }
2025-02-10 20:38:48 [INFO] [rust_do_it::drone] Drone 4 received packet Packet { routing_header: SourceRoutingHeader { hop_index: 5, hops: [11, 2, 5, 8, 1, 4, 7, 10, 3, 12] }, session_id: 7, pack_type: FloodResponse(FloodResponse { flood_id: 7, path_trace: [(12, Client), (3, Drone), (10, Client), (7, Drone), (4, Drone), (1, Drone), (8, Drone), (5, Drone), (2, Drone), (11, Client)] }) }
2025-02-10 20:38:48 [INFO] [getdroned::get_droned] Drone 7 received a packet: Packet { routing_header: SourceRoutingHeader { hop_index: 6, hops: [11, 2, 5, 8, 1, 4, 7, 10, 3, 12] }, session_id: 38, pack_type: FloodResponse(FloodResponse { flood_id: 38, path_trace: [(12, Client), (3, Drone), (10, Client), (7, Drone), (4, Drone), (1, Drone), (8, Drone), (5, Drone), (2, Drone), (11, Client)] }) }
2025-02-10 20:38:48 [INFO] [getdroned::get_droned] Drone 7 received a packet: Packet { routing_header: SourceRoutingHeader { hop_index: 6, hops: [11, 2, 5, 8, 1, 4, 7, 10, 3, 12] }, session_id: 7, pack_type: FloodResponse(FloodResponse { flood_id: 7, path_trace: [(12, Client), (3, Drone), (10, Client), (7, Drone), (4, Drone), (1, Drone), (8, Drone), (5, Drone), (2, Drone), (11, Client)] }) }
2025-02-10 20:38:48 [INFO] [rustastic_drone::drone] [32m✓[0m [ Drone 3 ]: has received the packet Packet { routing_header: SourceRoutingHeader { hop_index: 1, hops: [15, 3, 6, 11, 2, 5, 8, 0] }, session_id: 33, pack_type: FloodResponse(FloodResponse { flood_id: 33, path_trace: [(0, Client), (8, Drone), (5, Drone), (2, Drone), (11, Client), (6, Drone), (3, Drone), (15, Server)] }) }
2025-02-10 20:38:48 [INFO] [rustastic_drone::drone] [32m✓[0m Packet with [ session_id: 33 ] is being handled from [ Drone 3 ]
2025-02-10 20:38:48 [INFO] [rustastic_drone::drone] [32m✓[0m [ Drone 3 ]: sent a FloodResponse with flood_id: 33 to [ Drone 6 ]
2025-02-10 20:38:48 [INFO] [rustastic_drone::drone] [32m✓[0m [ Drone 3 ]: has received the packet Packet { routing_header: SourceRoutingHeader { hop_index: 1, hops: [15, 3, 6, 11, 2, 5, 8, 0] }, session_id: 4, pack_type: FloodResponse(FloodResponse { flood_id: 4, path_trace: [(0, Client), (8, Drone), (5, Drone), (2, Drone), (11, Client), (6, Drone), (3, Drone), (15, Server)] }) }
2025-02-10 20:38:48 [INFO] [rustastic_drone::drone] [32m✓[0m Packet with [ session_id: 4 ] is being handled from [ Drone 3 ]
2025-02-10 20:38:48 [INFO] [rustastic_drone::drone] [32m✓[0m [ Drone 3 ]: sent a FloodResponse with flood_id: 4 to [ Drone 6 ]
2025-02-10 20:38:48 [INFO] [rustastic_drone::drone] [32m✓[0m [ Drone 3 ]: has received the packet Packet { routing_header: SourceRoutingHeader { hop_index: 1, hops: [15, 3, 10, 7, 4, 1, 0] }, session_id: 15, pack_type: FloodResponse(FloodResponse { flood_id: 15, path_trace: [(0, Client), (1, Drone), (4, Drone), (7, Drone), (10, Client), (3, Drone), (15, Server)] }) }
2025-02-10 20:38:48 [INFO] [rustastic_drone::drone] [32m✓[0m Packet with [ session_id: 15 ] is being handled from [ Drone 3 ]
2025-02-10 20:38:48 [INFO] [rustastic_drone::drone] [32m✓[0m [ Drone 3 ]: sent a FloodResponse with flood_id: 15 to [ Drone 10 ]
2025-02-10 20:38:48 [INFO] [rustastic_drone::drone] [32m✓[0m [ Drone 3 ]: has received the packet Packet { routing_header: SourceRoutingHeader { hop_index: 2, hops: [8, 15, 3, 6, 11] }, session_id: 63, pack_type: FloodResponse(FloodResponse { flood_id: 3, path_trace: [(11, Client), (6, Drone), (3, Drone), (15, Server), (8, Drone)] }) }
2025-02-10 20:38:48 [INFO] [rustastic_drone::drone] [32m✓[0m Packet with [ session_id: 63 ] is being handled from [ Drone 3 ]
2025-02-10 20:38:48 [INFO] [rustastic_drone::drone] [32m✓[0m [ Drone 3 ]: sent a FloodResponse with flood_id: 3 to [ Drone 6 ]
2025-02-10 20:38:48 [INFO] [rustastic_drone::drone] [32m✓[0m [ Drone 3 ]: has received the packet Packet { routing_header: SourceRoutingHeader { hop_index: 1, hops: [15, 3, 10] }, session_id: 61, pack_type: Ack(Ack { fragment_index: 0 }) }
2025-02-10 20:38:48 [INFO] [rustastic_drone::drone] [32m✓[0m Packet with [ session_id: 61 ] is being handled from [ Drone 3 ]
2025-02-10 20:38:48 [INFO] [rustastic_drone::drone] [34mi[0m [ Drone 3 ]: received a Ack(0)
2025-02-10 20:38:48 [INFO] [rustastic_drone::drone] [32m✓[0m [ Drone 3 ]: was sent a Ack(0) packet to [ Drone 10 ]
2025-02-10 20:38:48 [INFO] [rustastic_drone::drone] [32m✓[0m [ Drone 3 ]: has received the packet Packet { routing_header: SourceRoutingHeader { hop_index: 1, hops: [15, 3, 10] }, session_id: 16, pack_type: MsgFragment(Fragment { fragment_index: 0, total_n_fragments: 1, length: 70, data: [123, 34, 84, 121, 112, 101, 82, 101, 115, 112, 111, 110, 115, 101, 34, 58, 123, 34, 101, 100, 103, 101, 95, 116, 121, 112, 101, 34, 58, 123, 34, 83, 101, 114, 118, 101, 114, 34, 58, 123, 34, 67, 111, 110, 116, 101, 110, 116, 34, 58, 34, 84, 101, 120, 116, 34, 125, 125, 44, 34, 102, 114, 111, 109, 34, 58, 49, 53, 125, 125, 0, 0, 0, 0, 0, 0, 0, 0, 0, 0, 0, 0, 0, 0, 0, 0, 0, 0, 0, 0, 0, 0, 0, 0, 0, 0, 0, 0, 0, 0, 0, 0, 0, 0, 0, 0, 0, 0, 0, 0, 0, 0, 0, 0, 0, 0, 0, 0, 0, 0, 0, 0, 0, 0, 0, 0, 0, 0] }) }
2025-02-10 20:38:48 [INFO] [rustastic_drone::drone] [32m✓[0m Packet with [ session_id: 16 ] is being handled from [ Drone 3 ]
2025-02-10 20:38:48 [INFO] [rustastic_drone::drone] [32m✓[0m [ Drone 3 ]: forwarded the the fragment [ fragment_index: 0 ] of the Packet [ session_id: 16 ]
2025-02-10 20:38:48 [WARN] [rustastic_drone::drone] └─>[33m!!![0m Fragment was added to the [ Drone 3 ] buffer
2025-02-10 20:38:48 [INFO] [rustastic_drone::drone] [32m✓[0m [ Drone 3 ]: was sent a Fragment { index: 1 out of 1, data: 0x7b2254797065526573706f6e7365223a7b226564... + other 50 bytes } packet to [ Drone 10 ]
2025-02-10 20:38:48 [INFO] [rust_do_it::drone] Drone 4 received packet Packet { routing_header: SourceRoutingHeader { hop_index: 3, hops: [15, 8, 1, 4, 7, 10] }, session_id: 38, pack_type: Ack(Ack { fragment_index: 0 }) }
2025-02-10 20:38:48 [INFO] [rust_do_it::drone] Drone 4 received packet Packet { routing_header: SourceRoutingHeader { hop_index: 7, hops: [3, 12, 6, 3, 15, 8, 1, 4, 16] }, session_id: 1, pack_type: FloodResponse(FloodResponse { flood_id: 0, path_trace: [(16, Server), (4, Drone), (1, Drone), (8, Drone), (15, Server), (3, Drone), (6, Drone), (12, Client), (3, Drone)] }) }
2025-02-10 20:38:48 [INFO] [rust_do_it::drone] Drone 4 received packet Packet { routing_header: SourceRoutingHeader { hop_index: 3, hops: [15, 8, 1, 4, 7, 10, 3, 12] }, session_id: 38, pack_type: FloodResponse(FloodResponse { flood_id: 38, path_trace: [(12, Client), (3, Drone), (10, Client), (7, Drone), (4, Drone), (1, Drone), (8, Drone), (15, Server)] }) }
2025-02-10 20:38:48 [INFO] [rust_do_it::drone] Drone 4 received packet Packet { routing_header: SourceRoutingHeader { hop_index: 3, hops: [15, 8, 1, 4, 7, 10, 3, 12] }, session_id: 7, pack_type: FloodResponse(FloodResponse { flood_id: 7, path_trace: [(12, Client), (3, Drone), (10, Client), (7, Drone), (4, Drone), (1, Drone), (8, Drone), (15, Server)] }) }
2025-02-10 20:38:48 [INFO] [rust_do_it::drone] Drone 4 received packet Packet { routing_header: SourceRoutingHeader { hop_index: 6, hops: [9, 6, 3, 15, 8, 1, 4, 18] }, session_id: 12, pack_type: Ack(Ack { fragment_index: 0 }) }
2025-02-10 20:38:48 [INFO] [rust_do_it::drone] Drone 4 received packet Packet { routing_header: SourceRoutingHeader { hop_index: 6, hops: [11, 6, 3, 15, 8, 1, 4, 18] }, session_id: 14, pack_type: Ack(Ack { fragment_index: 0 }) }
2025-02-10 20:38:48 [INFO] [rustastic_drone::drone] [32m✓[0m [ Drone 3 ]: has received the packet Packet { routing_header: SourceRoutingHeader { hop_index: 2, hops: [8, 15, 3, 6, 11] }, session_id: 53, pack_type: FloodResponse(FloodResponse { flood_id: 16, path_trace: [(11, Client), (6, Drone), (3, Drone), (15, Server), (8, Drone)] }) }
2025-02-10 20:38:48 [INFO] [rustastic_drone::drone] [32m✓[0m Packet with [ session_id: 53 ] is being handled from [ Drone 3 ]
2025-02-10 20:38:48 [INFO] [rustastic_drone::drone] [32m✓[0m [ Drone 3 ]: sent a FloodResponse with flood_id: 16 to [ Drone 6 ]
2025-02-10 20:38:48 [INFO] [rustastic_drone::drone] [32m✓[0m [ Drone 3 ]: has received the packet Packet { routing_header: SourceRoutingHeader { hop_index: 2, hops: [8, 15, 3, 12] }, session_id: 35, pack_type: FloodResponse(FloodResponse { flood_id: 38, path_trace: [(12, Client), (3, Drone), (15, Server), (8, Drone)] }) }
2025-02-10 20:38:48 [INFO] [getdroned::get_droned] Drone 7 received a packet: Packet { routing_header: SourceRoutingHeader { hop_index: 3, hops: [17, 3, 10, 7, 4, 1, 0] }, session_id: 15, pack_type: FloodResponse(FloodResponse { flood_id: 15, path_trace: [(0, Client), (1, Drone), (4, Drone), (7, Drone), (10, Client), (3, Drone), (17, Server)] }) }
2025-02-10 20:38:48 [INFO] [rustastic_drone::drone] [32m✓[0m Packet with [ session_id: 35 ] is being handled from [ Drone 3 ]
2025-02-10 20:38:48 [INFO] [getdroned::get_droned] Drone 7 received a packet: Packet { routing_header: SourceRoutingHeader { hop_index: 4, hops: [11, 6, 3, 10, 7, 18] }, session_id: 57, pack_type: MsgFragment(Fragment { fragment_index: 0, total_n_fragments: 1, length: 64, data: [123, 34, 84, 121, 112, 101, 82, 101, 115, 112, 111, 110, 115, 101, 34, 58, 123, 34, 101, 100, 103, 101, 95, 116, 121, 112, 101, 34, 58, 123, 34, 67, 108, 105, 101, 110, 116, 34, 58, 34, 67, 104, 97, 116, 67, 108, 105, 101, 110, 116, 34, 125, 44, 34, 102, 114, 111, 109, 34, 58, 49, 49, 125, 125, 0, 0, 0, 0, 0, 0, 0, 0, 0, 0, 0, 0, 0, 0, 0, 0, 0, 0, 0, 0, 0, 0, 0, 0, 0, 0, 0, 0, 0, 0, 0, 0, 0, 0, 0, 0, 0, 0, 0, 0, 0, 0, 0, 0, 0, 0, 0, 0, 0, 0, 0, 0, 0, 0, 0, 0, 0, 0, 0, 0, 0, 0, 0, 0] }) }
2025-02-10 20:38:48 [INFO] [rustastic_drone::drone] [32m✓[0m [ Drone 3 ]: sent a FloodResponse with flood_id: 38 to [ Drone 12 ]
2025-02-10 20:38:48 [INFO] [rustastic_drone::drone] [32m✓[0m [ Drone 3 ]: has received the packet Packet { routing_header: SourceRoutingHeader { hop_index: 2, hops: [8, 15, 3, 12] }, session_id: 39, pack_type: FloodResponse(FloodResponse { flood_id: 7, path_trace: [(12, Client), (3, Drone), (15, Server), (8, Drone)] }) }
2025-02-10 20:38:48 [INFO] [rustastic_drone::drone] [32m✓[0m Packet with [ session_id: 39 ] is being handled from [ Drone 3 ]
2025-02-10 20:38:48 [INFO] [rustastic_drone::drone] [32m✓[0m [ Drone 3 ]: sent a FloodResponse with flood_id: 7 to [ Drone 12 ]
2025-02-10 20:38:48 [INFO] [rust_do_it::drone] Drone 4 received packet Packet { routing_header: SourceRoutingHeader { hop_index: 4, hops: [17, 3, 10, 7, 4, 1, 0] }, session_id: 15, pack_type: FloodResponse(FloodResponse { flood_id: 15, path_trace: [(0, Client), (1, Drone), (4, Drone), (7, Drone), (10, Client), (3, Drone), (17, Server)] }) }
2025-02-10 20:38:48 [INFO] [getdroned::get_droned] Drone 7 received a packet: Packet { routing_header: SourceRoutingHeader { hop_index: 4, hops: [15, 8, 1, 4, 7, 10] }, session_id: 38, pack_type: Ack(Ack { fragment_index: 0 }) }
2025-02-10 20:38:48 [INFO] [rustastic_drone::drone] [32m✓[0m [ Drone 3 ]: has received the packet Packet { routing_header: SourceRoutingHeader { hop_index: 4, hops: [18, 4, 7, 10, 3, 12] }, session_id: 38, pack_type: FloodResponse(FloodResponse { flood_id: 38, path_trace: [(12, Client), (3, Drone), (10, Client), (7, Drone), (4, Drone), (18, Server)] }) }
2025-02-10 20:38:48 [INFO] [rustastic_drone::drone] [32m✓[0m Packet with [ session_id: 38 ] is being handled from [ Drone 3 ]
2025-02-10 20:38:48 [INFO] [getdroned::get_droned] Drone 7 received a packet: Packet { routing_header: SourceRoutingHeader { hop_index: 4, hops: [15, 8, 1, 4, 7, 10, 3, 12] }, session_id: 38, pack_type: FloodResponse(FloodResponse { flood_id: 38, path_trace: [(12, Client), (3, Drone), (10, Client), (7, Drone), (4, Drone), (1, Drone), (8, Drone), (15, Server)] }) }
2025-02-10 20:38:48 [INFO] [rustastic_drone::drone] [32m✓[0m [ Drone 3 ]: sent a FloodResponse with flood_id: 38 to [ Drone 12 ]
2025-02-10 20:38:48 [INFO] [getdroned::get_droned] Drone 7 received a packet: Packet { routing_header: SourceRoutingHeader { hop_index: 4, hops: [15, 8, 1, 4, 7, 10, 3, 12] }, session_id: 7, pack_type: FloodResponse(FloodResponse { flood_id: 7, path_trace: [(12, Client), (3, Drone), (10, Client), (7, Drone), (4, Drone), (1, Drone), (8, Drone), (15, Server)] }) }
2025-02-10 20:38:48 [INFO] [rustastic_drone::drone] [32m✓[0m [ Drone 3 ]: has received the packet Packet { routing_header: SourceRoutingHeader { hop_index: 4, hops: [18, 4, 7, 10, 3, 12] }, session_id: 7, pack_type: FloodResponse(FloodResponse { flood_id: 7, path_trace: [(12, Client), (3, Drone), (10, Client), (7, Drone), (4, Drone), (18, Server)] }) }
2025-02-10 20:38:48 [INFO] [rustastic_drone::drone] [32m✓[0m Packet with [ session_id: 7 ] is being handled from [ Drone 3 ]
2025-02-10 20:38:48 [INFO] [getdroned::get_droned] Drone 7 received a packet: Packet { routing_header: SourceRoutingHeader { hop_index: 1, hops: [10, 7, 18] }, session_id: 43, pack_type: MsgFragment(Fragment { fragment_index: 0, total_n_fragments: 1, length: 64, data: [123, 34, 84, 121, 112, 101, 82, 101, 115, 112, 111, 110, 115, 101, 34, 58, 123, 34, 101, 100, 103, 101, 95, 116, 121, 112, 101, 34, 58, 123, 34, 67, 108, 105, 101, 110, 116, 34, 58, 34, 87, 101, 98, 66, 114, 111, 119, 115, 101, 114, 34, 125, 44, 34, 102, 114, 111, 109, 34, 58, 49, 48, 125, 125, 0, 0, 0, 0, 0, 0, 0, 0, 0, 0, 0, 0, 0, 0, 0, 0, 0, 0, 0, 0, 0, 0, 0, 0, 0, 0, 0, 0, 0, 0, 0, 0, 0, 0, 0, 0, 0, 0, 0, 0, 0, 0, 0, 0, 0, 0, 0, 0, 0, 0, 0, 0, 0, 0, 0, 0, 0, 0, 0, 0, 0, 0, 0, 0] }) }
2025-02-10 20:38:48 [INFO] [rustastic_drone::drone] [32m✓[0m [ Drone 3 ]: sent a FloodResponse with flood_id: 7 to [ Drone 12 ]
2025-02-10 20:38:48 [INFO] [getdroned::get_droned] Drone 7 received a packet: Packet { routing_header: SourceRoutingHeader { hop_index: 3, hops: [15, 3, 10, 7, 4, 1, 0] }, session_id: 15, pack_type: FloodResponse(FloodResponse { flood_id: 15, path_trace: [(0, Client), (1, Drone), (4, Drone), (7, Drone), (10, Client), (3, Drone), (15, Server)] }) }
2025-02-10 20:38:48 [INFO] [rustastic_drone::drone] [32m✓[0m [ Drone 3 ]: has received the packet Packet { routing_header: SourceRoutingHeader { hop_index: 6, hops: [17, 8, 1, 4, 7, 10, 3, 12] }, session_id: 38, pack_type: FloodResponse(FloodResponse { flood_id: 38, path_trace: [(12, Client), (3, Drone), (10, Client), (7, Drone), (4, Drone), (1, Drone), (8, Drone), (17, Server)] }) }
2025-02-10 20:38:48 [INFO] [rustastic_drone::drone] [32m✓[0m Packet with [ session_id: 38 ] is being handled from [ Drone 3 ]
2025-02-10 20:38:48 [INFO] [rust_do_it::drone] Drone 4 received packet Packet { routing_header: SourceRoutingHeader { hop_index: 4, hops: [15, 3, 10, 7, 4, 1, 0] }, session_id: 15, pack_type: FloodResponse(FloodResponse { flood_id: 15, path_trace: [(0, Client), (1, Drone), (4, Drone), (7, Drone), (10, Client), (3, Drone), (15, Server)] }) }
2025-02-10 20:38:48 [INFO] [rustastic_drone::drone] [32m✓[0m [ Drone 3 ]: sent a FloodResponse with flood_id: 38 to [ Drone 12 ]
2025-02-10 20:38:48 [INFO] [rustastic_drone::drone] [32m✓[0m [ Drone 3 ]: has received the packet Packet { routing_header: SourceRoutingHeader { hop_index: 6, hops: [17, 8, 1, 4, 7, 10, 3, 12] }, session_id: 7, pack_type: FloodResponse(FloodResponse { flood_id: 7, path_trace: [(12, Client), (3, Drone), (10, Client), (7, Drone), (4, Drone), (1, Drone), (8, Drone), (17, Server)] }) }
2025-02-10 20:38:48 [INFO] [rustastic_drone::drone] [32m✓[0m Packet with [ session_id: 7 ] is being handled from [ Drone 3 ]
2025-02-10 20:38:48 [INFO] [rustastic_drone::drone] [32m✓[0m [ Drone 3 ]: sent a FloodResponse with flood_id: 7 to [ Drone 12 ]
2025-02-10 20:38:48 [INFO] [rustastic_drone::drone] [32m✓[0m [ Drone 3 ]: has received the packet Packet { routing_header: SourceRoutingHeader { hop_index: 1, hops: [10, 3, 15, 8, 1, 4, 18] }, session_id: 15, pack_type: Ack(Ack { fragment_index: 0 }) }
2025-02-10 20:38:48 [INFO] [rustastic_drone::drone] [32m✓[0m Packet with [ session_id: 15 ] is being handled from [ Drone 3 ]
2025-02-10 20:38:48 [INFO] [rustastic_drone::drone] [34mi[0m [ Drone 3 ]: received a Ack(0)
2025-02-10 20:38:48 [INFO] [rustastic_drone::drone] [32m✓[0m [ Drone 3 ]: was sent a Ack(0) packet to [ Drone 15 ]
2025-02-10 20:38:48 [INFO] [rustastic_drone::drone] [32m✓[0m [ Drone 3 ]: has received the packet Packet { routing_header: SourceRoutingHeader { hop_index: 1, hops: [10, 3, 12] }, session_id: 10, pack_type: Ack(Ack { fragment_index: 0 }) }
2025-02-10 20:38:48 [INFO] [rustastic_drone::drone] [32m✓[0m Packet with [ session_id: 10 ] is being handled from [ Drone 3 ]
2025-02-10 20:38:48 [INFO] [rustastic_drone::drone] [34mi[0m [ Drone 3 ]: received a Ack(0)
2025-02-10 20:38:48 [INFO] [rust_do_it::drone] Drone 4 received packet Packet { routing_header: SourceRoutingHeader { hop_index: 5, hops: [10, 3, 15, 8, 1, 4, 18] }, session_id: 15, pack_type: Ack(Ack { fragment_index: 0 }) }
2025-02-10 20:38:48 [INFO] [rustastic_drone::drone] [32m✓[0m [ Drone 3 ]: was sent a Ack(0) packet to [ Drone 12 ]
2025-02-10 20:38:48 [INFO] [rustastic_drone::drone] [32m✓[0m [ Drone 3 ]: has received the packet Packet { routing_header: SourceRoutingHeader { hop_index: 8, hops: [11, 2, 5, 8, 1, 4, 7, 10, 3, 12] }, session_id: 38, pack_type: FloodResponse(FloodResponse { flood_id: 38, path_trace: [(12, Client), (3, Drone), (10, Client), (7, Drone), (4, Drone), (1, Drone), (8, Drone), (5, Drone), (2, Drone), (11, Client)] }) }
2025-02-10 20:38:48 [INFO] [rustastic_drone::drone] [32m✓[0m Packet with [ session_id: 38 ] is being handled from [ Drone 3 ]
2025-02-10 20:38:48 [INFO] [rustastic_drone::drone] [32m✓[0m [ Drone 3 ]: sent a FloodResponse with flood_id: 38 to [ Drone 12 ]
2025-02-10 20:38:48 [INFO] [rustastic_drone::drone] [32m✓[0m [ Drone 3 ]: has received the packet Packet { routing_header: SourceRoutingHeader { hop_index: 8, hops: [11, 2, 5, 8, 1, 4, 7, 10, 3, 12] }, session_id: 7, pack_type: FloodResponse(FloodResponse { flood_id: 7, path_trace: [(12, Client), (3, Drone), (10, Client), (7, Drone), (4, Drone), (1, Drone), (8, Drone), (5, Drone), (2, Drone), (11, Client)] }) }
2025-02-10 20:38:48 [INFO] [rustastic_drone::drone] [32m✓[0m Packet with [ session_id: 7 ] is being handled from [ Drone 3 ]
2025-02-10 20:38:48 [INFO] [rustastic_drone::drone] [32m✓[0m [ Drone 3 ]: sent a FloodResponse with flood_id: 7 to [ Drone 12 ]
2025-02-10 20:38:48 [INFO] [rustastic_drone::drone] [32m✓[0m [ Drone 3 ]: has received the packet Packet { routing_header: SourceRoutingHeader { hop_index: 1, hops: [10, 3, 15] }, session_id: 16, pack_type: Ack(Ack { fragment_index: 0 }) }
2025-02-10 20:38:48 [INFO] [rustastic_drone::drone] [32m✓[0m Packet with [ session_id: 16 ] is being handled from [ Drone 3 ]
2025-02-10 20:38:48 [INFO] [rustastic_drone::drone] [34mi[0m [ Drone 3 ]: received a Ack(0)
2025-02-10 20:38:48 [INFO] [rustastic_drone::drone] [32m✓[0m [ Drone 3 ]: was sent a Ack(0) packet to [ Drone 15 ]
2025-02-10 20:38:48 [INFO] [rustastic_drone::drone] [32m✓[0m [ Drone 3 ]: has received the packet Packet { routing_header: SourceRoutingHeader { hop_index: 3, hops: [17, 8, 15, 3, 10] }, session_id: 51, pack_type: Ack(Ack { fragment_index: 0 }) }
2025-02-10 20:38:48 [INFO] [rustastic_drone::drone] [32m✓[0m Packet with [ session_id: 51 ] is being handled from [ Drone 3 ]
2025-02-10 20:38:48 [INFO] [rustastic_drone::drone] [34mi[0m [ Drone 3 ]: received a Ack(0)
2025-02-10 20:38:48 [INFO] [rustastic_drone::drone] [32m✓[0m [ Drone 3 ]: was sent a Ack(0) packet to [ Drone 10 ]
2025-02-10 20:38:48 [INFO] [rustastic_drone::drone] [32m✓[0m [ Drone 3 ]: has received the packet Packet { routing_header: SourceRoutingHeader { hop_index: 1, hops: [17, 3, 10] }, session_id: 17, pack_type: MsgFragment(Fragment { fragment_index: 0, total_n_fragments: 1, length: 71, data: [123, 34, 84, 121, 112, 101, 82, 101, 115, 112, 111, 110, 115, 101, 34, 58, 123, 34, 101, 100, 103, 101, 95, 116, 121, 112, 101, 34, 58, 123, 34, 83, 101, 114, 118, 101, 114, 34, 58, 123, 34, 67, 111, 110, 116, 101, 110, 116, 34, 58, 34, 77, 101, 100, 105, 97, 34, 125, 125, 44, 34, 102, 114, 111, 109, 34, 58, 49, 55, 125, 125, 0, 0, 0, 0, 0, 0, 0, 0, 0, 0, 0, 0, 0, 0, 0, 0, 0, 0, 0, 0, 0, 0, 0, 0, 0, 0, 0, 0, 0, 0, 0, 0, 0, 0, 0, 0, 0, 0, 0, 0, 0, 0, 0, 0, 0, 0, 0, 0, 0, 0, 0, 0, 0, 0, 0, 0, 0] }) }
2025-02-10 20:38:48 [INFO] [rustastic_drone::drone] [32m✓[0m Packet with [ session_id: 17 ] is being handled from [ Drone 3 ]
2025-02-10 20:38:48 [INFO] [rustastic_drone::drone] [32m✓[0m [ Drone 3 ]: forwarded the the fragment [ fragment_index: 0 ] of the Packet [ session_id: 17 ]
2025-02-10 20:38:48 [WARN] [rustastic_drone::drone] └─>[33m!!![0m Fragment was added to the [ Drone 3 ] buffer
2025-02-10 20:38:48 [INFO] [rustastic_drone::drone] [32m✓[0m [ Drone 3 ]: was sent a Fragment { index: 1 out of 1, data: 0x7b2254797065526573706f6e7365223a7b226564... + other 51 bytes } packet to [ Drone 10 ]
2025-02-10 20:38:48 [INFO] [rustastic_drone::drone] [32m✓[0m [ Drone 3 ]: has received the packet Packet { routing_header: SourceRoutingHeader { hop_index: 1, hops: [12, 3, 10] }, session_id: 35, pack_type: MsgFragment(Fragment { fragment_index: 0, total_n_fragments: 1, length: 27, data: [123, 34, 84, 121, 112, 101, 82, 101, 113, 117, 101, 115, 116, 34, 58, 123, 34, 102, 114, 111, 109, 34, 58, 49, 50, 125, 125, 0, 0, 0, 0, 0, 0, 0, 0, 0, 0, 0, 0, 0, 0, 0, 0, 0, 0, 0, 0, 0, 0, 0, 0, 0, 0, 0, 0, 0, 0, 0, 0, 0, 0, 0, 0, 0, 0, 0, 0, 0, 0, 0, 0, 0, 0, 0, 0, 0, 0, 0, 0, 0, 0, 0, 0, 0, 0, 0, 0, 0, 0, 0, 0, 0, 0, 0, 0, 0, 0, 0, 0, 0, 0, 0, 0, 0, 0, 0, 0, 0, 0, 0, 0, 0, 0, 0, 0, 0, 0, 0, 0, 0, 0, 0, 0, 0, 0, 0, 0, 0] }) }
2025-02-10 20:38:48 [INFO] [rustastic_drone::drone] [32m✓[0m Packet with [ session_id: 35 ] is being handled from [ Drone 3 ]
2025-02-10 20:38:48 [INFO] [rustastic_drone::drone] [32m✓[0m [ Drone 3 ]: forwarded the the fragment [ fragment_index: 0 ] of the Packet [ session_id: 35 ]
2025-02-10 20:38:48 [WARN] [rustastic_drone::drone] └─>[33m!!![0m Fragment was added to the [ Drone 3 ] buffer
2025-02-10 20:38:48 [INFO] [rustastic_drone::drone] [32m✓[0m [ Drone 3 ]: was sent a Fragment { index: 1 out of 1, data: 0x7b225479706552657175657374223a7b2266726f... + other 7 bytes } packet to [ Drone 10 ]
2025-02-10 20:38:48 [INFO] [rustastic_drone::drone] [32m✓[0m [ Drone 3 ]: has received the packet Packet { routing_header: SourceRoutingHeader { hop_index: 1, hops: [12, 3, 15, 8, 0] }, session_id: 15, pack_type: MsgFragment(Fragment { fragment_index: 0, total_n_fragments: 1, length: 27, data: [123, 34, 84, 121, 112, 101, 82, 101, 113, 117, 101, 115, 116, 34, 58, 123, 34, 102, 114, 111, 109, 34, 58, 49, 50, 125, 125, 0, 0, 0, 0, 0, 0, 0, 0, 0, 0, 0, 0, 0, 0, 0, 0, 0, 0, 0, 0, 0, 0, 0, 0, 0, 0, 0, 0, 0, 0, 0, 0, 0, 0, 0, 0, 0, 0, 0, 0, 0, 0, 0, 0, 0, 0, 0, 0, 0, 0, 0, 0, 0, 0, 0, 0, 0, 0, 0, 0, 0, 0, 0, 0, 0, 0, 0, 0, 0, 0, 0, 0, 0, 0, 0, 0, 0, 0, 0, 0, 0, 0, 0, 0, 0, 0, 0, 0, 0, 0, 0, 0, 0, 0, 0, 0, 0, 0, 0, 0, 0] }) }
2025-02-10 20:38:48 [INFO] [rustastic_drone::drone] [32m✓[0m Packet with [ session_id: 15 ] is being handled from [ Drone 3 ]
2025-02-10 20:38:48 [INFO] [rustastic_drone::drone] [32m✓[0m [ Drone 3 ]: forwarded the the fragment [ fragment_index: 0 ] of the Packet [ session_id: 15 ]
2025-02-10 20:38:48 [WARN] [rustastic_drone::drone] └─>[33m!!![0m Fragment was added to the [ Drone 3 ] buffer
2025-02-10 20:38:48 [INFO] [rustastic_drone::drone] [32m✓[0m [ Drone 3 ]: was sent a Fragment { index: 1 out of 1, data: 0x7b225479706552657175657374223a7b2266726f... + other 7 bytes } packet to [ Drone 15 ]
2025-02-10 20:38:48 [INFO] [rustastic_drone::drone] [32m✓[0m [ Drone 3 ]: has received the packet Packet { routing_header: SourceRoutingHeader { hop_index: 1, hops: [12, 3, 15] }, session_id: 3, pack_type: MsgFragment(Fragment { fragment_index: 0, total_n_fragments: 1, length: 27, data: [123, 34, 84, 121, 112, 101, 82, 101, 113, 117, 101, 115, 116, 34, 58, 123, 34, 102, 114, 111, 109, 34, 58, 49, 50, 125, 125, 0, 0, 0, 0, 0, 0, 0, 0, 0, 0, 0, 0, 0, 0, 0, 0, 0, 0, 0, 0, 0, 0, 0, 0, 0, 0, 0, 0, 0, 0, 0, 0, 0, 0, 0, 0, 0, 0, 0, 0, 0, 0, 0, 0, 0, 0, 0, 0, 0, 0, 0, 0, 0, 0, 0, 0, 0, 0, 0, 0, 0, 0, 0, 0, 0, 0, 0, 0, 0, 0, 0, 0, 0, 0, 0, 0, 0, 0, 0, 0, 0, 0, 0, 0, 0, 0, 0, 0, 0, 0, 0, 0, 0, 0, 0, 0, 0, 0, 0, 0, 0] }) }
2025-02-10 20:38:48 [INFO] [rustastic_drone::drone] [32m✓[0m Packet with [ session_id: 3 ] is being handled from [ Drone 3 ]
2025-02-10 20:38:48 [INFO] [rustastic_drone::drone] [32m✓[0m [ Drone 3 ]: forwarded the the fragment [ fragment_index: 0 ] of the Packet [ session_id: 3 ]
2025-02-10 20:38:48 [WARN] [rustastic_drone::drone] └─>[33m!!![0m Fragment was added to the [ Drone 3 ] buffer
2025-02-10 20:38:48 [INFO] [rustastic_drone::drone] [32m✓[0m [ Drone 3 ]: was sent a Fragment { index: 1 out of 1, data: 0x7b225479706552657175657374223a7b2266726f... + other 7 bytes } packet to [ Drone 15 ]
2025-02-10 20:38:48 [INFO] [rustastic_drone::drone] [32m✓[0m [ Drone 3 ]: has received the packet Packet { routing_header: SourceRoutingHeader { hop_index: 1, hops: [15, 3, 12] }, session_id: 3, pack_type: Ack(Ack { fragment_index: 0 }) }
2025-02-10 20:38:48 [INFO] [rustastic_drone::drone] [32m✓[0m Packet with [ session_id: 3 ] is being handled from [ Drone 3 ]
2025-02-10 20:38:48 [INFO] [rustastic_drone::drone] [34mi[0m [ Drone 3 ]: received a Ack(0)
2025-02-10 20:38:48 [INFO] [rustastic_drone::drone] [32m✓[0m [ Drone 3 ]: was sent a Ack(0) packet to [ Drone 12 ]
2025-02-10 20:38:48 [INFO] [rustastic_drone::drone] [32m✓[0m [ Drone 3 ]: has received the packet Packet { routing_header: SourceRoutingHeader { hop_index: 1, hops: [12, 3, 10, 7, 16] }, session_id: 12, pack_type: MsgFragment(Fragment { fragment_index: 0, total_n_fragments: 1, length: 27, data: [123, 34, 84, 121, 112, 101, 82, 101, 113, 117, 101, 115, 116, 34, 58, 123, 34, 102, 114, 111, 109, 34, 58, 49, 50, 125, 125, 0, 0, 0, 0, 0, 0, 0, 0, 0, 0, 0, 0, 0, 0, 0, 0, 0, 0, 0, 0, 0, 0, 0, 0, 0, 0, 0, 0, 0, 0, 0, 0, 0, 0, 0, 0, 0, 0, 0, 0, 0, 0, 0, 0, 0, 0, 0, 0, 0, 0, 0, 0, 0, 0, 0, 0, 0, 0, 0, 0, 0, 0, 0, 0, 0, 0, 0, 0, 0, 0, 0, 0, 0, 0, 0, 0, 0, 0, 0, 0, 0, 0, 0, 0, 0, 0, 0, 0, 0, 0, 0, 0, 0, 0, 0, 0, 0, 0, 0, 0, 0] }) }
2025-02-10 20:38:48 [INFO] [rustastic_drone::drone] [32m✓[0m Packet with [ session_id: 12 ] is being handled from [ Drone 3 ]
2025-02-10 20:38:48 [INFO] [rustastic_drone::drone] [32m✓[0m [ Drone 3 ]: forwarded the the fragment [ fragment_index: 0 ] of the Packet [ session_id: 12 ]
2025-02-10 20:38:48 [WARN] [rustastic_drone::drone] └─>[33m!!![0m Fragment was added to the [ Drone 3 ] buffer
2025-02-10 20:38:48 [INFO] [rustastic_drone::drone] [32m✓[0m [ Drone 3 ]: was sent a Fragment { index: 1 out of 1, data: 0x7b225479706552657175657374223a7b2266726f... + other 7 bytes } packet to [ Drone 10 ]
2025-02-10 20:38:48 [INFO] [rustastic_drone::drone] [32m✓[0m [ Drone 3 ]: has received the packet Packet { routing_header: SourceRoutingHeader { hop_index: 1, hops: [12, 3, 10, 7, 18] }, session_id: 14, pack_type: MsgFragment(Fragment { fragment_index: 0, total_n_fragments: 1, length: 27, data: [123, 34, 84, 121, 112, 101, 82, 101, 113, 117, 101, 115, 116, 34, 58, 123, 34, 102, 114, 111, 109, 34, 58, 49, 50, 125, 125, 0, 0, 0, 0, 0, 0, 0, 0, 0, 0, 0, 0, 0, 0, 0, 0, 0, 0, 0, 0, 0, 0, 0, 0, 0, 0, 0, 0, 0, 0, 0, 0, 0, 0, 0, 0, 0, 0, 0, 0, 0, 0, 0, 0, 0, 0, 0, 0, 0, 0, 0, 0, 0, 0, 0, 0, 0, 0, 0, 0, 0, 0, 0, 0, 0, 0, 0, 0, 0, 0, 0, 0, 0, 0, 0, 0, 0, 0, 0, 0, 0, 0, 0, 0, 0, 0, 0, 0, 0, 0, 0, 0, 0, 0, 0, 0, 0, 0, 0, 0, 0] }) }
2025-02-10 20:38:48 [INFO] [rustastic_drone::drone] [32m✓[0m Packet with [ session_id: 14 ] is being handled from [ Drone 3 ]
2025-02-10 20:38:48 [INFO] [rustastic_drone::drone] [32m✓[0m [ Drone 3 ]: forwarded the the fragment [ fragment_index: 0 ] of the Packet [ session_id: 14 ]
2025-02-10 20:38:48 [WARN] [rustastic_drone::drone] └─>[33m!!![0m Fragment was added to the [ Drone 3 ] buffer
2025-02-10 20:38:48 [INFO] [rustastic_drone::drone] [32m✓[0m [ Drone 3 ]: was sent a Fragment { index: 1 out of 1, data: 0x7b225479706552657175657374223a7b2266726f... + other 7 bytes } packet to [ Drone 10 ]
2025-02-10 20:38:48 [INFO] [rustastic_drone::drone] [32m✓[0m [ Drone 3 ]: has received the packet Packet { routing_header: SourceRoutingHeader { hop_index: 1, hops: [15, 3, 12] }, session_id: 17, pack_type: MsgFragment(Fragment { fragment_index: 0, total_n_fragments: 1, length: 70, data: [123, 34, 84, 121, 112, 101, 82, 101, 115, 112, 111, 110, 115, 101, 34, 58, 123, 34, 101, 100, 103, 101, 95, 116, 121, 112, 101, 34, 58, 123, 34, 83, 101, 114, 118, 101, 114, 34, 58, 123, 34, 67, 111, 110, 116, 101, 110, 116, 34, 58, 34, 84, 101, 120, 116, 34, 125, 125, 44, 34, 102, 114, 111, 109, 34, 58, 49, 53, 125, 125, 0, 0, 0, 0, 0, 0, 0, 0, 0, 0, 0, 0, 0, 0, 0, 0, 0, 0, 0, 0, 0, 0, 0, 0, 0, 0, 0, 0, 0, 0, 0, 0, 0, 0, 0, 0, 0, 0, 0, 0, 0, 0, 0, 0, 0, 0, 0, 0, 0, 0, 0, 0, 0, 0, 0, 0, 0, 0] }) }
2025-02-10 20:38:48 [INFO] [rustastic_drone::drone] [32m✓[0m Packet with [ session_id: 17 ] is being handled from [ Drone 3 ]
2025-02-10 20:38:48 [INFO] [rustastic_drone::drone] [32m✓[0m [ Drone 3 ]: forwarded the the fragment [ fragment_index: 0 ] of the Packet [ session_id: 17 ]
2025-02-10 20:38:48 [WARN] [rustastic_drone::drone] └─>[33m!!![0m Fragment was added to the [ Drone 3 ] buffer
2025-02-10 20:38:48 [INFO] [rustastic_drone::drone] [32m✓[0m [ Drone 3 ]: was sent a Fragment { index: 1 out of 1, data: 0x7b2254797065526573706f6e7365223a7b226564... + other 50 bytes } packet to [ Drone 12 ]
2025-02-10 20:38:48 [INFO] [rustastic_drone::drone] [32m✓[0m [ Drone 3 ]: has received the packet Packet { routing_header: SourceRoutingHeader { hop_index: 1, hops: [12, 3, 15] }, session_id: 30, pack_type: MsgFragment(Fragment { fragment_index: 0, total_n_fragments: 1, length: 64, data: [123, 34, 84, 121, 112, 101, 82, 101, 115, 112, 111, 110, 115, 101, 34, 58, 123, 34, 101, 100, 103, 101, 95, 116, 121, 112, 101, 34, 58, 123, 34, 67, 108, 105, 101, 110, 116, 34, 58, 34, 87, 101, 98, 66, 114, 111, 119, 115, 101, 114, 34, 125, 44, 34, 102, 114, 111, 109, 34, 58, 49, 50, 125, 125, 0, 0, 0, 0, 0, 0, 0, 0, 0, 0, 0, 0, 0, 0, 0, 0, 0, 0, 0, 0, 0, 0, 0, 0, 0, 0, 0, 0, 0, 0, 0, 0, 0, 0, 0, 0, 0, 0, 0, 0, 0, 0, 0, 0, 0, 0, 0, 0, 0, 0, 0, 0, 0, 0, 0, 0, 0, 0, 0, 0, 0, 0, 0, 0] }) }
2025-02-10 20:38:48 [INFO] [rustastic_drone::drone] [32m✓[0m Packet with [ session_id: 30 ] is being handled from [ Drone 3 ]
2025-02-10 20:38:48 [INFO] [rustastic_drone::drone] [32m✓[0m [ Drone 3 ]: forwarded the the fragment [ fragment_index: 0 ] of the Packet [ session_id: 30 ]
2025-02-10 20:38:48 [WARN] [rustastic_drone::drone] └─>[33m!!![0m Fragment was added to the [ Drone 3 ] buffer
2025-02-10 20:38:48 [INFO] [rustastic_drone::drone] [32m✓[0m [ Drone 3 ]: was sent a Fragment { index: 1 out of 1, data: 0x7b2254797065526573706f6e7365223a7b226564... + other 44 bytes } packet to [ Drone 15 ]
2025-02-10 20:38:48 [INFO] [rustastic_drone::drone] [32m✓[0m [ Drone 3 ]: has received the packet Packet { routing_header: SourceRoutingHeader { hop_index: 1, hops: [15, 3, 12] }, session_id: 30, pack_type: Ack(Ack { fragment_index: 0 }) }
2025-02-10 20:38:48 [INFO] [rustastic_drone::drone] [32m✓[0m Packet with [ session_id: 30 ] is being handled from [ Drone 3 ]
2025-02-10 20:38:48 [INFO] [rustastic_drone::drone] [34mi[0m [ Drone 3 ]: received a Ack(0)
2025-02-10 20:38:48 [INFO] [rustastic_drone::drone] [32m✓[0m [ Drone 3 ]: was sent a Ack(0) packet to [ Drone 12 ]
2025-02-10 20:38:48 [INFO] [rustastic_drone::drone] [32m✓[0m [ Drone 3 ]: has received the packet Packet { routing_header: SourceRoutingHeader { hop_index: 0, hops: [] }, session_id: 16, pack_type: FloodRequest(FloodRequest { flood_id: 6, initiator_id: 12, path_trace: [(12, Client)] }) }
2025-02-10 20:38:48 [INFO] [rustastic_drone::drone] [32m✓[0m [ Drone 3 ]: sent the FloodRequest with flood_id: 6 sent to [ Drone 6 ]
2025-02-10 20:38:48 [INFO] [rustastic_drone::drone] [32m✓[0m [ Drone 3 ]: sent a FloodRequest with flood_id: 6 to the [ Drone 6 ]
2025-02-10 20:38:48 [INFO] [rustastic_drone::drone] [32m✓[0m [ Drone 3 ]: sent the FloodRequest with flood_id: 6 sent to [ Drone 15 ]
2025-02-10 20:38:48 [INFO] [rustastic_drone::drone] [32m✓[0m [ Drone 3 ]: sent a FloodRequest with flood_id: 6 to the [ Drone 15 ]
2025-02-10 20:38:48 [INFO] [rustastic_drone::drone] [32m✓[0m [ Drone 3 ]: sent the FloodRequest with flood_id: 6 sent to [ Drone 17 ]
2025-02-10 20:38:48 [INFO] [rustastic_drone::drone] [32m✓[0m [ Drone 3 ]: sent a FloodRequest with flood_id: 6 to the [ Drone 17 ]
2025-02-10 20:38:48 [INFO] [rust_do_it::drone] Drone 4 received packet Packet { routing_header: SourceRoutingHeader { hop_index: 0, hops: [] }, session_id: 16, pack_type: FloodRequest(FloodRequest { flood_id: 6, initiator_id: 12, path_trace: [(12, Client), (3, Drone), (15, Server), (8, Drone), (1, Drone)] }) }
2025-02-10 20:38:48 [INFO] [rustastic_drone::drone] [32m✓[0m [ Drone 3 ]: sent the FloodRequest with flood_id: 6 sent to [ Drone 10 ]
2025-02-10 20:38:48 [INFO] [rustastic_drone::drone] [32m✓[0m [ Drone 3 ]: sent a FloodRequest with flood_id: 6 to the [ Drone 10 ]
2025-02-10 20:38:48 [INFO] [getdroned::get_droned] Drone 7 received a packet: Packet { routing_header: SourceRoutingHeader { hop_index: 0, hops: [] }, session_id: 16, pack_type: FloodRequest(FloodRequest { flood_id: 6, initiator_id: 12, path_trace: [(12, Client), (3, Drone), (15, Server), (8, Drone), (1, Drone), (4, Drone)] }) }
2025-02-10 20:38:48 [INFO] [rustastic_drone::drone] [32m✓[0m [ Drone 3 ]: has received the packet Packet { routing_header: SourceRoutingHeader { hop_index: 0, hops: [] }, session_id: 16, pack_type: FloodRequest(FloodRequest { flood_id: 6, initiator_id: 12, path_trace: [(12, Client), (6, Drone)] }) }
2025-02-10 20:38:48 [INFO] [rustastic_drone::drone] [32m✓[0m [ Drone 3 ]: sent the FloodResponse to [ Drone 6 ]
└─>Reason: [33m!!![0m [ Drone 3 ]: has already received a FloodRequest with flood_id: 6
2025-02-10 20:38:48 [INFO] [getdroned::get_droned] Drone 7 received a packet: Packet { routing_header: SourceRoutingHeader { hop_index: 0, hops: [] }, session_id: 16, pack_type: FloodRequest(FloodRequest { flood_id: 6, initiator_id: 12, path_trace: [(12, Client), (3, Drone), (15, Server), (8, Drone), (1, Drone), (4, Drone), (16, Server)] }) }
2025-02-10 20:38:48 [INFO] [rustastic_drone::drone] [32m✓[0m [ Drone 3 ]: has received the packet Packet { routing_header: SourceRoutingHeader { hop_index: 1, hops: [6, 3, 12] }, session_id: 16, pack_type: FloodResponse(FloodResponse { flood_id: 6, path_trace: [(12, Client), (3, Drone), (6, Drone)] }) }
2025-02-10 20:38:48 [INFO] [rustastic_drone::drone] [32m✓[0m Packet with [ session_id: 16 ] is being handled from [ Drone 3 ]
2025-02-10 20:38:48 [INFO] [getdroned::get_droned] Drone 7 received a packet: Packet { routing_header: SourceRoutingHeader { hop_index: 1, hops: [16, 7, 4, 1, 8, 15, 3, 12] }, session_id: 6, pack_type: FloodResponse(FloodResponse { flood_id: 6, path_trace: [(12, Client), (3, Drone), (15, Server), (8, Drone), (1, Drone), (4, Drone), (7, Drone), (16, Server)] }) }
2025-02-10 20:38:48 [INFO] [rustastic_drone::drone] [32m✓[0m [ Drone 3 ]: sent a FloodResponse with flood_id: 6 to [ Drone 12 ]
2025-02-10 20:38:48 [INFO] [rust_do_it::drone] Drone 4 received packet Packet { routing_header: SourceRoutingHeader { hop_index: 2, hops: [7, 16, 4, 1, 8, 15, 3, 12] }, session_id: 16, pack_type: FloodResponse(FloodResponse { flood_id: 6, path_trace: [(12, Client), (3, Drone), (15, Server), (8, Drone), (1, Drone), (4, Drone), (16, Server), (7, Drone)] }) }
2025-02-10 20:38:48 [INFO] [rustastic_drone::drone] [32m✓[0m [ Drone 3 ]: has received the packet Packet { routing_header: SourceRoutingHeader { hop_index: 2, hops: [8, 17, 3, 12] }, session_id: 16, pack_type: FloodResponse(FloodResponse { flood_id: 6, path_trace: [(12, Client), (3, Drone), (17, Server), (8, Drone)] }) }
2025-02-10 20:38:48 [INFO] [rust_do_it::drone] Drone 4 received packet Packet { routing_header: SourceRoutingHeader { hop_index: 2, hops: [16, 7, 4, 1, 8, 15, 3, 12] }, session_id: 6, pack_type: FloodResponse(FloodResponse { flood_id: 6, path_trace: [(12, Client), (3, Drone), (15, Server), (8, Drone), (1, Drone), (4, Drone), (7, Drone), (16, Server)] }) }
2025-02-10 20:38:48 [INFO] [rustastic_drone::drone] [32m✓[0m Packet with [ session_id: 16 ] is being handled from [ Drone 3 ]
2025-02-10 20:38:48 [INFO] [rustastic_drone::drone] [32m✓[0m [ Drone 3 ]: sent a FloodResponse with flood_id: 6 to [ Drone 12 ]
2025-02-10 20:38:48 [INFO] [rustastic_drone::drone] [32m✓[0m [ Drone 3 ]: has received the packet Packet { routing_header: SourceRoutingHeader { hop_index: 3, hops: [17, 8, 15, 3, 12] }, session_id: 6, pack_type: FloodResponse(FloodResponse { flood_id: 6, path_trace: [(12, Client), (3, Drone), (15, Server), (8, Drone), (17, Server)] }) }
2025-02-10 20:38:48 [INFO] [rustastic_drone::drone] [32m✓[0m Packet with [ session_id: 6 ] is being handled from [ Drone 3 ]
2025-02-10 20:38:48 [INFO] [rustastic_drone::drone] [32m✓[0m [ Drone 3 ]: sent a FloodResponse with flood_id: 6 to [ Drone 12 ]
2025-02-10 20:38:48 [INFO] [rustastic_drone::drone] [32m✓[0m [ Drone 3 ]: has received the packet Packet { routing_header: SourceRoutingHeader { hop_index: 5, hops: [14, 2, 5, 8, 15, 3, 12] }, session_id: 6, pack_type: FloodResponse(FloodResponse { flood_id: 6, path_trace: [(12, Client), (3, Drone), (15, Server), (8, Drone), (5, Drone), (2, Drone), (14, Server)] }) }
2025-02-10 20:38:48 [INFO] [rustastic_drone::drone] [32m✓[0m Packet with [ session_id: 6 ] is being handled from [ Drone 3 ]
2025-02-10 20:38:48 [INFO] [rustastic_drone::drone] [32m✓[0m [ Drone 3 ]: sent a FloodResponse with flood_id: 6 to [ Drone 12 ]
2025-02-10 20:38:48 [INFO] [rustastic_drone::drone] [32m✓[0m [ Drone 3 ]: has received the packet Packet { routing_header: SourceRoutingHeader { hop_index: 5, hops: [2, 14, 5, 8, 15, 3, 12] }, session_id: 16, pack_type: FloodResponse(FloodResponse { flood_id: 6, path_trace: [(12, Client), (3, Drone), (15, Server), (8, Drone), (5, Drone), (14, Server), (2, Drone)] }) }
2025-02-10 20:38:48 [INFO] [rustastic_drone::drone] [32m✓[0m Packet with [ session_id: 16 ] is being handled from [ Drone 3 ]
2025-02-10 20:38:48 [INFO] [rustastic_drone::drone] [32m✓[0m [ Drone 3 ]: sent a FloodResponse with flood_id: 6 to [ Drone 12 ]
2025-02-10 20:38:48 [INFO] [rustastic_drone::drone] [32m✓[0m [ Drone 3 ]: has received the packet Packet { routing_header: SourceRoutingHeader { hop_index: 6, hops: [7, 16, 4, 1, 8, 15, 3, 12] }, session_id: 16, pack_type: FloodResponse(FloodResponse { flood_id: 6, path_trace: [(12, Client), (3, Drone), (15, Server), (8, Drone), (1, Drone), (4, Drone), (16, Server), (7, Drone)] }) }
2025-02-10 20:38:48 [INFO] [rustastic_drone::drone] [32m✓[0m Packet with [ session_id: 16 ] is being handled from [ Drone 3 ]
2025-02-10 20:38:48 [INFO] [rustastic_drone::drone] [32m✓[0m [ Drone 3 ]: sent a FloodResponse with flood_id: 6 to [ Drone 12 ]
2025-02-10 20:38:48 [INFO] [rustastic_drone::drone] [32m✓[0m [ Drone 3 ]: has received the packet Packet { routing_header: SourceRoutingHeader { hop_index: 6, hops: [16, 7, 4, 1, 8, 15, 3, 12] }, session_id: 6, pack_type: FloodResponse(FloodResponse { flood_id: 6, path_trace: [(12, Client), (3, Drone), (15, Server), (8, Drone), (1, Drone), (4, Drone), (7, Drone), (16, Server)] }) }
2025-02-10 20:38:48 [INFO] [rustastic_drone::drone] [32m✓[0m Packet with [ session_id: 6 ] is being handled from [ Drone 3 ]
2025-02-10 20:38:48 [INFO] [rustastic_drone::drone] [32m✓[0m [ Drone 3 ]: sent a FloodResponse with flood_id: 6 to [ Drone 12 ]
2025-02-10 20:38:48 [INFO] [rustastic_drone::drone] [32m✓[0m [ Drone 3 ]: has received the packet Packet { routing_header: SourceRoutingHeader { hop_index: 6, hops: [15, 8, 1, 4, 7, 10, 3, 12] }, session_id: 38, pack_type: FloodResponse(FloodResponse { flood_id: 38, path_trace: [(12, Client), (3, Drone), (10, Client), (7, Drone), (4, Drone), (1, Drone), (8, Drone), (15, Server)] }) }
2025-02-10 20:38:48 [INFO] [rustastic_drone::drone] [32m✓[0m Packet with [ session_id: 38 ] is being handled from [ Drone 3 ]
2025-02-10 20:38:48 [INFO] [rustastic_drone::drone] [32m✓[0m [ Drone 3 ]: sent a FloodResponse with flood_id: 38 to [ Drone 12 ]
2025-02-10 20:38:48 [INFO] [rustastic_drone::drone] [32m✓[0m [ Drone 3 ]: has received the packet Packet { routing_header: SourceRoutingHeader { hop_index: 6, hops: [15, 8, 1, 4, 7, 10, 3, 12] }, session_id: 7, pack_type: FloodResponse(FloodResponse { flood_id: 7, path_trace: [(12, Client), (3, Drone), (10, Client), (7, Drone), (4, Drone), (1, Drone), (8, Drone), (15, Server)] }) }
2025-02-10 20:38:48 [INFO] [rustastic_drone::drone] [32m✓[0m Packet with [ session_id: 7 ] is being handled from [ Drone 3 ]
2025-02-10 20:38:48 [INFO] [rustastic_drone::drone] [32m✓[0m [ Drone 3 ]: sent a FloodResponse with flood_id: 7 to [ Drone 12 ]
2025-02-10 20:38:48 [INFO] [rustastic_drone::drone] [32m✓[0m [ Drone 3 ]: has received the packet Packet { routing_header: SourceRoutingHeader { hop_index: 1, hops: [10, 3, 17] }, session_id: 17, pack_type: Ack(Ack { fragment_index: 0 }) }
2025-02-10 20:38:48 [INFO] [rustastic_drone::drone] [32m✓[0m Packet with [ session_id: 17 ] is being handled from [ Drone 3 ]
2025-02-10 20:38:48 [INFO] [rustastic_drone::drone] [34mi[0m [ Drone 3 ]: received a Ack(0)
2025-02-10 20:38:48 [INFO] [rustastic_drone::drone] [32m✓[0m [ Drone 3 ]: was sent a Ack(0) packet to [ Drone 17 ]
2025-02-10 20:38:48 [INFO] [rustastic_drone::drone] [32m✓[0m [ Drone 3 ]: has received the packet Packet { routing_header: SourceRoutingHeader { hop_index: 1, hops: [10, 3, 12] }, session_id: 35, pack_type: Ack(Ack { fragment_index: 0 }) }
2025-02-10 20:38:48 [INFO] [rustastic_drone::drone] [32m✓[0m Packet with [ session_id: 35 ] is being handled from [ Drone 3 ]
2025-02-10 20:38:48 [INFO] [rustastic_drone::drone] [34mi[0m [ Drone 3 ]: received a Ack(0)
2025-02-10 20:38:48 [INFO] [rustastic_drone::drone] [32m✓[0m [ Drone 3 ]: was sent a Ack(0) packet to [ Drone 12 ]
2025-02-10 20:38:48 [INFO] [rustastic_drone::drone] [32m✓[0m [ Drone 3 ]: has received the packet Packet { routing_header: SourceRoutingHeader { hop_index: 1, hops: [10, 3, 12] }, session_id: 40, pack_type: MsgFragment(Fragment { fragment_index: 0, total_n_fragments: 1, length: 64, data: [123, 34, 84, 121, 112, 101, 82, 101, 115, 112, 111, 110, 115, 101, 34, 58, 123, 34, 101, 100, 103, 101, 95, 116, 121, 112, 101, 34, 58, 123, 34, 67, 108, 105, 101, 110, 116, 34, 58, 34, 87, 101, 98, 66, 114, 111, 119, 115, 101, 114, 34, 125, 44, 34, 102, 114, 111, 109, 34, 58, 49, 48, 125, 125, 0, 0, 0, 0, 0, 0, 0, 0, 0, 0, 0, 0, 0, 0, 0, 0, 0, 0, 0, 0, 0, 0, 0, 0, 0, 0, 0, 0, 0, 0, 0, 0, 0, 0, 0, 0, 0, 0, 0, 0, 0, 0, 0, 0, 0, 0, 0, 0, 0, 0, 0, 0, 0, 0, 0, 0, 0, 0, 0, 0, 0, 0, 0, 0] }) }
2025-02-10 20:38:48 [INFO] [getdroned::get_droned] Drone 7 received a packet: Packet { routing_header: SourceRoutingHeader { hop_index: 3, hops: [12, 3, 10, 7, 16] }, session_id: 12, pack_type: MsgFragment(Fragment { fragment_index: 0, total_n_fragments: 1, length: 27, data: [123, 34, 84, 121, 112, 101, 82, 101, 113, 117, 101, 115, 116, 34, 58, 123, 34, 102, 114, 111, 109, 34, 58, 49, 50, 125, 125, 0, 0, 0, 0, 0, 0, 0, 0, 0, 0, 0, 0, 0, 0, 0, 0, 0, 0, 0, 0, 0, 0, 0, 0, 0, 0, 0, 0, 0, 0, 0, 0, 0, 0, 0, 0, 0, 0, 0, 0, 0, 0, 0, 0, 0, 0, 0, 0, 0, 0, 0, 0, 0, 0, 0, 0, 0, 0, 0, 0, 0, 0, 0, 0, 0, 0, 0, 0, 0, 0, 0, 0, 0, 0, 0, 0, 0, 0, 0, 0, 0, 0, 0, 0, 0, 0, 0, 0, 0, 0, 0, 0, 0, 0, 0, 0, 0, 0, 0, 0, 0] }) }
2025-02-10 20:38:48 [INFO] [rustastic_drone::drone] [32m✓[0m Packet with [ session_id: 40 ] is being handled from [ Drone 3 ]
2025-02-10 20:38:48 [INFO] [rustastic_drone::drone] [32m✓[0m [ Drone 3 ]: forwarded the the fragment [ fragment_index: 0 ] of the Packet [ session_id: 40 ]
2025-02-10 20:38:48 [INFO] [getdroned::get_droned] Drone 7 received a packet: Packet { routing_header: SourceRoutingHeader { hop_index: 3, hops: [12, 3, 10, 7, 18] }, session_id: 14, pack_type: MsgFragment(Fragment { fragment_index: 0, total_n_fragments: 1, length: 27, data: [123, 34, 84, 121, 112, 101, 82, 101, 113, 117, 101, 115, 116, 34, 58, 123, 34, 102, 114, 111, 109, 34, 58, 49, 50, 125, 125, 0, 0, 0, 0, 0, 0, 0, 0, 0, 0, 0, 0, 0, 0, 0, 0, 0, 0, 0, 0, 0, 0, 0, 0, 0, 0, 0, 0, 0, 0, 0, 0, 0, 0, 0, 0, 0, 0, 0, 0, 0, 0, 0, 0, 0, 0, 0, 0, 0, 0, 0, 0, 0, 0, 0, 0, 0, 0, 0, 0, 0, 0, 0, 0, 0, 0, 0, 0, 0, 0, 0, 0, 0, 0, 0, 0, 0, 0, 0, 0, 0, 0, 0, 0, 0, 0, 0, 0, 0, 0, 0, 0, 0, 0, 0, 0, 0, 0, 0, 0, 0] }) }
2025-02-10 20:38:48 [WARN] [rustastic_drone::drone] └─>[33m!!![0m Fragment was added to the [ Drone 3 ] buffer
2025-02-10 20:38:48 [INFO] [getdroned::get_droned] Drone 7 received a packet: Packet { routing_header: SourceRoutingHeader { hop_index: 0, hops: [] }, session_id: 16, pack_type: FloodRequest(FloodRequest { flood_id: 6, initiator_id: 12, path_trace: [(12, Client), (3, Drone), (10, Client)] }) }
2025-02-10 20:38:48 [INFO] [rustastic_drone::drone] [32m✓[0m [ Drone 3 ]: was sent a Fragment { index: 1 out of 1, data: 0x7b2254797065526573706f6e7365223a7b226564... + other 44 bytes } packet to [ Drone 12 ]
2025-02-10 20:38:48 [INFO] [getdroned::get_droned] Drone 7 received a packet: Packet { routing_header: SourceRoutingHeader { hop_index: 1, hops: [10, 7, 4, 1, 8, 15, 3, 12] }, session_id: 6, pack_type: FloodResponse(FloodResponse { flood_id: 6, path_trace: [(12, Client), (3, Drone), (15, Server), (8, Drone), (1, Drone), (4, Drone), (7, Drone), (10, Client)] }) }
2025-02-10 20:38:48 [INFO] [getdroned::get_droned] Drone 7 received a packet: Packet { routing_header: SourceRoutingHeader { hop_index: 1, hops: [16, 7, 10, 3, 12] }, session_id: 12, pack_type: Ack(Ack { fragment_index: 0 }) }
2025-02-10 20:38:48 [INFO] [rust_do_it::drone] Drone 4 received packet Packet { routing_header: SourceRoutingHeader { hop_index: 2, hops: [10, 7, 4, 1, 8, 15, 3, 12] }, session_id: 6, pack_type: FloodResponse(FloodResponse { flood_id: 6, path_trace: [(12, Client), (3, Drone), (15, Server), (8, Drone), (1, Drone), (4, Drone), (7, Drone), (10, Client)] }) }
2025-02-10 20:38:48 [INFO] [rustastic_drone::drone] [32m✓[0m [ Drone 3 ]: has received the packet Packet { routing_header: SourceRoutingHeader { hop_index: 6, hops: [10, 7, 4, 1, 8, 15, 3, 12] }, session_id: 6, pack_type: FloodResponse(FloodResponse { flood_id: 6, path_trace: [(12, Client), (3, Drone), (15, Server), (8, Drone), (1, Drone), (4, Drone), (7, Drone), (10, Client)] }) }
2025-02-10 20:38:48 [INFO] [rustastic_drone::drone] [32m✓[0m Packet with [ session_id: 6 ] is being handled from [ Drone 3 ]
2025-02-10 20:38:48 [INFO] [rustastic_drone::drone] [32m✓[0m [ Drone 3 ]: sent a FloodResponse with flood_id: 6 to [ Drone 12 ]
2025-02-10 20:38:48 [INFO] [getdroned::get_droned] Drone 7 received a packet: Packet { routing_header: SourceRoutingHeader { hop_index: 1, hops: [16, 7, 10, 3, 12] }, session_id: 16, pack_type: MsgFragment(Fragment { fragment_index: 0, total_n_fragments: 1, length: 71, data: [123, 34, 84, 121, 112, 101, 82, 101, 115, 112, 111, 110, 115, 101, 34, 58, 123, 34, 101, 100, 103, 101, 95, 116, 121, 112, 101, 34, 58, 123, 34, 83, 101, 114, 118, 101, 114, 34, 58, 123, 34, 67, 111, 110, 116, 101, 110, 116, 34, 58, 34, 77, 101, 100, 105, 97, 34, 125, 125, 44, 34, 102, 114, 111, 109, 34, 58, 49, 54, 125, 125, 0, 0, 0, 0, 0, 0, 0, 0, 0, 0, 0, 0, 0, 0, 0, 0, 0, 0, 0, 0, 0, 0, 0, 0, 0, 0, 0, 0, 0, 0, 0, 0, 0, 0, 0, 0, 0, 0, 0, 0, 0, 0, 0, 0, 0, 0, 0, 0, 0, 0, 0, 0, 0, 0, 0, 0, 0] }) }
2025-02-10 20:38:48 [INFO] [rustastic_drone::drone] [32m✓[0m [ Drone 3 ]: has received the packet Packet { routing_header: SourceRoutingHeader { hop_index: 5, hops: [9, 2, 5, 8, 15, 3, 12] }, session_id: 6, pack_type: FloodResponse(FloodResponse { flood_id: 6, path_trace: [(12, Client), (3, Drone), (15, Server), (8, Drone), (5, Drone), (2, Drone), (9, Client)] }) }
2025-02-10 20:38:48 [INFO] [rustastic_drone::drone] [32m✓[0m Packet with [ session_id: 6 ] is being handled from [ Drone 3 ]
2025-02-10 20:38:48 [INFO] [rustastic_drone::drone] [32m✓[0m [ Drone 3 ]: sent a FloodResponse with flood_id: 6 to [ Drone 12 ]
2025-02-10 20:38:48 [INFO] [getdroned::get_droned] Drone 7 received a packet: Packet { routing_header: SourceRoutingHeader { hop_index: 1, hops: [18, 7, 10, 3, 6, 9] }, session_id: 4, pack_type: Ack(Ack { fragment_index: 0 }) }
2025-02-10 20:38:48 [INFO] [getdroned::get_droned] Drone 7 received a packet: Packet { routing_header: SourceRoutingHeader { hop_index: 1, hops: [18, 7, 10] }, session_id: 63, pack_type: Ack(Ack { fragment_index: 0 }) }
2025-02-10 20:38:48 [INFO] [getdroned::get_droned] Drone 7 received a packet: Packet { routing_header: SourceRoutingHeader { hop_index: 1, hops: [18, 7, 10] }, session_id: 17, pack_type: MsgFragment(Fragment { fragment_index: 0, total_n_fragments: 1, length: 58, data: [123, 34, 84, 121, 112, 101, 82, 101, 115, 112, 111, 110, 115, 101, 34, 58, 123, 34, 101, 100, 103, 101, 95, 116, 121, 112, 101, 34, 58, 123, 34, 83, 101, 114, 118, 101, 114, 34, 58, 34, 67, 104, 97, 116, 34, 125, 44, 34, 102, 114, 111, 109, 34, 58, 49, 56, 125, 125, 0, 0, 0, 0, 0, 0, 0, 0, 0, 0, 0, 0, 0, 0, 0, 0, 0, 0, 0, 0, 0, 0, 0, 0, 0, 0, 0, 0, 0, 0, 0, 0, 0, 0, 0, 0, 0, 0, 0, 0, 0, 0, 0, 0, 0, 0, 0, 0, 0, 0, 0, 0, 0, 0, 0, 0, 0, 0, 0, 0, 0, 0, 0, 0, 0, 0, 0, 0, 0, 0] }) }
2025-02-10 20:38:48 [INFO] [rust_do_it::drone] Drone 4 received packet Packet { routing_header: SourceRoutingHeader { hop_index: 2, hops: [7, 18, 4, 1, 8, 5, 2, 11] }, session_id: 63, pack_type: FloodResponse(FloodResponse { flood_id: 3, path_trace: [(11, Client), (2, Drone), (5, Drone), (8, Drone), (1, Drone), (4, Drone), (18, Server), (7, Drone)] }) }
2025-02-10 20:38:48 [INFO] [rust_do_it::drone] Drone 4 received packet Packet { routing_header: SourceRoutingHeader { hop_index: 2, hops: [7, 18, 4, 1, 0] }, session_id: 55, pack_type: FloodResponse(FloodResponse { flood_id: 15, path_trace: [(0, Client), (1, Drone), (4, Drone), (18, Server), (7, Drone)] }) }
2025-02-10 20:38:48 [INFO] [rust_do_it::drone] Drone 4 received packet Packet { routing_header: SourceRoutingHeader { hop_index: 2, hops: [0, 1, 4, 7, 10] }, session_id: 62, pack_type: Ack(Ack { fragment_index: 0 }) }
2025-02-10 20:38:48 [INFO] [getdroned::get_droned] Drone 7 received a packet: Packet { routing_header: SourceRoutingHeader { hop_index: 3, hops: [0, 1, 4, 7, 10] }, session_id: 62, pack_type: Ack(Ack { fragment_index: 0 }) }
2025-02-10 20:38:48 [INFO] [rustastic_drone::drone] [32m✓[0m [ Drone 3 ]: has received the packet Packet { routing_header: SourceRoutingHeader { hop_index: 3, hops: [0, 8, 17, 3, 10] }, session_id: 23, pack_type: MsgFragment(Fragment { fragment_index: 0, total_n_fragments: 1, length: 63, data: [123, 34, 84, 121, 112, 101, 82, 101, 115, 112, 111, 110, 115, 101, 34, 58, 123, 34, 101, 100, 103, 101, 95, 116, 121, 112, 101, 34, 58, 123, 34, 67, 108, 105, 101, 110, 116, 34, 58, 34, 67, 104, 97, 116, 67, 108, 105, 101, 110, 116, 34, 125, 44, 34, 102, 114, 111, 109, 34, 58, 48, 125, 125, 0, 0, 0, 0, 0, 0, 0, 0, 0, 0, 0, 0, 0, 0, 0, 0, 0, 0, 0, 0, 0, 0, 0, 0, 0, 0, 0, 0, 0, 0, 0, 0, 0, 0, 0, 0, 0, 0, 0, 0, 0, 0, 0, 0, 0, 0, 0, 0, 0, 0, 0, 0, 0, 0, 0, 0, 0, 0, 0, 0, 0, 0, 0, 0, 0] }) }
2025-02-10 20:38:48 [INFO] [rustastic_drone::drone] [32m✓[0m Packet with [ session_id: 23 ] is being handled from [ Drone 3 ]
2025-02-10 20:38:48 [INFO] [rustastic_drone::drone] [32m✓[0m [ Drone 3 ]: forwarded the the fragment [ fragment_index: 0 ] of the Packet [ session_id: 23 ]
2025-02-10 20:38:48 [WARN] [rustastic_drone::drone] └─>[33m!!![0m Fragment was added to the [ Drone 3 ] buffer
2025-02-10 20:38:48 [INFO] [rustastic_drone::drone] [32m✓[0m [ Drone 3 ]: was sent a Fragment { index: 1 out of 1, data: 0x7b2254797065526573706f6e7365223a7b226564... + other 43 bytes } packet to [ Drone 10 ]
2025-02-10 20:38:48 [INFO] [rustastic_drone::drone] [32m✓[0m [ Drone 3 ]: has received the packet Packet { routing_header: SourceRoutingHeader { hop_index: 2, hops: [7, 10, 3, 12] }, session_id: 16, pack_type: FloodResponse(FloodResponse { flood_id: 6, path_trace: [(12, Client), (3, Drone), (10, Client), (7, Drone)] }) }
2025-02-10 20:38:48 [INFO] [rustastic_drone::drone] [32m✓[0m Packet with [ session_id: 16 ] is being handled from [ Drone 3 ]
2025-02-10 20:38:48 [INFO] [getdroned::get_droned] Drone 7 received a packet: Packet { routing_header: SourceRoutingHeader { hop_index: 1, hops: [10, 7, 18] }, session_id: 17, pack_type: Ack(Ack { fragment_index: 0 }) }
2025-02-10 20:38:48 [INFO] [rustastic_drone::drone] [32m✓[0m [ Drone 3 ]: sent a FloodResponse with flood_id: 6 to [ Drone 12 ]
2025-02-10 20:38:48 [INFO] [rustastic_drone::drone] [32m✓[0m [ Drone 3 ]: has received the packet Packet { routing_header: SourceRoutingHeader { hop_index: 3, hops: [16, 7, 10, 3, 12] }, session_id: 12, pack_type: Ack(Ack { fragment_index: 0 }) }
2025-02-10 20:38:48 [INFO] [rustastic_drone::drone] [32m✓[0m Packet with [ session_id: 12 ] is being handled from [ Drone 3 ]
2025-02-10 20:38:48 [INFO] [rustastic_drone::drone] [34mi[0m [ Drone 3 ]: received a Ack(0)
2025-02-10 20:38:48 [INFO] [rustastic_drone::drone] [32m✓[0m [ Drone 3 ]: was sent a Ack(0) packet to [ Drone 12 ]
2025-02-10 20:38:48 [INFO] [rustastic_drone::drone] [32m✓[0m [ Drone 3 ]: has received the packet Packet { routing_header: SourceRoutingHeader { hop_index: 3, hops: [16, 7, 10, 3, 12] }, session_id: 16, pack_type: MsgFragment(Fragment { fragment_index: 0, total_n_fragments: 1, length: 71, data: [123, 34, 84, 121, 112, 101, 82, 101, 115, 112, 111, 110, 115, 101, 34, 58, 123, 34, 101, 100, 103, 101, 95, 116, 121, 112, 101, 34, 58, 123, 34, 83, 101, 114, 118, 101, 114, 34, 58, 123, 34, 67, 111, 110, 116, 101, 110, 116, 34, 58, 34, 77, 101, 100, 105, 97, 34, 125, 125, 44, 34, 102, 114, 111, 109, 34, 58, 49, 54, 125, 125, 0, 0, 0, 0, 0, 0, 0, 0, 0, 0, 0, 0, 0, 0, 0, 0, 0, 0, 0, 0, 0, 0, 0, 0, 0, 0, 0, 0, 0, 0, 0, 0, 0, 0, 0, 0, 0, 0, 0, 0, 0, 0, 0, 0, 0, 0, 0, 0, 0, 0, 0, 0, 0, 0, 0, 0, 0] }) }
2025-02-10 20:38:48 [INFO] [rustastic_drone::drone] [32m✓[0m Packet with [ session_id: 16 ] is being handled from [ Drone 3 ]
2025-02-10 20:38:48 [INFO] [rustastic_drone::drone] [32m✓[0m [ Drone 3 ]: forwarded the the fragment [ fragment_index: 0 ] of the Packet [ session_id: 16 ]
2025-02-10 20:38:48 [WARN] [rustastic_drone::drone] └─>[33m!!![0m Fragment was added to the [ Drone 3 ] buffer
2025-02-10 20:38:48 [INFO] [rustastic_drone::drone] [32m✓[0m [ Drone 3 ]: was sent a Fragment { index: 1 out of 1, data: 0x7b2254797065526573706f6e7365223a7b226564... + other 51 bytes } packet to [ Drone 12 ]
2025-02-10 20:38:48 [INFO] [rustastic_drone::drone] [32m✓[0m [ Drone 3 ]: has received the packet Packet { routing_header: SourceRoutingHeader { hop_index: 3, hops: [18, 7, 10, 3, 6, 9] }, session_id: 4, pack_type: Ack(Ack { fragment_index: 0 }) }
2025-02-10 20:38:48 [INFO] [rustastic_drone::drone] [32m✓[0m Packet with [ session_id: 4 ] is being handled from [ Drone 3 ]
2025-02-10 20:38:48 [INFO] [rustastic_drone::drone] [34mi[0m [ Drone 3 ]: received a Ack(0)
2025-02-10 20:38:48 [INFO] [rustastic_drone::drone] [32m✓[0m [ Drone 3 ]: was sent a Ack(0) packet to [ Drone 6 ]
2025-02-10 20:38:48 [INFO] [rustastic_drone::drone] [32m✓[0m [ Drone 3 ]: has received the packet Packet { routing_header: SourceRoutingHeader { hop_index: 1, hops: [10, 3, 17, 8, 0] }, session_id: 23, pack_type: Ack(Ack { fragment_index: 0 }) }
2025-02-10 20:38:48 [INFO] [rustastic_drone::drone] [32m✓[0m Packet with [ session_id: 23 ] is being handled from [ Drone 3 ]
2025-02-10 20:38:48 [INFO] [rustastic_drone::drone] [34mi[0m [ Drone 3 ]: received a Ack(0)
2025-02-10 20:38:48 [INFO] [rustastic_drone::drone] [32m✓[0m [ Drone 3 ]: was sent a Ack(0) packet to [ Drone 17 ]
2025-02-10 20:38:48 [INFO] [rustastic_drone::drone] [32m✓[0m [ Drone 3 ]: has received the packet Packet { routing_header: SourceRoutingHeader { hop_index: 1, hops: [12, 3, 10, 7, 18] }, session_id: 16, pack_type: Ack(Ack { fragment_index: 0 }) }
2025-02-10 20:38:48 [INFO] [rustastic_drone::drone] [32m✓[0m Packet with [ session_id: 16 ] is being handled from [ Drone 3 ]
2025-02-10 20:38:48 [INFO] [rustastic_drone::drone] [34mi[0m [ Drone 3 ]: received a Ack(0)
2025-02-10 20:38:48 [INFO] [rustastic_drone::drone] [32m✓[0m [ Drone 3 ]: was sent a Ack(0) packet to [ Drone 10 ]
2025-02-10 20:38:48 [INFO] [rustastic_drone::drone] [32m✓[0m [ Drone 3 ]: has received the packet Packet { routing_header: SourceRoutingHeader { hop_index: 1, hops: [12, 3, 10, 7, 18] }, session_id: 40, pack_type: MsgFragment(Fragment { fragment_index: 0, total_n_fragments: 1, length: 64, data: [123, 34, 84, 121, 112, 101, 82, 101, 115, 112, 111, 110, 115, 101, 34, 58, 123, 34, 101, 100, 103, 101, 95, 116, 121, 112, 101, 34, 58, 123, 34, 67, 108, 105, 101, 110, 116, 34, 58, 34, 87, 101, 98, 66, 114, 111, 119, 115, 101, 114, 34, 125, 44, 34, 102, 114, 111, 109, 34, 58, 49, 50, 125, 125, 0, 0, 0, 0, 0, 0, 0, 0, 0, 0, 0, 0, 0, 0, 0, 0, 0, 0, 0, 0, 0, 0, 0, 0, 0, 0, 0, 0, 0, 0, 0, 0, 0, 0, 0, 0, 0, 0, 0, 0, 0, 0, 0, 0, 0, 0, 0, 0, 0, 0, 0, 0, 0, 0, 0, 0, 0, 0, 0, 0, 0, 0, 0, 0] }) }
2025-02-10 20:38:48 [INFO] [rustastic_drone::drone] [32m✓[0m Packet with [ session_id: 40 ] is being handled from [ Drone 3 ]
2025-02-10 20:38:48 [INFO] [rustastic_drone::drone] [32m✓[0m [ Drone 3 ]: forwarded the the fragment [ fragment_index: 0 ] of the Packet [ session_id: 40 ]
2025-02-10 20:38:48 [WARN] [rustastic_drone::drone] └─>[33m!!![0m Fragment was added to the [ Drone 3 ] buffer
2025-02-10 20:38:48 [INFO] [rustastic_drone::drone] [32m✓[0m [ Drone 3 ]: was sent a Fragment { index: 1 out of 1, data: 0x7b2254797065526573706f6e7365223a7b226564... + other 44 bytes } packet to [ Drone 10 ]
2025-02-10 20:38:48 [INFO] [getdroned::get_droned] Drone 7 received a packet: Packet { routing_header: SourceRoutingHeader { hop_index: 2, hops: [4, 18, 7, 10, 3, 12] }, session_id: 35, pack_type: FloodResponse(FloodResponse { flood_id: 38, path_trace: [(12, Client), (3, Drone), (10, Client), (7, Drone), (18, Server), (4, Drone)] }) }
2025-02-10 20:38:48 [INFO] [rust_do_it::drone] Drone 4 received packet Packet { routing_header: SourceRoutingHeader { hop_index: 2, hops: [7, 18, 4, 1, 8, 5, 2, 11] }, session_id: 53, pack_type: FloodResponse(FloodResponse { flood_id: 16, path_trace: [(11, Client), (2, Drone), (5, Drone), (8, Drone), (1, Drone), (4, Drone), (18, Server), (7, Drone)] }) }
2025-02-10 20:38:48 [INFO] [getdroned::get_droned] Drone 7 received a packet: Packet { routing_header: SourceRoutingHeader { hop_index: 3, hops: [12, 3, 10, 7, 18] }, session_id: 16, pack_type: Ack(Ack { fragment_index: 0 }) }
2025-02-10 20:38:48 [INFO] [rustastic_drone::drone] [32m✓[0m [ Drone 3 ]: has received the packet Packet { routing_header: SourceRoutingHeader { hop_index: 4, hops: [4, 18, 7, 10, 3, 12] }, session_id: 35, pack_type: FloodResponse(FloodResponse { flood_id: 38, path_trace: [(12, Client), (3, Drone), (10, Client), (7, Drone), (18, Server), (4, Drone)] }) }
2025-02-10 20:38:48 [INFO] [getdroned::get_droned] Drone 7 received a packet: Packet { routing_header: SourceRoutingHeader { hop_index: 3, hops: [12, 3, 10, 7, 18] }, session_id: 40, pack_type: MsgFragment(Fragment { fragment_index: 0, total_n_fragments: 1, length: 64, data: [123, 34, 84, 121, 112, 101, 82, 101, 115, 112, 111, 110, 115, 101, 34, 58, 123, 34, 101, 100, 103, 101, 95, 116, 121, 112, 101, 34, 58, 123, 34, 67, 108, 105, 101, 110, 116, 34, 58, 34, 87, 101, 98, 66, 114, 111, 119, 115, 101, 114, 34, 125, 44, 34, 102, 114, 111, 109, 34, 58, 49, 50, 125, 125, 0, 0, 0, 0, 0, 0, 0, 0, 0, 0, 0, 0, 0, 0, 0, 0, 0, 0, 0, 0, 0, 0, 0, 0, 0, 0, 0, 0, 0, 0, 0, 0, 0, 0, 0, 0, 0, 0, 0, 0, 0, 0, 0, 0, 0, 0, 0, 0, 0, 0, 0, 0, 0, 0, 0, 0, 0, 0, 0, 0, 0, 0, 0, 0] }) }
2025-02-10 20:38:48 [INFO] [rustastic_drone::drone] [32m✓[0m Packet with [ session_id: 35 ] is being handled from [ Drone 3 ]
2025-02-10 20:38:48 [INFO] [rustastic_drone::drone] [32m✓[0m [ Drone 3 ]: sent a FloodResponse with flood_id: 38 to [ Drone 12 ]
2025-02-10 20:38:48 [INFO] [rustastic_drone::drone] [32m✓[0m [ Drone 3 ]: has received the packet Packet { routing_header: SourceRoutingHeader { hop_index: 1, hops: [12, 3, 17, 8, 1, 4, 16] }, session_id: 14, pack_type: Ack(Ack { fragment_index: 0 }) }
2025-02-10 20:38:48 [INFO] [rustastic_drone::drone] [32m✓[0m Packet with [ session_id: 14 ] is being handled from [ Drone 3 ]
2025-02-10 20:38:48 [INFO] [rustastic_drone::drone] [34mi[0m [ Drone 3 ]: received a Ack(0)
2025-02-10 20:38:48 [INFO] [rustastic_drone::drone] [32m✓[0m [ Drone 3 ]: was sent a Ack(0) packet to [ Drone 17 ]
2025-02-10 20:38:48 [INFO] [rust_do_it::drone] Drone 4 received packet Packet { routing_header: SourceRoutingHeader { hop_index: 5, hops: [12, 3, 17, 8, 1, 4, 16] }, session_id: 14, pack_type: Ack(Ack { fragment_index: 0 }) }
2025-02-10 20:38:48 [INFO] [rustastic_drone::drone] [32m✓[0m [ Drone 3 ]: has received the packet Packet { routing_header: SourceRoutingHeader { hop_index: 1, hops: [12, 3, 10, 7, 16] }, session_id: 39, pack_type: MsgFragment(Fragment { fragment_index: 0, total_n_fragments: 1, length: 64, data: [123, 34, 84, 121, 112, 101, 82, 101, 115, 112, 111, 110, 115, 101, 34, 58, 123, 34, 101, 100, 103, 101, 95, 116, 121, 112, 101, 34, 58, 123, 34, 67, 108, 105, 101, 110, 116, 34, 58, 34, 87, 101, 98, 66, 114, 111, 119, 115, 101, 114, 34, 125, 44, 34, 102, 114, 111, 109, 34, 58, 49, 50, 125, 125, 0, 0, 0, 0, 0, 0, 0, 0, 0, 0, 0, 0, 0, 0, 0, 0, 0, 0, 0, 0, 0, 0, 0, 0, 0, 0, 0, 0, 0, 0, 0, 0, 0, 0, 0, 0, 0, 0, 0, 0, 0, 0, 0, 0, 0, 0, 0, 0, 0, 0, 0, 0, 0, 0, 0, 0, 0, 0, 0, 0, 0, 0, 0, 0] }) }
2025-02-10 20:38:48 [INFO] [rustastic_drone::drone] [32m✓[0m Packet with [ session_id: 39 ] is being handled from [ Drone 3 ]
2025-02-10 20:38:48 [INFO] [rustastic_drone::drone] [32m✓[0m [ Drone 3 ]: forwarded the the fragment [ fragment_index: 0 ] of the Packet [ session_id: 39 ]
2025-02-10 20:38:48 [WARN] [rustastic_drone::drone] └─>[33m!!![0m Fragment was added to the [ Drone 3 ] buffer
2025-02-10 20:38:48 [INFO] [rustastic_drone::drone] [32m✓[0m [ Drone 3 ]: was sent a Fragment { index: 1 out of 1, data: 0x7b2254797065526573706f6e7365223a7b226564... + other 44 bytes } packet to [ Drone 10 ]
2025-02-10 20:38:48 [INFO] [getdroned::get_droned] Drone 7 received a packet: Packet { routing_header: SourceRoutingHeader { hop_index: 2, hops: [4, 18, 7, 10, 3, 12] }, session_id: 39, pack_type: FloodResponse(FloodResponse { flood_id: 7, path_trace: [(12, Client), (3, Drone), (10, Client), (7, Drone), (18, Server), (4, Drone)] }) }
2025-02-10 20:38:48 [INFO] [getdroned::get_droned] Drone 7 received a packet: Packet { routing_header: SourceRoutingHeader { hop_index: 1, hops: [18, 7, 10, 3, 6, 11] }, session_id: 57, pack_type: Ack(Ack { fragment_index: 0 }) }
2025-02-10 20:38:48 [INFO] [getdroned::get_droned] Drone 7 received a packet: Packet { routing_header: SourceRoutingHeader { hop_index: 1, hops: [18, 7, 10] }, session_id: 43, pack_type: Ack(Ack { fragment_index: 0 }) }
2025-02-10 20:38:48 [INFO] [getdroned::get_droned] Drone 7 received a packet: Packet { routing_header: SourceRoutingHeader { hop_index: 0, hops: [] }, session_id: 16, pack_type: FloodRequest(FloodRequest { flood_id: 6, initiator_id: 12, path_trace: [(12, Client), (3, Drone), (15, Server), (8, Drone), (1, Drone), (4, Drone), (18, Server)] }) }
2025-02-10 20:38:48 [INFO] [getdroned::get_droned] Drone 7 received a packet: Packet { routing_header: SourceRoutingHeader { hop_index: 1, hops: [18, 7, 4, 1, 8, 15, 3, 12] }, session_id: 6, pack_type: FloodResponse(FloodResponse { flood_id: 6, path_trace: [(12, Client), (3, Drone), (15, Server), (8, Drone), (1, Drone), (4, Drone), (7, Drone), (18, Server)] }) }
2025-02-10 20:38:48 [INFO] [getdroned::get_droned] Drone 7 received a packet: Packet { routing_header: SourceRoutingHeader { hop_index: 1, hops: [18, 7, 10, 3, 12] }, session_id: 14, pack_type: Ack(Ack { fragment_index: 0 }) }
2025-02-10 20:38:48 [INFO] [rust_do_it::drone] Drone 4 received packet Packet { routing_header: SourceRoutingHeader { hop_index: 2, hops: [18, 7, 4, 1, 8, 15, 3, 12] }, session_id: 6, pack_type: FloodResponse(FloodResponse { flood_id: 6, path_trace: [(12, Client), (3, Drone), (15, Server), (8, Drone), (1, Drone), (4, Drone), (7, Drone), (18, Server)] }) }
2025-02-10 20:38:48 [INFO] [rustastic_drone::drone] [32m✓[0m [ Drone 3 ]: has received the packet Packet { routing_header: SourceRoutingHeader { hop_index: 6, hops: [18, 7, 4, 1, 8, 15, 3, 12] }, session_id: 6, pack_type: FloodResponse(FloodResponse { flood_id: 6, path_trace: [(12, Client), (3, Drone), (15, Server), (8, Drone), (1, Drone), (4, Drone), (7, Drone), (18, Server)] }) }
2025-02-10 20:38:48 [INFO] [rustastic_drone::drone] [32m✓[0m Packet with [ session_id: 6 ] is being handled from [ Drone 3 ]
2025-02-10 20:38:48 [INFO] [rustastic_drone::drone] [32m✓[0m [ Drone 3 ]: sent a FloodResponse with flood_id: 6 to [ Drone 12 ]
2025-02-10 20:38:48 [INFO] [rust_do_it::drone] Drone 4 received packet Packet { routing_header: SourceRoutingHeader { hop_index: 2, hops: [7, 18, 4, 1, 8, 15, 3, 12] }, session_id: 16, pack_type: FloodResponse(FloodResponse { flood_id: 6, path_trace: [(12, Client), (3, Drone), (15, Server), (8, Drone), (1, Drone), (4, Drone), (18, Server), (7, Drone)] }) }
2025-02-10 20:38:48 [INFO] [getdroned::get_droned] Drone 7 received a packet: Packet { routing_header: SourceRoutingHeader { hop_index: 1, hops: [18, 7, 10, 3, 12] }, session_id: 18, pack_type: MsgFragment(Fragment { fragment_index: 0, total_n_fragments: 1, length: 58, data: [123, 34, 84, 121, 112, 101, 82, 101, 115, 112, 111, 110, 115, 101, 34, 58, 123, 34, 101, 100, 103, 101, 95, 116, 121, 112, 101, 34, 58, 123, 34, 83, 101, 114, 118, 101, 114, 34, 58, 34, 67, 104, 97, 116, 34, 125, 44, 34, 102, 114, 111, 109, 34, 58, 49, 56, 125, 125, 0, 0, 0, 0, 0, 0, 0, 0, 0, 0, 0, 0, 0, 0, 0, 0, 0, 0, 0, 0, 0, 0, 0, 0, 0, 0, 0, 0, 0, 0, 0, 0, 0, 0, 0, 0, 0, 0, 0, 0, 0, 0, 0, 0, 0, 0, 0, 0, 0, 0, 0, 0, 0, 0, 0, 0, 0, 0, 0, 0, 0, 0, 0, 0, 0, 0, 0, 0, 0, 0] }) }
2025-02-10 20:38:48 [INFO] [getdroned::get_droned] Drone 7 received a packet: Packet { routing_header: SourceRoutingHeader { hop_index: 1, hops: [18, 7, 10, 3, 12] }, session_id: 40, pack_type: Ack(Ack { fragment_index: 0 }) }
2025-02-10 20:38:48 [INFO] [rustastic_drone::drone] [32m✓[0m [ Drone 3 ]: has received the packet Packet { routing_header: SourceRoutingHeader { hop_index: 6, hops: [7, 18, 4, 1, 8, 15, 3, 12] }, session_id: 16, pack_type: FloodResponse(FloodResponse { flood_id: 6, path_trace: [(12, Client), (3, Drone), (15, Server), (8, Drone), (1, Drone), (4, Drone), (18, Server), (7, Drone)] }) }
2025-02-10 20:38:48 [INFO] [rustastic_drone::drone] [32m✓[0m Packet with [ session_id: 16 ] is being handled from [ Drone 3 ]
2025-02-10 20:38:48 [INFO] [rustastic_drone::drone] [32m✓[0m [ Drone 3 ]: sent a FloodResponse with flood_id: 6 to [ Drone 12 ]
2025-02-10 20:38:48 [INFO] [rustastic_drone::drone] [32m✓[0m [ Drone 3 ]: has received the packet Packet { routing_header: SourceRoutingHeader { hop_index: 2, hops: [11, 6, 3, 10] }, session_id: 41, pack_type: Ack(Ack { fragment_index: 0 }) }
2025-02-10 20:38:48 [INFO] [rustastic_drone::drone] [32m✓[0m Packet with [ session_id: 41 ] is being handled from [ Drone 3 ]
2025-02-10 20:38:48 [INFO] [rustastic_drone::drone] [34mi[0m [ Drone 3 ]: received a Ack(0)
2025-02-10 20:38:48 [INFO] [rustastic_drone::drone] [32m✓[0m [ Drone 3 ]: was sent a Ack(0) packet to [ Drone 10 ]
2025-02-10 20:38:48 [INFO] [rustastic_drone::drone] [32m✓[0m [ Drone 3 ]: has received the packet Packet { routing_header: SourceRoutingHeader { hop_index: 2, hops: [11, 6, 3, 10] }, session_id: 28, pack_type: MsgFragment(Fragment { fragment_index: 0, total_n_fragments: 1, length: 64, data: [123, 34, 84, 121, 112, 101, 82, 101, 115, 112, 111, 110, 115, 101, 34, 58, 123, 34, 101, 100, 103, 101, 95, 116, 121, 112, 101, 34, 58, 123, 34, 67, 108, 105, 101, 110, 116, 34, 58, 34, 67, 104, 97, 116, 67, 108, 105, 101, 110, 116, 34, 125, 44, 34, 102, 114, 111, 109, 34, 58, 49, 49, 125, 125, 0, 0, 0, 0, 0, 0, 0, 0, 0, 0, 0, 0, 0, 0, 0, 0, 0, 0, 0, 0, 0, 0, 0, 0, 0, 0, 0, 0, 0, 0, 0, 0, 0, 0, 0, 0, 0, 0, 0, 0, 0, 0, 0, 0, 0, 0, 0, 0, 0, 0, 0, 0, 0, 0, 0, 0, 0, 0, 0, 0, 0, 0, 0, 0] }) }
2025-02-10 20:38:48 [INFO] [rustastic_drone::drone] [32m✓[0m Packet with [ session_id: 28 ] is being handled from [ Drone 3 ]
2025-02-10 20:38:48 [INFO] [rustastic_drone::drone] [32m✓[0m [ Drone 3 ]: forwarded the the fragment [ fragment_index: 0 ] of the Packet [ session_id: 28 ]
2025-02-10 20:38:48 [WARN] [rustastic_drone::drone] └─>[33m!!![0m Fragment was added to the [ Drone 3 ] buffer
2025-02-10 20:38:48 [INFO] [rustastic_drone::drone] [32m✓[0m [ Drone 3 ]: was sent a Fragment { index: 1 out of 1, data: 0x7b2254797065526573706f6e7365223a7b226564... + other 44 bytes } packet to [ Drone 10 ]
2025-02-10 20:38:48 [INFO] [getdroned::get_droned] Drone 7 received a packet: Packet { routing_header: SourceRoutingHeader { hop_index: 3, hops: [12, 3, 10, 7, 16] }, session_id: 39, pack_type: MsgFragment(Fragment { fragment_index: 0, total_n_fragments: 1, length: 64, data: [123, 34, 84, 121, 112, 101, 82, 101, 115, 112, 111, 110, 115, 101, 34, 58, 123, 34, 101, 100, 103, 101, 95, 116, 121, 112, 101, 34, 58, 123, 34, 67, 108, 105, 101, 110, 116, 34, 58, 34, 87, 101, 98, 66, 114, 111, 119, 115, 101, 114, 34, 125, 44, 34, 102, 114, 111, 109, 34, 58, 49, 50, 125, 125, 0, 0, 0, 0, 0, 0, 0, 0, 0, 0, 0, 0, 0, 0, 0, 0, 0, 0, 0, 0, 0, 0, 0, 0, 0, 0, 0, 0, 0, 0, 0, 0, 0, 0, 0, 0, 0, 0, 0, 0, 0, 0, 0, 0, 0, 0, 0, 0, 0, 0, 0, 0, 0, 0, 0, 0, 0, 0, 0, 0, 0, 0, 0, 0] }) }
2025-02-10 20:38:48 [INFO] [rustastic_drone::drone] [32m✓[0m [ Drone 3 ]: has received the packet Packet { routing_header: SourceRoutingHeader { hop_index: 4, hops: [4, 18, 7, 10, 3, 12] }, session_id: 39, pack_type: FloodResponse(FloodResponse { flood_id: 7, path_trace: [(12, Client), (3, Drone), (10, Client), (7, Drone), (18, Server), (4, Drone)] }) }
2025-02-10 20:38:48 [INFO] [rustastic_drone::drone] [32m✓[0m Packet with [ session_id: 39 ] is being handled from [ Drone 3 ]
2025-02-10 20:38:48 [INFO] [rustastic_drone::drone] [32m✓[0m [ Drone 3 ]: sent a FloodResponse with flood_id: 7 to [ Drone 12 ]
2025-02-10 20:38:48 [INFO] [rustastic_drone::drone] [32m✓[0m [ Drone 3 ]: has received the packet Packet { routing_header: SourceRoutingHeader { hop_index: 3, hops: [18, 7, 10, 3, 6, 11] }, session_id: 57, pack_type: Ack(Ack { fragment_index: 0 }) }
2025-02-10 20:38:48 [INFO] [rustastic_drone::drone] [32m✓[0m Packet with [ session_id: 57 ] is being handled from [ Drone 3 ]
2025-02-10 20:38:48 [INFO] [rustastic_drone::drone] [34mi[0m [ Drone 3 ]: received a Ack(0)
2025-02-10 20:38:48 [INFO] [rustastic_drone::drone] [32m✓[0m [ Drone 3 ]: was sent a Ack(0) packet to [ Drone 6 ]
2025-02-10 20:38:48 [INFO] [rustastic_drone::drone] [32m✓[0m [ Drone 3 ]: has received the packet Packet { routing_header: SourceRoutingHeader { hop_index: 3, hops: [18, 7, 10, 3, 12] }, session_id: 14, pack_type: Ack(Ack { fragment_index: 0 }) }
2025-02-10 20:38:48 [INFO] [rustastic_drone::drone] [32m✓[0m Packet with [ session_id: 14 ] is being handled from [ Drone 3 ]
2025-02-10 20:38:48 [INFO] [rustastic_drone::drone] [34mi[0m [ Drone 3 ]: received a Ack(0)
2025-02-10 20:38:48 [INFO] [rustastic_drone::drone] [32m✓[0m [ Drone 3 ]: was sent a Ack(0) packet to [ Drone 12 ]
2025-02-10 20:38:48 [INFO] [rustastic_drone::drone] [32m✓[0m [ Drone 3 ]: has received the packet Packet { routing_header: SourceRoutingHeader { hop_index: 3, hops: [18, 7, 10, 3, 12] }, session_id: 18, pack_type: MsgFragment(Fragment { fragment_index: 0, total_n_fragments: 1, length: 58, data: [123, 34, 84, 121, 112, 101, 82, 101, 115, 112, 111, 110, 115, 101, 34, 58, 123, 34, 101, 100, 103, 101, 95, 116, 121, 112, 101, 34, 58, 123, 34, 83, 101, 114, 118, 101, 114, 34, 58, 34, 67, 104, 97, 116, 34, 125, 44, 34, 102, 114, 111, 109, 34, 58, 49, 56, 125, 125, 0, 0, 0, 0, 0, 0, 0, 0, 0, 0, 0, 0, 0, 0, 0, 0, 0, 0, 0, 0, 0, 0, 0, 0, 0, 0, 0, 0, 0, 0, 0, 0, 0, 0, 0, 0, 0, 0, 0, 0, 0, 0, 0, 0, 0, 0, 0, 0, 0, 0, 0, 0, 0, 0, 0, 0, 0, 0, 0, 0, 0, 0, 0, 0, 0, 0, 0, 0, 0, 0] }) }
2025-02-10 20:38:48 [INFO] [rustastic_drone::drone] [32m✓[0m Packet with [ session_id: 18 ] is being handled from [ Drone 3 ]
2025-02-10 20:38:48 [INFO] [rustastic_drone::drone] [32m✓[0m [ Drone 3 ]: forwarded the the fragment [ fragment_index: 0 ] of the Packet [ session_id: 18 ]
2025-02-10 20:38:48 [WARN] [rustastic_drone::drone] └─>[33m!!![0m Fragment was added to the [ Drone 3 ] buffer
2025-02-10 20:38:48 [INFO] [rustastic_drone::drone] [32m✓[0m [ Drone 3 ]: was sent a Fragment { index: 1 out of 1, data: 0x7b2254797065526573706f6e7365223a7b226564... + other 38 bytes } packet to [ Drone 12 ]
2025-02-10 20:38:48 [INFO] [rustastic_drone::drone] [32m✓[0m [ Drone 3 ]: has received the packet Packet { routing_header: SourceRoutingHeader { hop_index: 3, hops: [18, 7, 10, 3, 12] }, session_id: 40, pack_type: Ack(Ack { fragment_index: 0 }) }
2025-02-10 20:38:48 [INFO] [rustastic_drone::drone] [32m✓[0m Packet with [ session_id: 40 ] is being handled from [ Drone 3 ]
2025-02-10 20:38:48 [INFO] [rustastic_drone::drone] [34mi[0m [ Drone 3 ]: received a Ack(0)
2025-02-10 20:38:48 [INFO] [rustastic_drone::drone] [32m✓[0m [ Drone 3 ]: was sent a Ack(0) packet to [ Drone 12 ]
2025-02-10 20:38:48 [INFO] [rustastic_drone::drone] [32m✓[0m [ Drone 3 ]: has received the packet Packet { routing_header: SourceRoutingHeader { hop_index: 1, hops: [10, 3, 6, 11] }, session_id: 28, pack_type: Ack(Ack { fragment_index: 0 }) }
2025-02-10 20:38:48 [INFO] [rustastic_drone::drone] [32m✓[0m Packet with [ session_id: 28 ] is being handled from [ Drone 3 ]
2025-02-10 20:38:48 [INFO] [rustastic_drone::drone] [34mi[0m [ Drone 3 ]: received a Ack(0)
2025-02-10 20:38:48 [INFO] [rustastic_drone::drone] [32m✓[0m [ Drone 3 ]: was sent a Ack(0) packet to [ Drone 6 ]
2025-02-10 20:38:48 [INFO] [getdroned::get_droned] Drone 7 received a packet: Packet { routing_header: SourceRoutingHeader { hop_index: 1, hops: [16, 7, 10, 3, 12] }, session_id: 39, pack_type: Ack(Ack { fragment_index: 0 }) }
2025-02-10 20:38:48 [INFO] [rustastic_drone::drone] [32m✓[0m [ Drone 3 ]: has received the packet Packet { routing_header: SourceRoutingHeader { hop_index: 3, hops: [16, 7, 10, 3, 12] }, session_id: 39, pack_type: Ack(Ack { fragment_index: 0 }) }
2025-02-10 20:38:48 [INFO] [rustastic_drone::drone] [32m✓[0m Packet with [ session_id: 39 ] is being handled from [ Drone 3 ]
2025-02-10 20:38:48 [INFO] [rustastic_drone::drone] [34mi[0m [ Drone 3 ]: received a Ack(0)
2025-02-10 20:38:48 [INFO] [rustastic_drone::drone] [32m✓[0m [ Drone 3 ]: was sent a Ack(0) packet to [ Drone 12 ]
2025-02-10 20:38:48 [INFO] [rustastic_drone::drone] [32m✓[0m [ Drone 3 ]: has received the packet Packet { routing_header: SourceRoutingHeader { hop_index: 1, hops: [12, 3, 15] }, session_id: 17, pack_type: Ack(Ack { fragment_index: 0 }) }
2025-02-10 20:38:48 [INFO] [rustastic_drone::drone] [32m✓[0m Packet with [ session_id: 17 ] is being handled from [ Drone 3 ]
2025-02-10 20:38:48 [INFO] [rustastic_drone::drone] [34mi[0m [ Drone 3 ]: received a Ack(0)
2025-02-10 20:38:48 [INFO] [rustastic_drone::drone] [32m✓[0m [ Drone 3 ]: was sent a Ack(0) packet to [ Drone 15 ]
2025-02-10 20:38:48 [INFO] [rustastic_drone::drone] [32m✓[0m [ Drone 3 ]: has received the packet Packet { routing_header: SourceRoutingHeader { hop_index: 5, hops: [11, 2, 5, 8, 15, 3, 12] }, session_id: 6, pack_type: FloodResponse(FloodResponse { flood_id: 6, path_trace: [(12, Client), (3, Drone), (15, Server), (8, Drone), (5, Drone), (2, Drone), (11, Client)] }) }
2025-02-10 20:38:48 [INFO] [rustastic_drone::drone] [32m✓[0m Packet with [ session_id: 6 ] is being handled from [ Drone 3 ]
2025-02-10 20:38:48 [INFO] [rustastic_drone::drone] [32m✓[0m [ Drone 3 ]: sent a FloodResponse with flood_id: 6 to [ Drone 12 ]
2025-02-10 20:38:48 [INFO] [rustastic_drone::drone] [32m✓[0m [ Drone 3 ]: has received the packet Packet { routing_header: SourceRoutingHeader { hop_index: 2, hops: [9, 6, 3, 15] }, session_id: 11, pack_type: MsgFragment(Fragment { fragment_index: 0, total_n_fragments: 1, length: 26, data: [123, 34, 84, 121, 112, 101, 82, 101, 113, 117, 101, 115, 116, 34, 58, 123, 34, 102, 114, 111, 109, 34, 58, 57, 125, 125, 0, 0, 0, 0, 0, 0, 0, 0, 0, 0, 0, 0, 0, 0, 0, 0, 0, 0, 0, 0, 0, 0, 0, 0, 0, 0, 0, 0, 0, 0, 0, 0, 0, 0, 0, 0, 0, 0, 0, 0, 0, 0, 0, 0, 0, 0, 0, 0, 0, 0, 0, 0, 0, 0, 0, 0, 0, 0, 0, 0, 0, 0, 0, 0, 0, 0, 0, 0, 0, 0, 0, 0, 0, 0, 0, 0, 0, 0, 0, 0, 0, 0, 0, 0, 0, 0, 0, 0, 0, 0, 0, 0, 0, 0, 0, 0, 0, 0, 0, 0, 0, 0] }) }
2025-02-10 20:38:48 [INFO] [rustastic_drone::drone] [32m✓[0m Packet with [ session_id: 11 ] is being handled from [ Drone 3 ]
2025-02-10 20:38:48 [INFO] [rustastic_drone::drone] [32m✓[0m [ Drone 3 ]: forwarded the the fragment [ fragment_index: 0 ] of the Packet [ session_id: 11 ]
2025-02-10 20:38:48 [WARN] [rustastic_drone::drone] └─>[33m!!![0m Fragment was added to the [ Drone 3 ] buffer
2025-02-10 20:38:48 [INFO] [rustastic_drone::drone] [32m✓[0m [ Drone 3 ]: was sent a Fragment { index: 1 out of 1, data: 0x7b225479706552657175657374223a7b2266726f... + other 6 bytes } packet to [ Drone 15 ]
2025-02-10 20:38:48 [INFO] [rustastic_drone::drone] [32m✓[0m [ Drone 3 ]: has received the packet Packet { routing_header: SourceRoutingHeader { hop_index: 1, hops: [15, 3, 6, 9] }, session_id: 11, pack_type: Ack(Ack { fragment_index: 0 }) }
2025-02-10 20:38:48 [INFO] [rustastic_drone::drone] [32m✓[0m Packet with [ session_id: 11 ] is being handled from [ Drone 3 ]
2025-02-10 20:38:48 [INFO] [rustastic_drone::drone] [34mi[0m [ Drone 3 ]: received a Ack(0)
2025-02-10 20:38:48 [INFO] [rustastic_drone::drone] [32m✓[0m [ Drone 3 ]: was sent a Ack(0) packet to [ Drone 6 ]
2025-02-10 20:38:48 [INFO] [rustastic_drone::drone] [32m✓[0m [ Drone 3 ]: has received the packet Packet { routing_header: SourceRoutingHeader { hop_index: 1, hops: [15, 3, 6, 9] }, session_id: 18, pack_type: MsgFragment(Fragment { fragment_index: 0, total_n_fragments: 1, length: 70, data: [123, 34, 84, 121, 112, 101, 82, 101, 115, 112, 111, 110, 115, 101, 34, 58, 123, 34, 101, 100, 103, 101, 95, 116, 121, 112, 101, 34, 58, 123, 34, 83, 101, 114, 118, 101, 114, 34, 58, 123, 34, 67, 111, 110, 116, 101, 110, 116, 34, 58, 34, 84, 101, 120, 116, 34, 125, 125, 44, 34, 102, 114, 111, 109, 34, 58, 49, 53, 125, 125, 0, 0, 0, 0, 0, 0, 0, 0, 0, 0, 0, 0, 0, 0, 0, 0, 0, 0, 0, 0, 0, 0, 0, 0, 0, 0, 0, 0, 0, 0, 0, 0, 0, 0, 0, 0, 0, 0, 0, 0, 0, 0, 0, 0, 0, 0, 0, 0, 0, 0, 0, 0, 0, 0, 0, 0, 0, 0] }) }
2025-02-10 20:38:48 [INFO] [rustastic_drone::drone] [32m✓[0m Packet with [ session_id: 18 ] is being handled from [ Drone 3 ]
2025-02-10 20:38:48 [INFO] [rustastic_drone::drone] [32m✓[0m [ Drone 3 ]: forwarded the the fragment [ fragment_index: 0 ] of the Packet [ session_id: 18 ]
2025-02-10 20:38:48 [WARN] [rustastic_drone::drone] └─>[33m!!![0m Fragment was added to the [ Drone 3 ] buffer
2025-02-10 20:38:48 [INFO] [rustastic_drone::drone] [32m✓[0m [ Drone 3 ]: was sent a Fragment { index: 1 out of 1, data: 0x7b2254797065526573706f6e7365223a7b226564... + other 50 bytes } packet to [ Drone 6 ]
2025-02-10 20:38:48 [INFO] [rustastic_drone::drone] [32m✓[0m [ Drone 3 ]: has received the packet Packet { routing_header: SourceRoutingHeader { hop_index: 2, hops: [9, 6, 3, 17] }, session_id: 2, pack_type: MsgFragment(Fragment { fragment_index: 0, total_n_fragments: 1, length: 26, data: [123, 34, 84, 121, 112, 101, 82, 101, 113, 117, 101, 115, 116, 34, 58, 123, 34, 102, 114, 111, 109, 34, 58, 57, 125, 125, 0, 0, 0, 0, 0, 0, 0, 0, 0, 0, 0, 0, 0, 0, 0, 0, 0, 0, 0, 0, 0, 0, 0, 0, 0, 0, 0, 0, 0, 0, 0, 0, 0, 0, 0, 0, 0, 0, 0, 0, 0, 0, 0, 0, 0, 0, 0, 0, 0, 0, 0, 0, 0, 0, 0, 0, 0, 0, 0, 0, 0, 0, 0, 0, 0, 0, 0, 0, 0, 0, 0, 0, 0, 0, 0, 0, 0, 0, 0, 0, 0, 0, 0, 0, 0, 0, 0, 0, 0, 0, 0, 0, 0, 0, 0, 0, 0, 0, 0, 0, 0, 0] }) }
2025-02-10 20:38:48 [INFO] [rustastic_drone::drone] [32m✓[0m Packet with [ session_id: 2 ] is being handled from [ Drone 3 ]
2025-02-10 20:38:48 [INFO] [rustastic_drone::drone] [32m✓[0m [ Drone 3 ]: forwarded the the fragment [ fragment_index: 0 ] of the Packet [ session_id: 2 ]
2025-02-10 20:38:48 [WARN] [rustastic_drone::drone] └─>[33m!!![0m Fragment was added to the [ Drone 3 ] buffer
2025-02-10 20:38:48 [INFO] [rustastic_drone::drone] [32m✓[0m [ Drone 3 ]: was sent a Fragment { index: 1 out of 1, data: 0x7b225479706552657175657374223a7b2266726f... + other 6 bytes } packet to [ Drone 17 ]
2025-02-10 20:38:48 [INFO] [rustastic_drone::drone] [32m✓[0m [ Drone 3 ]: has received the packet Packet { routing_header: SourceRoutingHeader { hop_index: 1, hops: [17, 3, 6, 9] }, session_id: 2, pack_type: Ack(Ack { fragment_index: 0 }) }
2025-02-10 20:38:48 [INFO] [rustastic_drone::drone] [32m✓[0m Packet with [ session_id: 2 ] is being handled from [ Drone 3 ]
2025-02-10 20:38:48 [INFO] [rustastic_drone::drone] [34mi[0m [ Drone 3 ]: received a Ack(0)
2025-02-10 20:38:48 [INFO] [rustastic_drone::drone] [32m✓[0m [ Drone 3 ]: was sent a Ack(0) packet to [ Drone 6 ]
2025-02-10 20:38:48 [INFO] [rustastic_drone::drone] [32m✓[0m [ Drone 3 ]: has received the packet Packet { routing_header: SourceRoutingHeader { hop_index: 1, hops: [17, 3, 6, 9] }, session_id: 18, pack_type: MsgFragment(Fragment { fragment_index: 0, total_n_fragments: 1, length: 71, data: [123, 34, 84, 121, 112, 101, 82, 101, 115, 112, 111, 110, 115, 101, 34, 58, 123, 34, 101, 100, 103, 101, 95, 116, 121, 112, 101, 34, 58, 123, 34, 83, 101, 114, 118, 101, 114, 34, 58, 123, 34, 67, 111, 110, 116, 101, 110, 116, 34, 58, 34, 77, 101, 100, 105, 97, 34, 125, 125, 44, 34, 102, 114, 111, 109, 34, 58, 49, 55, 125, 125, 0, 0, 0, 0, 0, 0, 0, 0, 0, 0, 0, 0, 0, 0, 0, 0, 0, 0, 0, 0, 0, 0, 0, 0, 0, 0, 0, 0, 0, 0, 0, 0, 0, 0, 0, 0, 0, 0, 0, 0, 0, 0, 0, 0, 0, 0, 0, 0, 0, 0, 0, 0, 0, 0, 0, 0, 0] }) }
2025-02-10 20:38:48 [INFO] [rustastic_drone::drone] [32m✓[0m Packet with [ session_id: 18 ] is being handled from [ Drone 3 ]
2025-02-10 20:38:48 [INFO] [rustastic_drone::drone] [32m✓[0m [ Drone 3 ]: forwarded the the fragment [ fragment_index: 0 ] of the Packet [ session_id: 18 ]
2025-02-10 20:38:48 [WARN] [rustastic_drone::drone] └─>[33m!!![0m Fragment was added to the [ Drone 3 ] buffer
2025-02-10 20:38:48 [INFO] [rustastic_drone::drone] [32m✓[0m [ Drone 3 ]: was sent a Fragment { index: 1 out of 1, data: 0x7b2254797065526573706f6e7365223a7b226564... + other 51 bytes } packet to [ Drone 6 ]
2025-02-10 20:38:48 [INFO] [rustastic_drone::drone] [32m✓[0m [ Drone 3 ]: has received the packet Packet { routing_header: SourceRoutingHeader { hop_index: 2, hops: [9, 6, 3, 10, 7, 18] }, session_id: 39, pack_type: MsgFragment(Fragment { fragment_index: 0, total_n_fragments: 1, length: 26, data: [123, 34, 84, 121, 112, 101, 82, 101, 113, 117, 101, 115, 116, 34, 58, 123, 34, 102, 114, 111, 109, 34, 58, 57, 125, 125, 0, 0, 0, 0, 0, 0, 0, 0, 0, 0, 0, 0, 0, 0, 0, 0, 0, 0, 0, 0, 0, 0, 0, 0, 0, 0, 0, 0, 0, 0, 0, 0, 0, 0, 0, 0, 0, 0, 0, 0, 0, 0, 0, 0, 0, 0, 0, 0, 0, 0, 0, 0, 0, 0, 0, 0, 0, 0, 0, 0, 0, 0, 0, 0, 0, 0, 0, 0, 0, 0, 0, 0, 0, 0, 0, 0, 0, 0, 0, 0, 0, 0, 0, 0, 0, 0, 0, 0, 0, 0, 0, 0, 0, 0, 0, 0, 0, 0, 0, 0, 0, 0] }) }
2025-02-10 20:38:48 [INFO] [rustastic_drone::drone] [32m✓[0m Packet with [ session_id: 39 ] is being handled from [ Drone 3 ]
2025-02-10 20:38:48 [INFO] [rustastic_drone::drone] [32m✓[0m [ Drone 3 ]: forwarded the the fragment [ fragment_index: 0 ] of the Packet [ session_id: 39 ]
2025-02-10 20:38:48 [WARN] [rustastic_drone::drone] └─>[33m!!![0m Fragment was added to the [ Drone 3 ] buffer
2025-02-10 20:38:48 [INFO] [rustastic_drone::drone] [32m✓[0m [ Drone 3 ]: was sent a Fragment { index: 1 out of 1, data: 0x7b225479706552657175657374223a7b2266726f... + other 6 bytes } packet to [ Drone 10 ]
2025-02-10 20:38:48 [INFO] [rustastic_drone::drone] [32m✓[0m [ Drone 3 ]: has received the packet Packet { routing_header: SourceRoutingHeader { hop_index: 2, hops: [9, 6, 3, 15] }, session_id: 18, pack_type: Ack(Ack { fragment_index: 0 }) }
2025-02-10 20:38:48 [INFO] [rustastic_drone::drone] [32m✓[0m Packet with [ session_id: 18 ] is being handled from [ Drone 3 ]
2025-02-10 20:38:48 [INFO] [rustastic_drone::drone] [34mi[0m [ Drone 3 ]: received a Ack(0)
2025-02-10 20:38:48 [INFO] [rustastic_drone::drone] [32m✓[0m [ Drone 3 ]: was sent a Ack(0) packet to [ Drone 15 ]
2025-02-10 20:38:48 [INFO] [rustastic_drone::drone] [32m✓[0m [ Drone 3 ]: has received the packet Packet { routing_header: SourceRoutingHeader { hop_index: 2, hops: [9, 6, 3, 17] }, session_id: 18, pack_type: Ack(Ack { fragment_index: 0 }) }
2025-02-10 20:38:48 [INFO] [rustastic_drone::drone] [32m✓[0m Packet with [ session_id: 18 ] is being handled from [ Drone 3 ]
2025-02-10 20:38:48 [INFO] [rustastic_drone::drone] [34mi[0m [ Drone 3 ]: received a Ack(0)
2025-02-10 20:38:48 [INFO] [rustastic_drone::drone] [32m✓[0m [ Drone 3 ]: was sent a Ack(0) packet to [ Drone 17 ]
2025-02-10 20:38:48 [INFO] [getdroned::get_droned] Drone 7 received a packet: Packet { routing_header: SourceRoutingHeader { hop_index: 4, hops: [9, 6, 3, 10, 7, 18] }, session_id: 39, pack_type: MsgFragment(Fragment { fragment_index: 0, total_n_fragments: 1, length: 26, data: [123, 34, 84, 121, 112, 101, 82, 101, 113, 117, 101, 115, 116, 34, 58, 123, 34, 102, 114, 111, 109, 34, 58, 57, 125, 125, 0, 0, 0, 0, 0, 0, 0, 0, 0, 0, 0, 0, 0, 0, 0, 0, 0, 0, 0, 0, 0, 0, 0, 0, 0, 0, 0, 0, 0, 0, 0, 0, 0, 0, 0, 0, 0, 0, 0, 0, 0, 0, 0, 0, 0, 0, 0, 0, 0, 0, 0, 0, 0, 0, 0, 0, 0, 0, 0, 0, 0, 0, 0, 0, 0, 0, 0, 0, 0, 0, 0, 0, 0, 0, 0, 0, 0, 0, 0, 0, 0, 0, 0, 0, 0, 0, 0, 0, 0, 0, 0, 0, 0, 0, 0, 0, 0, 0, 0, 0, 0, 0] }) }
2025-02-10 20:38:48 [INFO] [getdroned::get_droned] Drone 7 received a packet: Packet { routing_header: SourceRoutingHeader { hop_index: 1, hops: [18, 7, 10, 3, 6, 9] }, session_id: 39, pack_type: Ack(Ack { fragment_index: 0 }) }
2025-02-10 20:38:48 [INFO] [getdroned::get_droned] Drone 7 received a packet: Packet { routing_header: SourceRoutingHeader { hop_index: 1, hops: [18, 7, 10, 3, 6, 9] }, session_id: 19, pack_type: MsgFragment(Fragment { fragment_index: 0, total_n_fragments: 1, length: 58, data: [123, 34, 84, 121, 112, 101, 82, 101, 115, 112, 111, 110, 115, 101, 34, 58, 123, 34, 101, 100, 103, 101, 95, 116, 121, 112, 101, 34, 58, 123, 34, 83, 101, 114, 118, 101, 114, 34, 58, 34, 67, 104, 97, 116, 34, 125, 44, 34, 102, 114, 111, 109, 34, 58, 49, 56, 125, 125, 0, 0, 0, 0, 0, 0, 0, 0, 0, 0, 0, 0, 0, 0, 0, 0, 0, 0, 0, 0, 0, 0, 0, 0, 0, 0, 0, 0, 0, 0, 0, 0, 0, 0, 0, 0, 0, 0, 0, 0, 0, 0, 0, 0, 0, 0, 0, 0, 0, 0, 0, 0, 0, 0, 0, 0, 0, 0, 0, 0, 0, 0, 0, 0, 0, 0, 0, 0, 0, 0] }) }
2025-02-10 20:38:48 [INFO] [rustastic_drone::drone] [32m✓[0m [ Drone 3 ]: has received the packet Packet { routing_header: SourceRoutingHeader { hop_index: 1, hops: [12, 3, 10] }, session_id: 40, pack_type: Ack(Ack { fragment_index: 0 }) }
2025-02-10 20:38:48 [INFO] [rustastic_drone::drone] [32m✓[0m Packet with [ session_id: 40 ] is being handled from [ Drone 3 ]
2025-02-10 20:38:48 [INFO] [rustastic_drone::drone] [34mi[0m [ Drone 3 ]: received a Ack(0)
2025-02-10 20:38:48 [INFO] [rustastic_drone::drone] [32m✓[0m [ Drone 3 ]: was sent a Ack(0) packet to [ Drone 10 ]
2025-02-10 20:38:49 [INFO] [rustastic_drone::drone] [32m✓[0m [ Drone 3 ]: has received the packet Packet { routing_header: SourceRoutingHeader { hop_index: 3, hops: [18, 7, 10, 3, 6, 9] }, session_id: 39, pack_type: Ack(Ack { fragment_index: 0 }) }
2025-02-10 20:38:49 [INFO] [rustastic_drone::drone] [32m✓[0m Packet with [ session_id: 39 ] is being handled from [ Drone 3 ]
2025-02-10 20:38:49 [INFO] [rustastic_drone::drone] [34mi[0m [ Drone 3 ]: received a Ack(0)
2025-02-10 20:38:49 [INFO] [rustastic_drone::drone] [32m✓[0m [ Drone 3 ]: was sent a Ack(0) packet to [ Drone 6 ]
2025-02-10 20:38:49 [INFO] [rustastic_drone::drone] [32m✓[0m [ Drone 3 ]: has received the packet Packet { routing_header: SourceRoutingHeader { hop_index: 3, hops: [18, 7, 10, 3, 6, 9] }, session_id: 19, pack_type: MsgFragment(Fragment { fragment_index: 0, total_n_fragments: 1, length: 58, data: [123, 34, 84, 121, 112, 101, 82, 101, 115, 112, 111, 110, 115, 101, 34, 58, 123, 34, 101, 100, 103, 101, 95, 116, 121, 112, 101, 34, 58, 123, 34, 83, 101, 114, 118, 101, 114, 34, 58, 34, 67, 104, 97, 116, 34, 125, 44, 34, 102, 114, 111, 109, 34, 58, 49, 56, 125, 125, 0, 0, 0, 0, 0, 0, 0, 0, 0, 0, 0, 0, 0, 0, 0, 0, 0, 0, 0, 0, 0, 0, 0, 0, 0, 0, 0, 0, 0, 0, 0, 0, 0, 0, 0, 0, 0, 0, 0, 0, 0, 0, 0, 0, 0, 0, 0, 0, 0, 0, 0, 0, 0, 0, 0, 0, 0, 0, 0, 0, 0, 0, 0, 0, 0, 0, 0, 0, 0, 0] }) }
2025-02-10 20:38:49 [INFO] [rustastic_drone::drone] [32m✓[0m Packet with [ session_id: 19 ] is being handled from [ Drone 3 ]
2025-02-10 20:38:49 [INFO] [rustastic_drone::drone] [32m✓[0m [ Drone 3 ]: forwarded the the fragment [ fragment_index: 0 ] of the Packet [ session_id: 19 ]
2025-02-10 20:38:49 [WARN] [rustastic_drone::drone] └─>[33m!!![0m Fragment was added to the [ Drone 3 ] buffer
2025-02-10 20:38:49 [INFO] [rustastic_drone::drone] [32m✓[0m [ Drone 3 ]: was sent a Fragment { index: 1 out of 1, data: 0x7b2254797065526573706f6e7365223a7b226564... + other 38 bytes } packet to [ Drone 6 ]
2025-02-10 20:38:49 [INFO] [rustastic_drone::drone] [32m✓[0m [ Drone 3 ]: has received the packet Packet { routing_header: SourceRoutingHeader { hop_index: 3, hops: [0, 8, 15, 3, 12] }, session_id: 15, pack_type: Ack(Ack { fragment_index: 0 }) }
2025-02-10 20:38:49 [INFO] [rustastic_drone::drone] [32m✓[0m Packet with [ session_id: 15 ] is being handled from [ Drone 3 ]
2025-02-10 20:38:49 [INFO] [rustastic_drone::drone] [34mi[0m [ Drone 3 ]: received a Ack(0)
2025-02-10 20:38:49 [INFO] [rustastic_drone::drone] [32m✓[0m [ Drone 3 ]: was sent a Ack(0) packet to [ Drone 12 ]
2025-02-10 20:38:49 [INFO] [rustastic_drone::drone] [32m✓[0m [ Drone 3 ]: has received the packet Packet { routing_header: SourceRoutingHeader { hop_index: 3, hops: [0, 8, 17, 3, 12] }, session_id: 21, pack_type: MsgFragment(Fragment { fragment_index: 0, total_n_fragments: 1, length: 63, data: [123, 34, 84, 121, 112, 101, 82, 101, 115, 112, 111, 110, 115, 101, 34, 58, 123, 34, 101, 100, 103, 101, 95, 116, 121, 112, 101, 34, 58, 123, 34, 67, 108, 105, 101, 110, 116, 34, 58, 34, 67, 104, 97, 116, 67, 108, 105, 101, 110, 116, 34, 125, 44, 34, 102, 114, 111, 109, 34, 58, 48, 125, 125, 0, 0, 0, 0, 0, 0, 0, 0, 0, 0, 0, 0, 0, 0, 0, 0, 0, 0, 0, 0, 0, 0, 0, 0, 0, 0, 0, 0, 0, 0, 0, 0, 0, 0, 0, 0, 0, 0, 0, 0, 0, 0, 0, 0, 0, 0, 0, 0, 0, 0, 0, 0, 0, 0, 0, 0, 0, 0, 0, 0, 0, 0, 0, 0, 0] }) }
2025-02-10 20:38:49 [INFO] [rustastic_drone::drone] [32m✓[0m Packet with [ session_id: 21 ] is being handled from [ Drone 3 ]
2025-02-10 20:38:49 [INFO] [rustastic_drone::drone] [32m✓[0m [ Drone 3 ]: forwarded the the fragment [ fragment_index: 0 ] of the Packet [ session_id: 21 ]
2025-02-10 20:38:49 [WARN] [rustastic_drone::drone] └─>[33m!!![0m Fragment was added to the [ Drone 3 ] buffer
2025-02-10 20:38:49 [INFO] [rustastic_drone::drone] [32m✓[0m [ Drone 3 ]: was sent a Fragment { index: 1 out of 1, data: 0x7b2254797065526573706f6e7365223a7b226564... + other 43 bytes } packet to [ Drone 12 ]
2025-02-10 20:38:49 [INFO] [rustastic_drone::drone] [32m✓[0m [ Drone 3 ]: has received the packet Packet { routing_header: SourceRoutingHeader { hop_index: 4, hops: [0, 1, 8, 15, 3, 12] }, session_id: 6, pack_type: FloodResponse(FloodResponse { flood_id: 6, path_trace: [(12, Client), (3, Drone), (15, Server), (8, Drone), (1, Drone), (0, Client)] }) }
2025-02-10 20:38:49 [INFO] [rustastic_drone::drone] [32m✓[0m Packet with [ session_id: 6 ] is being handled from [ Drone 3 ]
2025-02-10 20:38:49 [INFO] [rustastic_drone::drone] [32m✓[0m [ Drone 3 ]: sent a FloodResponse with flood_id: 6 to [ Drone 12 ]
2025-02-10 20:38:49 [INFO] [rustastic_drone::drone] [32m✓[0m [ Drone 3 ]: has received the packet Packet { routing_header: SourceRoutingHeader { hop_index: 2, hops: [9, 6, 3, 10, 7, 18] }, session_id: 19, pack_type: Ack(Ack { fragment_index: 0 }) }
2025-02-10 20:38:49 [INFO] [rustastic_drone::drone] [32m✓[0m Packet with [ session_id: 19 ] is being handled from [ Drone 3 ]
2025-02-10 20:38:49 [INFO] [rustastic_drone::drone] [34mi[0m [ Drone 3 ]: received a Ack(0)
2025-02-10 20:38:49 [INFO] [rustastic_drone::drone] [32m✓[0m [ Drone 3 ]: was sent a Ack(0) packet to [ Drone 10 ]
2025-02-10 20:38:49 [INFO] [rustastic_drone::drone] [32m✓[0m [ Drone 3 ]: has received the packet Packet { routing_header: SourceRoutingHeader { hop_index: 1, hops: [12, 3, 10, 7, 16] }, session_id: 16, pack_type: Ack(Ack { fragment_index: 0 }) }
2025-02-10 20:38:49 [INFO] [rustastic_drone::drone] [32m✓[0m Packet with [ session_id: 16 ] is being handled from [ Drone 3 ]
2025-02-10 20:38:49 [INFO] [rustastic_drone::drone] [34mi[0m [ Drone 3 ]: received a Ack(0)
2025-02-10 20:38:49 [INFO] [rustastic_drone::drone] [32m✓[0m [ Drone 3 ]: was sent a Ack(0) packet to [ Drone 10 ]
2025-02-10 20:38:49 [INFO] [getdroned::get_droned] Drone 7 received a packet: Packet { routing_header: SourceRoutingHeader { hop_index: 4, hops: [9, 6, 3, 10, 7, 18] }, session_id: 19, pack_type: Ack(Ack { fragment_index: 0 }) }
2025-02-10 20:38:49 [INFO] [getdroned::get_droned] Drone 7 received a packet: Packet { routing_header: SourceRoutingHeader { hop_index: 3, hops: [12, 3, 10, 7, 16] }, session_id: 16, pack_type: Ack(Ack { fragment_index: 0 }) }
2025-02-10 20:38:49 [INFO] [rustastic_drone::drone] [32m✓[0m [ Drone 3 ]: has received the packet Packet { routing_header: SourceRoutingHeader { hop_index: 1, hops: [12, 3, 10, 7, 18] }, session_id: 18, pack_type: Ack(Ack { fragment_index: 0 }) }
2025-02-10 20:38:49 [INFO] [rustastic_drone::drone] [32m✓[0m Packet with [ session_id: 18 ] is being handled from [ Drone 3 ]
2025-02-10 20:38:49 [INFO] [rustastic_drone::drone] [34mi[0m [ Drone 3 ]: received a Ack(0)
2025-02-10 20:38:49 [INFO] [rustastic_drone::drone] [32m✓[0m [ Drone 3 ]: was sent a Ack(0) packet to [ Drone 10 ]
2025-02-10 20:38:49 [INFO] [getdroned::get_droned] Drone 7 received a packet: Packet { routing_header: SourceRoutingHeader { hop_index: 3, hops: [12, 3, 10, 7, 18] }, session_id: 18, pack_type: Ack(Ack { fragment_index: 0 }) }
2025-02-10 20:38:49 [INFO] [rustastic_drone::drone] [32m✓[0m [ Drone 3 ]: has received the packet Packet { routing_header: SourceRoutingHeader { hop_index: 4, hops: [1, 0, 8, 15, 3, 12] }, session_id: 16, pack_type: FloodResponse(FloodResponse { flood_id: 6, path_trace: [(12, Client), (3, Drone), (15, Server), (8, Drone), (0, Client), (1, Drone)] }) }
2025-02-10 20:38:49 [INFO] [rustastic_drone::drone] [32m✓[0m Packet with [ session_id: 16 ] is being handled from [ Drone 3 ]
2025-02-10 20:38:49 [INFO] [rustastic_drone::drone] [32m✓[0m [ Drone 3 ]: sent a FloodResponse with flood_id: 6 to [ Drone 12 ]
2025-02-10 20:38:49 [INFO] [rustastic_drone::drone] [32m✓[0m [ Drone 3 ]: has received the packet Packet { routing_header: SourceRoutingHeader { hop_index: 1, hops: [12, 3, 17, 8, 0] }, session_id: 21, pack_type: Ack(Ack { fragment_index: 0 }) }
2025-02-10 20:38:49 [INFO] [rustastic_drone::drone] [32m✓[0m Packet with [ session_id: 21 ] is being handled from [ Drone 3 ]
2025-02-10 20:38:49 [INFO] [rustastic_drone::drone] [34mi[0m [ Drone 3 ]: received a Ack(0)
2025-02-10 20:38:49 [INFO] [rustastic_drone::drone] [32m✓[0m [ Drone 3 ]: was sent a Ack(0) packet to [ Drone 17 ]
2025-02-10 20:38:49 [INFO] [rustastic_drone::drone] [32m✓[0m [ Drone 3 ]: has received the packet Packet { routing_header: SourceRoutingHeader { hop_index: 3, hops: [0, 8, 17, 3, 10] }, session_id: 50, pack_type: MsgFragment(Fragment { fragment_index: 0, total_n_fragments: 1, length: 26, data: [123, 34, 84, 121, 112, 101, 82, 101, 113, 117, 101, 115, 116, 34, 58, 123, 34, 102, 114, 111, 109, 34, 58, 48, 125, 125, 0, 0, 0, 0, 0, 0, 0, 0, 0, 0, 0, 0, 0, 0, 0, 0, 0, 0, 0, 0, 0, 0, 0, 0, 0, 0, 0, 0, 0, 0, 0, 0, 0, 0, 0, 0, 0, 0, 0, 0, 0, 0, 0, 0, 0, 0, 0, 0, 0, 0, 0, 0, 0, 0, 0, 0, 0, 0, 0, 0, 0, 0, 0, 0, 0, 0, 0, 0, 0, 0, 0, 0, 0, 0, 0, 0, 0, 0, 0, 0, 0, 0, 0, 0, 0, 0, 0, 0, 0, 0, 0, 0, 0, 0, 0, 0, 0, 0, 0, 0, 0, 0] }) }
2025-02-10 20:38:49 [INFO] [rustastic_drone::drone] [32m✓[0m Packet with [ session_id: 50 ] is being handled from [ Drone 3 ]
2025-02-10 20:38:49 [INFO] [rustastic_drone::drone] [32m✓[0m [ Drone 3 ]: forwarded the the fragment [ fragment_index: 0 ] of the Packet [ session_id: 50 ]
2025-02-10 20:38:49 [WARN] [rustastic_drone::drone] └─>[33m!!![0m Fragment was added to the [ Drone 3 ] buffer
2025-02-10 20:38:49 [INFO] [rustastic_drone::drone] [32m✓[0m [ Drone 3 ]: was sent a Fragment { index: 1 out of 1, data: 0x7b225479706552657175657374223a7b2266726f... + other 6 bytes } packet to [ Drone 10 ]
2025-02-10 20:38:49 [INFO] [rustastic_drone::drone] [32m✓[0m [ Drone 3 ]: has received the packet Packet { routing_header: SourceRoutingHeader { hop_index: 3, hops: [0, 8, 17, 3, 12] }, session_id: 39, pack_type: MsgFragment(Fragment { fragment_index: 0, total_n_fragments: 1, length: 26, data: [123, 34, 84, 121, 112, 101, 82, 101, 113, 117, 101, 115, 116, 34, 58, 123, 34, 102, 114, 111, 109, 34, 58, 48, 125, 125, 0, 0, 0, 0, 0, 0, 0, 0, 0, 0, 0, 0, 0, 0, 0, 0, 0, 0, 0, 0, 0, 0, 0, 0, 0, 0, 0, 0, 0, 0, 0, 0, 0, 0, 0, 0, 0, 0, 0, 0, 0, 0, 0, 0, 0, 0, 0, 0, 0, 0, 0, 0, 0, 0, 0, 0, 0, 0, 0, 0, 0, 0, 0, 0, 0, 0, 0, 0, 0, 0, 0, 0, 0, 0, 0, 0, 0, 0, 0, 0, 0, 0, 0, 0, 0, 0, 0, 0, 0, 0, 0, 0, 0, 0, 0, 0, 0, 0, 0, 0, 0, 0] }) }
2025-02-10 20:38:49 [INFO] [rustastic_drone::drone] [32m✓[0m Packet with [ session_id: 39 ] is being handled from [ Drone 3 ]
2025-02-10 20:38:49 [INFO] [rustastic_drone::drone] [32m✓[0m [ Drone 3 ]: forwarded the the fragment [ fragment_index: 0 ] of the Packet [ session_id: 39 ]
2025-02-10 20:38:49 [WARN] [rustastic_drone::drone] └─>[33m!!![0m Fragment was added to the [ Drone 3 ] buffer
2025-02-10 20:38:49 [INFO] [rustastic_drone::drone] [32m✓[0m [ Drone 3 ]: was sent a Fragment { index: 1 out of 1, data: 0x7b225479706552657175657374223a7b2266726f... + other 6 bytes } packet to [ Drone 12 ]
2025-02-10 20:38:49 [INFO] [rust_do_it::drone] Drone 4 received packet Packet { routing_header: SourceRoutingHeader { hop_index: 2, hops: [0, 1, 4, 16] }, session_id: 28, pack_type: MsgFragment(Fragment { fragment_index: 0, total_n_fragments: 1, length: 26, data: [123, 34, 84, 121, 112, 101, 82, 101, 113, 117, 101, 115, 116, 34, 58, 123, 34, 102, 114, 111, 109, 34, 58, 48, 125, 125, 0, 0, 0, 0, 0, 0, 0, 0, 0, 0, 0, 0, 0, 0, 0, 0, 0, 0, 0, 0, 0, 0, 0, 0, 0, 0, 0, 0, 0, 0, 0, 0, 0, 0, 0, 0, 0, 0, 0, 0, 0, 0, 0, 0, 0, 0, 0, 0, 0, 0, 0, 0, 0, 0, 0, 0, 0, 0, 0, 0, 0, 0, 0, 0, 0, 0, 0, 0, 0, 0, 0, 0, 0, 0, 0, 0, 0, 0, 0, 0, 0, 0, 0, 0, 0, 0, 0, 0, 0, 0, 0, 0, 0, 0, 0, 0, 0, 0, 0, 0, 0, 0] }) }
2025-02-10 20:38:49 [INFO] [rust_do_it::drone] Drone 4 received packet Packet { routing_header: SourceRoutingHeader { hop_index: 1, hops: [16, 4, 1, 0] }, session_id: 28, pack_type: Ack(Ack { fragment_index: 0 }) }
2025-02-10 20:38:49 [INFO] [rust_do_it::drone] Drone 4 received packet Packet { routing_header: SourceRoutingHeader { hop_index: 1, hops: [16, 4, 1, 0] }, session_id: 17, pack_type: MsgFragment(Fragment { fragment_index: 0, total_n_fragments: 1, length: 71, data: [123, 34, 84, 121, 112, 101, 82, 101, 115, 112, 111, 110, 115, 101, 34, 58, 123, 34, 101, 100, 103, 101, 95, 116, 121, 112, 101, 34, 58, 123, 34, 83, 101, 114, 118, 101, 114, 34, 58, 123, 34, 67, 111, 110, 116, 101, 110, 116, 34, 58, 34, 77, 101, 100, 105, 97, 34, 125, 125, 44, 34, 102, 114, 111, 109, 34, 58, 49, 54, 125, 125, 0, 0, 0, 0, 0, 0, 0, 0, 0, 0, 0, 0, 0, 0, 0, 0, 0, 0, 0, 0, 0, 0, 0, 0, 0, 0, 0, 0, 0, 0, 0, 0, 0, 0, 0, 0, 0, 0, 0, 0, 0, 0, 0, 0, 0, 0, 0, 0, 0, 0, 0, 0, 0, 0, 0, 0, 0] }) }
2025-02-10 20:38:49 [INFO] [rust_do_it::drone] Drone 4 received packet Packet { routing_header: SourceRoutingHeader { hop_index: 2, hops: [0, 1, 4, 18] }, session_id: 23, pack_type: MsgFragment(Fragment { fragment_index: 0, total_n_fragments: 1, length: 26, data: [123, 34, 84, 121, 112, 101, 82, 101, 113, 117, 101, 115, 116, 34, 58, 123, 34, 102, 114, 111, 109, 34, 58, 48, 125, 125, 0, 0, 0, 0, 0, 0, 0, 0, 0, 0, 0, 0, 0, 0, 0, 0, 0, 0, 0, 0, 0, 0, 0, 0, 0, 0, 0, 0, 0, 0, 0, 0, 0, 0, 0, 0, 0, 0, 0, 0, 0, 0, 0, 0, 0, 0, 0, 0, 0, 0, 0, 0, 0, 0, 0, 0, 0, 0, 0, 0, 0, 0, 0, 0, 0, 0, 0, 0, 0, 0, 0, 0, 0, 0, 0, 0, 0, 0, 0, 0, 0, 0, 0, 0, 0, 0, 0, 0, 0, 0, 0, 0, 0, 0, 0, 0, 0, 0, 0, 0, 0, 0] }) }
2025-02-10 20:38:49 [INFO] [rust_do_it::drone] Drone 4 received packet Packet { routing_header: SourceRoutingHeader { hop_index: 1, hops: [18, 4, 1, 0] }, session_id: 23, pack_type: Ack(Ack { fragment_index: 0 }) }
2025-02-10 20:38:49 [INFO] [rust_do_it::drone] Drone 4 received packet Packet { routing_header: SourceRoutingHeader { hop_index: 1, hops: [18, 4, 1, 0] }, session_id: 20, pack_type: MsgFragment(Fragment { fragment_index: 0, total_n_fragments: 1, length: 58, data: [123, 34, 84, 121, 112, 101, 82, 101, 115, 112, 111, 110, 115, 101, 34, 58, 123, 34, 101, 100, 103, 101, 95, 116, 121, 112, 101, 34, 58, 123, 34, 83, 101, 114, 118, 101, 114, 34, 58, 34, 67, 104, 97, 116, 34, 125, 44, 34, 102, 114, 111, 109, 34, 58, 49, 56, 125, 125, 0, 0, 0, 0, 0, 0, 0, 0, 0, 0, 0, 0, 0, 0, 0, 0, 0, 0, 0, 0, 0, 0, 0, 0, 0, 0, 0, 0, 0, 0, 0, 0, 0, 0, 0, 0, 0, 0, 0, 0, 0, 0, 0, 0, 0, 0, 0, 0, 0, 0, 0, 0, 0, 0, 0, 0, 0, 0, 0, 0, 0, 0, 0, 0, 0, 0, 0, 0, 0, 0] }) }
2025-02-10 20:38:49 [INFO] [rust_do_it::drone] Drone 4 received packet Packet { routing_header: SourceRoutingHeader { hop_index: 2, hops: [0, 1, 4, 16] }, session_id: 53, pack_type: MsgFragment(Fragment { fragment_index: 0, total_n_fragments: 1, length: 63, data: [123, 34, 84, 121, 112, 101, 82, 101, 115, 112, 111, 110, 115, 101, 34, 58, 123, 34, 101, 100, 103, 101, 95, 116, 121, 112, 101, 34, 58, 123, 34, 67, 108, 105, 101, 110, 116, 34, 58, 34, 67, 104, 97, 116, 67, 108, 105, 101, 110, 116, 34, 125, 44, 34, 102, 114, 111, 109, 34, 58, 48, 125, 125, 0, 0, 0, 0, 0, 0, 0, 0, 0, 0, 0, 0, 0, 0, 0, 0, 0, 0, 0, 0, 0, 0, 0, 0, 0, 0, 0, 0, 0, 0, 0, 0, 0, 0, 0, 0, 0, 0, 0, 0, 0, 0, 0, 0, 0, 0, 0, 0, 0, 0, 0, 0, 0, 0, 0, 0, 0, 0, 0, 0, 0, 0, 0, 0, 0] }) }
2025-02-10 20:38:49 [INFO] [rust_do_it::drone] Drone 4 received packet Packet { routing_header: SourceRoutingHeader { hop_index: 1, hops: [16, 4, 1, 0] }, session_id: 53, pack_type: Ack(Ack { fragment_index: 0 }) }
2025-02-10 20:38:49 [INFO] [rust_do_it::drone] Drone 4 received packet Packet { routing_header: SourceRoutingHeader { hop_index: 2, hops: [0, 1, 4, 16] }, session_id: 17, pack_type: Ack(Ack { fragment_index: 0 }) }
2025-02-10 20:38:49 [INFO] [rust_do_it::drone] Drone 4 received packet Packet { routing_header: SourceRoutingHeader { hop_index: 2, hops: [0, 1, 4, 18] }, session_id: 20, pack_type: Ack(Ack { fragment_index: 0 }) }
2025-02-10 20:38:49 [INFO] [rustastic_drone::drone] [32m✓[0m [ Drone 3 ]: has received the packet Packet { routing_header: SourceRoutingHeader { hop_index: 2, hops: [11, 6, 3, 17] }, session_id: 37, pack_type: MsgFragment(Fragment { fragment_index: 0, total_n_fragments: 1, length: 27, data: [123, 34, 84, 121, 112, 101, 82, 101, 113, 117, 101, 115, 116, 34, 58, 123, 34, 102, 114, 111, 109, 34, 58, 49, 49, 125, 125, 0, 0, 0, 0, 0, 0, 0, 0, 0, 0, 0, 0, 0, 0, 0, 0, 0, 0, 0, 0, 0, 0, 0, 0, 0, 0, 0, 0, 0, 0, 0, 0, 0, 0, 0, 0, 0, 0, 0, 0, 0, 0, 0, 0, 0, 0, 0, 0, 0, 0, 0, 0, 0, 0, 0, 0, 0, 0, 0, 0, 0, 0, 0, 0, 0, 0, 0, 0, 0, 0, 0, 0, 0, 0, 0, 0, 0, 0, 0, 0, 0, 0, 0, 0, 0, 0, 0, 0, 0, 0, 0, 0, 0, 0, 0, 0, 0, 0, 0, 0, 0] }) }
2025-02-10 20:38:49 [INFO] [rustastic_drone::drone] [32m✓[0m Packet with [ session_id: 37 ] is being handled from [ Drone 3 ]
2025-02-10 20:38:49 [INFO] [rustastic_drone::drone] [32m✓[0m [ Drone 3 ]: forwarded the the fragment [ fragment_index: 0 ] of the Packet [ session_id: 37 ]
2025-02-10 20:38:49 [WARN] [rustastic_drone::drone] └─>[33m!!![0m Fragment was added to the [ Drone 3 ] buffer
2025-02-10 20:38:49 [INFO] [rustastic_drone::drone] [32m✓[0m [ Drone 3 ]: was sent a Fragment { index: 1 out of 1, data: 0x7b225479706552657175657374223a7b2266726f... + other 7 bytes } packet to [ Drone 17 ]
2025-02-10 20:38:49 [INFO] [rustastic_drone::drone] [32m✓[0m [ Drone 3 ]: has received the packet Packet { routing_header: SourceRoutingHeader { hop_index: 1, hops: [17, 3, 6, 11] }, session_id: 37, pack_type: Ack(Ack { fragment_index: 0 }) }
2025-02-10 20:38:49 [INFO] [rustastic_drone::drone] [32m✓[0m Packet with [ session_id: 37 ] is being handled from [ Drone 3 ]
2025-02-10 20:38:49 [INFO] [rustastic_drone::drone] [34mi[0m [ Drone 3 ]: received a Ack(0)
2025-02-10 20:38:49 [INFO] [rustastic_drone::drone] [32m✓[0m [ Drone 3 ]: was sent a Ack(0) packet to [ Drone 6 ]
2025-02-10 20:38:49 [INFO] [rustastic_drone::drone] [32m✓[0m [ Drone 3 ]: has received the packet Packet { routing_header: SourceRoutingHeader { hop_index: 1, hops: [17, 3, 6, 11] }, session_id: 20, pack_type: MsgFragment(Fragment { fragment_index: 0, total_n_fragments: 1, length: 71, data: [123, 34, 84, 121, 112, 101, 82, 101, 115, 112, 111, 110, 115, 101, 34, 58, 123, 34, 101, 100, 103, 101, 95, 116, 121, 112, 101, 34, 58, 123, 34, 83, 101, 114, 118, 101, 114, 34, 58, 123, 34, 67, 111, 110, 116, 101, 110, 116, 34, 58, 34, 77, 101, 100, 105, 97, 34, 125, 125, 44, 34, 102, 114, 111, 109, 34, 58, 49, 55, 125, 125, 0, 0, 0, 0, 0, 0, 0, 0, 0, 0, 0, 0, 0, 0, 0, 0, 0, 0, 0, 0, 0, 0, 0, 0, 0, 0, 0, 0, 0, 0, 0, 0, 0, 0, 0, 0, 0, 0, 0, 0, 0, 0, 0, 0, 0, 0, 0, 0, 0, 0, 0, 0, 0, 0, 0, 0, 0] }) }
2025-02-10 20:38:49 [INFO] [rustastic_drone::drone] [32m✓[0m Packet with [ session_id: 20 ] is being handled from [ Drone 3 ]
2025-02-10 20:38:49 [INFO] [rustastic_drone::drone] [32m✓[0m [ Drone 3 ]: forwarded the the fragment [ fragment_index: 0 ] of the Packet [ session_id: 20 ]
2025-02-10 20:38:49 [WARN] [rustastic_drone::drone] └─>[33m!!![0m Fragment was added to the [ Drone 3 ] buffer
2025-02-10 20:38:49 [INFO] [rustastic_drone::drone] [32m✓[0m [ Drone 3 ]: was sent a Fragment { index: 1 out of 1, data: 0x7b2254797065526573706f6e7365223a7b226564... + other 51 bytes } packet to [ Drone 6 ]
2025-02-10 20:38:49 [INFO] [rustastic_drone::drone] [32m✓[0m [ Drone 3 ]: has received the packet Packet { routing_header: SourceRoutingHeader { hop_index: 2, hops: [11, 6, 3, 10, 7, 18] }, session_id: 40, pack_type: MsgFragment(Fragment { fragment_index: 0, total_n_fragments: 1, length: 27, data: [123, 34, 84, 121, 112, 101, 82, 101, 113, 117, 101, 115, 116, 34, 58, 123, 34, 102, 114, 111, 109, 34, 58, 49, 49, 125, 125, 0, 0, 0, 0, 0, 0, 0, 0, 0, 0, 0, 0, 0, 0, 0, 0, 0, 0, 0, 0, 0, 0, 0, 0, 0, 0, 0, 0, 0, 0, 0, 0, 0, 0, 0, 0, 0, 0, 0, 0, 0, 0, 0, 0, 0, 0, 0, 0, 0, 0, 0, 0, 0, 0, 0, 0, 0, 0, 0, 0, 0, 0, 0, 0, 0, 0, 0, 0, 0, 0, 0, 0, 0, 0, 0, 0, 0, 0, 0, 0, 0, 0, 0, 0, 0, 0, 0, 0, 0, 0, 0, 0, 0, 0, 0, 0, 0, 0, 0, 0, 0] }) }
2025-02-10 20:38:49 [INFO] [rustastic_drone::drone] [32m✓[0m Packet with [ session_id: 40 ] is being handled from [ Drone 3 ]
2025-02-10 20:38:49 [INFO] [rustastic_drone::drone] [32m✓[0m [ Drone 3 ]: forwarded the the fragment [ fragment_index: 0 ] of the Packet [ session_id: 40 ]
2025-02-10 20:38:49 [WARN] [rustastic_drone::drone] └─>[33m!!![0m Fragment was added to the [ Drone 3 ] buffer
2025-02-10 20:38:49 [INFO] [rustastic_drone::drone] [32m✓[0m [ Drone 3 ]: was sent a Fragment { index: 1 out of 1, data: 0x7b225479706552657175657374223a7b2266726f... + other 7 bytes } packet to [ Drone 10 ]
2025-02-10 20:38:49 [INFO] [rustastic_drone::drone] [32m✓[0m [ Drone 3 ]: has received the packet Packet { routing_header: SourceRoutingHeader { hop_index: 2, hops: [11, 6, 3, 10, 7, 16] }, session_id: 44, pack_type: MsgFragment(Fragment { fragment_index: 0, total_n_fragments: 1, length: 27, data: [123, 34, 84, 121, 112, 101, 82, 101, 113, 117, 101, 115, 116, 34, 58, 123, 34, 102, 114, 111, 109, 34, 58, 49, 49, 125, 125, 0, 0, 0, 0, 0, 0, 0, 0, 0, 0, 0, 0, 0, 0, 0, 0, 0, 0, 0, 0, 0, 0, 0, 0, 0, 0, 0, 0, 0, 0, 0, 0, 0, 0, 0, 0, 0, 0, 0, 0, 0, 0, 0, 0, 0, 0, 0, 0, 0, 0, 0, 0, 0, 0, 0, 0, 0, 0, 0, 0, 0, 0, 0, 0, 0, 0, 0, 0, 0, 0, 0, 0, 0, 0, 0, 0, 0, 0, 0, 0, 0, 0, 0, 0, 0, 0, 0, 0, 0, 0, 0, 0, 0, 0, 0, 0, 0, 0, 0, 0, 0] }) }
2025-02-10 20:38:49 [INFO] [rustastic_drone::drone] [32m✓[0m Packet with [ session_id: 44 ] is being handled from [ Drone 3 ]
2025-02-10 20:38:49 [INFO] [rustastic_drone::drone] [32m✓[0m [ Drone 3 ]: forwarded the the fragment [ fragment_index: 0 ] of the Packet [ session_id: 44 ]
2025-02-10 20:38:49 [WARN] [rustastic_drone::drone] └─>[33m!!![0m Fragment was added to the [ Drone 3 ] buffer
2025-02-10 20:38:49 [INFO] [rustastic_drone::drone] [32m✓[0m [ Drone 3 ]: was sent a Fragment { index: 1 out of 1, data: 0x7b225479706552657175657374223a7b2266726f... + other 7 bytes } packet to [ Drone 10 ]
2025-02-10 20:38:49 [INFO] [rustastic_drone::drone] [32m✓[0m [ Drone 3 ]: has received the packet Packet { routing_header: SourceRoutingHeader { hop_index: 2, hops: [11, 6, 3, 10] }, session_id: 27, pack_type: MsgFragment(Fragment { fragment_index: 0, total_n_fragments: 1, length: 27, data: [123, 34, 84, 121, 112, 101, 82, 101, 113, 117, 101, 115, 116, 34, 58, 123, 34, 102, 114, 111, 109, 34, 58, 49, 49, 125, 125, 0, 0, 0, 0, 0, 0, 0, 0, 0, 0, 0, 0, 0, 0, 0, 0, 0, 0, 0, 0, 0, 0, 0, 0, 0, 0, 0, 0, 0, 0, 0, 0, 0, 0, 0, 0, 0, 0, 0, 0, 0, 0, 0, 0, 0, 0, 0, 0, 0, 0, 0, 0, 0, 0, 0, 0, 0, 0, 0, 0, 0, 0, 0, 0, 0, 0, 0, 0, 0, 0, 0, 0, 0, 0, 0, 0, 0, 0, 0, 0, 0, 0, 0, 0, 0, 0, 0, 0, 0, 0, 0, 0, 0, 0, 0, 0, 0, 0, 0, 0, 0] }) }
2025-02-10 20:38:49 [INFO] [rustastic_drone::drone] [32m✓[0m Packet with [ session_id: 27 ] is being handled from [ Drone 3 ]
2025-02-10 20:38:49 [INFO] [rustastic_drone::drone] [32m✓[0m [ Drone 3 ]: forwarded the the fragment [ fragment_index: 0 ] of the Packet [ session_id: 27 ]
2025-02-10 20:38:49 [WARN] [rustastic_drone::drone] └─>[33m!!![0m Fragment was added to the [ Drone 3 ] buffer
2025-02-10 20:38:49 [INFO] [rustastic_drone::drone] [32m✓[0m [ Drone 3 ]: was sent a Fragment { index: 1 out of 1, data: 0x7b225479706552657175657374223a7b2266726f... + other 7 bytes } packet to [ Drone 10 ]
2025-02-10 20:38:49 [INFO] [rustastic_drone::drone] [32m✓[0m [ Drone 3 ]: has received the packet Packet { routing_header: SourceRoutingHeader { hop_index: 2, hops: [11, 6, 3, 15] }, session_id: 54, pack_type: MsgFragment(Fragment { fragment_index: 0, total_n_fragments: 1, length: 27, data: [123, 34, 84, 121, 112, 101, 82, 101, 113, 117, 101, 115, 116, 34, 58, 123, 34, 102, 114, 111, 109, 34, 58, 49, 49, 125, 125, 0, 0, 0, 0, 0, 0, 0, 0, 0, 0, 0, 0, 0, 0, 0, 0, 0, 0, 0, 0, 0, 0, 0, 0, 0, 0, 0, 0, 0, 0, 0, 0, 0, 0, 0, 0, 0, 0, 0, 0, 0, 0, 0, 0, 0, 0, 0, 0, 0, 0, 0, 0, 0, 0, 0, 0, 0, 0, 0, 0, 0, 0, 0, 0, 0, 0, 0, 0, 0, 0, 0, 0, 0, 0, 0, 0, 0, 0, 0, 0, 0, 0, 0, 0, 0, 0, 0, 0, 0, 0, 0, 0, 0, 0, 0, 0, 0, 0, 0, 0, 0] }) }
2025-02-10 20:38:49 [INFO] [rustastic_drone::drone] [32m✓[0m Packet with [ session_id: 54 ] is being handled from [ Drone 3 ]
2025-02-10 20:38:49 [INFO] [rustastic_drone::drone] [32m✓[0m [ Drone 3 ]: forwarded the the fragment [ fragment_index: 0 ] of the Packet [ session_id: 54 ]
2025-02-10 20:38:49 [WARN] [rustastic_drone::drone] └─>[33m!!![0m Fragment was added to the [ Drone 3 ] buffer
2025-02-10 20:38:49 [INFO] [rustastic_drone::drone] [32m✓[0m [ Drone 3 ]: was sent a Fragment { index: 1 out of 1, data: 0x7b225479706552657175657374223a7b2266726f... + other 7 bytes } packet to [ Drone 15 ]
2025-02-10 20:38:49 [INFO] [rustastic_drone::drone] [32m✓[0m [ Drone 3 ]: has received the packet Packet { routing_header: SourceRoutingHeader { hop_index: 1, hops: [12, 3, 17, 8, 0] }, session_id: 39, pack_type: Ack(Ack { fragment_index: 0 }) }
2025-02-10 20:38:49 [INFO] [rustastic_drone::drone] [32m✓[0m Packet with [ session_id: 39 ] is being handled from [ Drone 3 ]
2025-02-10 20:38:49 [INFO] [rustastic_drone::drone] [34mi[0m [ Drone 3 ]: received a Ack(0)
2025-02-10 20:38:49 [INFO] [rustastic_drone::drone] [32m✓[0m [ Drone 3 ]: was sent a Ack(0) packet to [ Drone 17 ]
2025-02-10 20:38:49 [INFO] [rustastic_drone::drone] [32m✓[0m [ Drone 3 ]: has received the packet Packet { routing_header: SourceRoutingHeader { hop_index: 1, hops: [15, 3, 6, 11] }, session_id: 54, pack_type: Ack(Ack { fragment_index: 0 }) }
2025-02-10 20:38:49 [INFO] [rustastic_drone::drone] [32m✓[0m Packet with [ session_id: 54 ] is being handled from [ Drone 3 ]
2025-02-10 20:38:49 [INFO] [rustastic_drone::drone] [34mi[0m [ Drone 3 ]: received a Ack(0)
2025-02-10 20:38:49 [INFO] [rustastic_drone::drone] [32m✓[0m [ Drone 3 ]: was sent a Ack(0) packet to [ Drone 6 ]
2025-02-10 20:38:49 [INFO] [rustastic_drone::drone] [32m✓[0m [ Drone 3 ]: has received the packet Packet { routing_header: SourceRoutingHeader { hop_index: 1, hops: [10, 3, 17, 8, 0] }, session_id: 50, pack_type: Ack(Ack { fragment_index: 0 }) }
2025-02-10 20:38:49 [INFO] [rustastic_drone::drone] [32m✓[0m Packet with [ session_id: 50 ] is being handled from [ Drone 3 ]
2025-02-10 20:38:49 [INFO] [rustastic_drone::drone] [34mi[0m [ Drone 3 ]: received a Ack(0)
2025-02-10 20:38:49 [INFO] [rustastic_drone::drone] [32m✓[0m [ Drone 3 ]: was sent a Ack(0) packet to [ Drone 17 ]
2025-02-10 20:38:49 [INFO] [rustastic_drone::drone] [32m✓[0m [ Drone 3 ]: has received the packet Packet { routing_header: SourceRoutingHeader { hop_index: 1, hops: [12, 3, 15, 8, 0] }, session_id: 14, pack_type: MsgFragment(Fragment { fragment_index: 0, total_n_fragments: 1, length: 64, data: [123, 34, 84, 121, 112, 101, 82, 101, 115, 112, 111, 110, 115, 101, 34, 58, 123, 34, 101, 100, 103, 101, 95, 116, 121, 112, 101, 34, 58, 123, 34, 67, 108, 105, 101, 110, 116, 34, 58, 34, 87, 101, 98, 66, 114, 111, 119, 115, 101, 114, 34, 125, 44, 34, 102, 114, 111, 109, 34, 58, 49, 50, 125, 125, 0, 0, 0, 0, 0, 0, 0, 0, 0, 0, 0, 0, 0, 0, 0, 0, 0, 0, 0, 0, 0, 0, 0, 0, 0, 0, 0, 0, 0, 0, 0, 0, 0, 0, 0, 0, 0, 0, 0, 0, 0, 0, 0, 0, 0, 0, 0, 0, 0, 0, 0, 0, 0, 0, 0, 0, 0, 0, 0, 0, 0, 0, 0, 0] }) }
2025-02-10 20:38:49 [INFO] [rustastic_drone::drone] [32m✓[0m Packet with [ session_id: 14 ] is being handled from [ Drone 3 ]
2025-02-10 20:38:49 [INFO] [rustastic_drone::drone] [32m✓[0m [ Drone 3 ]: forwarded the the fragment [ fragment_index: 0 ] of the Packet [ session_id: 14 ]
2025-02-10 20:38:49 [WARN] [rustastic_drone::drone] └─>[33m!!![0m Fragment was added to the [ Drone 3 ] buffer
2025-02-10 20:38:49 [INFO] [rustastic_drone::drone] [32m✓[0m [ Drone 3 ]: was sent a Fragment { index: 1 out of 1, data: 0x7b2254797065526573706f6e7365223a7b226564... + other 44 bytes } packet to [ Drone 15 ]
2025-02-10 20:38:49 [INFO] [rustastic_drone::drone] [32m✓[0m [ Drone 3 ]: has received the packet Packet { routing_header: SourceRoutingHeader { hop_index: 1, hops: [15, 3, 6, 11] }, session_id: 20, pack_type: MsgFragment(Fragment { fragment_index: 0, total_n_fragments: 1, length: 70, data: [123, 34, 84, 121, 112, 101, 82, 101, 115, 112, 111, 110, 115, 101, 34, 58, 123, 34, 101, 100, 103, 101, 95, 116, 121, 112, 101, 34, 58, 123, 34, 83, 101, 114, 118, 101, 114, 34, 58, 123, 34, 67, 111, 110, 116, 101, 110, 116, 34, 58, 34, 84, 101, 120, 116, 34, 125, 125, 44, 34, 102, 114, 111, 109, 34, 58, 49, 53, 125, 125, 0, 0, 0, 0, 0, 0, 0, 0, 0, 0, 0, 0, 0, 0, 0, 0, 0, 0, 0, 0, 0, 0, 0, 0, 0, 0, 0, 0, 0, 0, 0, 0, 0, 0, 0, 0, 0, 0, 0, 0, 0, 0, 0, 0, 0, 0, 0, 0, 0, 0, 0, 0, 0, 0, 0, 0, 0, 0] }) }
2025-02-10 20:38:49 [INFO] [rustastic_drone::drone] [32m✓[0m Packet with [ session_id: 20 ] is being handled from [ Drone 3 ]
2025-02-10 20:38:49 [INFO] [rustastic_drone::drone] [32m✓[0m [ Drone 3 ]: forwarded the the fragment [ fragment_index: 0 ] of the Packet [ session_id: 20 ]
2025-02-10 20:38:49 [WARN] [rustastic_drone::drone] └─>[33m!!![0m Fragment was added to the [ Drone 3 ] buffer
2025-02-10 20:38:49 [INFO] [rustastic_drone::drone] [32m✓[0m [ Drone 3 ]: was sent a Fragment { index: 1 out of 1, data: 0x7b2254797065526573706f6e7365223a7b226564... + other 50 bytes } packet to [ Drone 6 ]
2025-02-10 20:38:49 [INFO] [rustastic_drone::drone] [32m✓[0m [ Drone 3 ]: has received the packet Packet { routing_header: SourceRoutingHeader { hop_index: 2, hops: [11, 6, 3, 17] }, session_id: 32, pack_type: MsgFragment(Fragment { fragment_index: 0, total_n_fragments: 1, length: 64, data: [123, 34, 84, 121, 112, 101, 82, 101, 115, 112, 111, 110, 115, 101, 34, 58, 123, 34, 101, 100, 103, 101, 95, 116, 121, 112, 101, 34, 58, 123, 34, 67, 108, 105, 101, 110, 116, 34, 58, 34, 67, 104, 97, 116, 67, 108, 105, 101, 110, 116, 34, 125, 44, 34, 102, 114, 111, 109, 34, 58, 49, 49, 125, 125, 0, 0, 0, 0, 0, 0, 0, 0, 0, 0, 0, 0, 0, 0, 0, 0, 0, 0, 0, 0, 0, 0, 0, 0, 0, 0, 0, 0, 0, 0, 0, 0, 0, 0, 0, 0, 0, 0, 0, 0, 0, 0, 0, 0, 0, 0, 0, 0, 0, 0, 0, 0, 0, 0, 0, 0, 0, 0, 0, 0, 0, 0, 0, 0] }) }
2025-02-10 20:38:49 [INFO] [rustastic_drone::drone] [32m✓[0m Packet with [ session_id: 32 ] is being handled from [ Drone 3 ]
2025-02-10 20:38:49 [INFO] [rustastic_drone::drone] [32m✓[0m [ Drone 3 ]: forwarded the the fragment [ fragment_index: 0 ] of the Packet [ session_id: 32 ]
2025-02-10 20:38:49 [WARN] [rustastic_drone::drone] └─>[33m!!![0m Fragment was added to the [ Drone 3 ] buffer
2025-02-10 20:38:49 [INFO] [rustastic_drone::drone] [32m✓[0m [ Drone 3 ]: was sent a Fragment { index: 1 out of 1, data: 0x7b2254797065526573706f6e7365223a7b226564... + other 44 bytes } packet to [ Drone 17 ]
2025-02-10 20:38:49 [INFO] [rustastic_drone::drone] [32m✓[0m [ Drone 3 ]: has received the packet Packet { routing_header: SourceRoutingHeader { hop_index: 1, hops: [17, 3, 6, 11] }, session_id: 32, pack_type: Ack(Ack { fragment_index: 0 }) }
2025-02-10 20:38:49 [INFO] [rustastic_drone::drone] [32m✓[0m Packet with [ session_id: 32 ] is being handled from [ Drone 3 ]
2025-02-10 20:38:49 [INFO] [rustastic_drone::drone] [34mi[0m [ Drone 3 ]: received a Ack(0)
2025-02-10 20:38:49 [INFO] [rustastic_drone::drone] [32m✓[0m [ Drone 3 ]: was sent a Ack(0) packet to [ Drone 6 ]
2025-02-10 20:38:49 [INFO] [rustastic_drone::drone] [32m✓[0m [ Drone 3 ]: has received the packet Packet { routing_header: SourceRoutingHeader { hop_index: 1, hops: [10, 3, 6, 11] }, session_id: 27, pack_type: Ack(Ack { fragment_index: 0 }) }
2025-02-10 20:38:49 [INFO] [rustastic_drone::drone] [32m✓[0m Packet with [ session_id: 27 ] is being handled from [ Drone 3 ]
2025-02-10 20:38:49 [INFO] [getdroned::get_droned] Drone 7 received a packet: Packet { routing_header: SourceRoutingHeader { hop_index: 1, hops: [10, 7, 4, 1, 0] }, session_id: 57, pack_type: MsgFragment(Fragment { fragment_index: 0, total_n_fragments: 1, length: 64, data: [123, 34, 84, 121, 112, 101, 82, 101, 115, 112, 111, 110, 115, 101, 34, 58, 123, 34, 101, 100, 103, 101, 95, 116, 121, 112, 101, 34, 58, 123, 34, 67, 108, 105, 101, 110, 116, 34, 58, 34, 87, 101, 98, 66, 114, 111, 119, 115, 101, 114, 34, 125, 44, 34, 102, 114, 111, 109, 34, 58, 49, 48, 125, 125, 0, 0, 0, 0, 0, 0, 0, 0, 0, 0, 0, 0, 0, 0, 0, 0, 0, 0, 0, 0, 0, 0, 0, 0, 0, 0, 0, 0, 0, 0, 0, 0, 0, 0, 0, 0, 0, 0, 0, 0, 0, 0, 0, 0, 0, 0, 0, 0, 0, 0, 0, 0, 0, 0, 0, 0, 0, 0, 0, 0, 0, 0, 0, 0] }) }
2025-02-10 20:38:49 [INFO] [rustastic_drone::drone] [34mi[0m [ Drone 3 ]: received a Ack(0)
2025-02-10 20:38:49 [INFO] [rustastic_drone::drone] [32m✓[0m [ Drone 3 ]: was sent a Ack(0) packet to [ Drone 6 ]
2025-02-10 20:38:49 [INFO] [getdroned::get_droned] Drone 7 received a packet: Packet { routing_header: SourceRoutingHeader { hop_index: 4, hops: [11, 6, 3, 10, 7, 18] }, session_id: 40, pack_type: MsgFragment(Fragment { fragment_index: 0, total_n_fragments: 1, length: 27, data: [123, 34, 84, 121, 112, 101, 82, 101, 113, 117, 101, 115, 116, 34, 58, 123, 34, 102, 114, 111, 109, 34, 58, 49, 49, 125, 125, 0, 0, 0, 0, 0, 0, 0, 0, 0, 0, 0, 0, 0, 0, 0, 0, 0, 0, 0, 0, 0, 0, 0, 0, 0, 0, 0, 0, 0, 0, 0, 0, 0, 0, 0, 0, 0, 0, 0, 0, 0, 0, 0, 0, 0, 0, 0, 0, 0, 0, 0, 0, 0, 0, 0, 0, 0, 0, 0, 0, 0, 0, 0, 0, 0, 0, 0, 0, 0, 0, 0, 0, 0, 0, 0, 0, 0, 0, 0, 0, 0, 0, 0, 0, 0, 0, 0, 0, 0, 0, 0, 0, 0, 0, 0, 0, 0, 0, 0, 0, 0] }) }
2025-02-10 20:38:49 [INFO] [getdroned::get_droned] Drone 7 received a packet: Packet { routing_header: SourceRoutingHeader { hop_index: 4, hops: [11, 6, 3, 10, 7, 16] }, session_id: 44, pack_type: MsgFragment(Fragment { fragment_index: 0, total_n_fragments: 1, length: 27, data: [123, 34, 84, 121, 112, 101, 82, 101, 113, 117, 101, 115, 116, 34, 58, 123, 34, 102, 114, 111, 109, 34, 58, 49, 49, 125, 125, 0, 0, 0, 0, 0, 0, 0, 0, 0, 0, 0, 0, 0, 0, 0, 0, 0, 0, 0, 0, 0, 0, 0, 0, 0, 0, 0, 0, 0, 0, 0, 0, 0, 0, 0, 0, 0, 0, 0, 0, 0, 0, 0, 0, 0, 0, 0, 0, 0, 0, 0, 0, 0, 0, 0, 0, 0, 0, 0, 0, 0, 0, 0, 0, 0, 0, 0, 0, 0, 0, 0, 0, 0, 0, 0, 0, 0, 0, 0, 0, 0, 0, 0, 0, 0, 0, 0, 0, 0, 0, 0, 0, 0, 0, 0, 0, 0, 0, 0, 0, 0] }) }
2025-02-10 20:38:49 [INFO] [rust_do_it::drone] Drone 4 received packet Packet { routing_header: SourceRoutingHeader { hop_index: 2, hops: [10, 7, 4, 1, 0] }, session_id: 57, pack_type: MsgFragment(Fragment { fragment_index: 0, total_n_fragments: 1, length: 64, data: [123, 34, 84, 121, 112, 101, 82, 101, 115, 112, 111, 110, 115, 101, 34, 58, 123, 34, 101, 100, 103, 101, 95, 116, 121, 112, 101, 34, 58, 123, 34, 67, 108, 105, 101, 110, 116, 34, 58, 34, 87, 101, 98, 66, 114, 111, 119, 115, 101, 114, 34, 125, 44, 34, 102, 114, 111, 109, 34, 58, 49, 48, 125, 125, 0, 0, 0, 0, 0, 0, 0, 0, 0, 0, 0, 0, 0, 0, 0, 0, 0, 0, 0, 0, 0, 0, 0, 0, 0, 0, 0, 0, 0, 0, 0, 0, 0, 0, 0, 0, 0, 0, 0, 0, 0, 0, 0, 0, 0, 0, 0, 0, 0, 0, 0, 0, 0, 0, 0, 0, 0, 0, 0, 0, 0, 0, 0, 0] }) }
2025-02-10 20:38:49 [INFO] [getdroned::get_droned] Drone 7 received a packet: Packet { routing_header: SourceRoutingHeader { hop_index: 1, hops: [16, 7, 10, 3, 6, 11] }, session_id: 44, pack_type: Ack(Ack { fragment_index: 0 }) }
2025-02-10 20:38:49 [INFO] [getdroned::get_droned] Drone 7 received a packet: Packet { routing_header: SourceRoutingHeader { hop_index: 1, hops: [18, 7, 10, 3, 6, 11] }, session_id: 40, pack_type: Ack(Ack { fragment_index: 0 }) }
2025-02-10 20:38:49 [INFO] [rustastic_drone::drone] [32m✓[0m [ Drone 3 ]: has received the packet Packet { routing_header: SourceRoutingHeader { hop_index: 2, hops: [11, 6, 3, 15] }, session_id: 55, pack_type: MsgFragment(Fragment { fragment_index: 0, total_n_fragments: 1, length: 64, data: [123, 34, 84, 121, 112, 101, 82, 101, 115, 112, 111, 110, 115, 101, 34, 58, 123, 34, 101, 100, 103, 101, 95, 116, 121, 112, 101, 34, 58, 123, 34, 67, 108, 105, 101, 110, 116, 34, 58, 34, 67, 104, 97, 116, 67, 108, 105, 101, 110, 116, 34, 125, 44, 34, 102, 114, 111, 109, 34, 58, 49, 49, 125, 125, 0, 0, 0, 0, 0, 0, 0, 0, 0, 0, 0, 0, 0, 0, 0, 0, 0, 0, 0, 0, 0, 0, 0, 0, 0, 0, 0, 0, 0, 0, 0, 0, 0, 0, 0, 0, 0, 0, 0, 0, 0, 0, 0, 0, 0, 0, 0, 0, 0, 0, 0, 0, 0, 0, 0, 0, 0, 0, 0, 0, 0, 0, 0, 0] }) }
2025-02-10 20:38:49 [INFO] [rustastic_drone::drone] [32m✓[0m Packet with [ session_id: 55 ] is being handled from [ Drone 3 ]
2025-02-10 20:38:49 [INFO] [rustastic_drone::drone] [32m✓[0m [ Drone 3 ]: forwarded the the fragment [ fragment_index: 0 ] of the Packet [ session_id: 55 ]
2025-02-10 20:38:49 [WARN] [rustastic_drone::drone] └─>[33m!!![0m Fragment was added to the [ Drone 3 ] buffer
2025-02-10 20:38:49 [INFO] [rustastic_drone::drone] [32m✓[0m [ Drone 3 ]: was sent a Fragment { index: 1 out of 1, data: 0x7b2254797065526573706f6e7365223a7b226564... + other 44 bytes } packet to [ Drone 15 ]
2025-02-10 20:38:49 [INFO] [rustastic_drone::drone] [32m✓[0m [ Drone 3 ]: has received the packet Packet { routing_header: SourceRoutingHeader { hop_index: 1, hops: [10, 3, 6, 11] }, session_id: 47, pack_type: MsgFragment(Fragment { fragment_index: 0, total_n_fragments: 1, length: 64, data: [123, 34, 84, 121, 112, 101, 82, 101, 115, 112, 111, 110, 115, 101, 34, 58, 123, 34, 101, 100, 103, 101, 95, 116, 121, 112, 101, 34, 58, 123, 34, 67, 108, 105, 101, 110, 116, 34, 58, 34, 87, 101, 98, 66, 114, 111, 119, 115, 101, 114, 34, 125, 44, 34, 102, 114, 111, 109, 34, 58, 49, 48, 125, 125, 0, 0, 0, 0, 0, 0, 0, 0, 0, 0, 0, 0, 0, 0, 0, 0, 0, 0, 0, 0, 0, 0, 0, 0, 0, 0, 0, 0, 0, 0, 0, 0, 0, 0, 0, 0, 0, 0, 0, 0, 0, 0, 0, 0, 0, 0, 0, 0, 0, 0, 0, 0, 0, 0, 0, 0, 0, 0, 0, 0, 0, 0, 0, 0] }) }
2025-02-10 20:38:49 [INFO] [rustastic_drone::drone] [32m✓[0m Packet with [ session_id: 47 ] is being handled from [ Drone 3 ]
2025-02-10 20:38:49 [INFO] [rustastic_drone::drone] [32m✓[0m [ Drone 3 ]: forwarded the the fragment [ fragment_index: 0 ] of the Packet [ session_id: 47 ]
2025-02-10 20:38:49 [WARN] [rustastic_drone::drone] └─>[33m!!![0m Fragment was added to the [ Drone 3 ] buffer
2025-02-10 20:38:49 [INFO] [rustastic_drone::drone] [32m✓[0m [ Drone 3 ]: was sent a Fragment { index: 1 out of 1, data: 0x7b2254797065526573706f6e7365223a7b226564... + other 44 bytes } packet to [ Drone 6 ]
2025-02-10 20:38:49 [INFO] [rustastic_drone::drone] [32m✓[0m [ Drone 3 ]: has received the packet Packet { routing_header: SourceRoutingHeader { hop_index: 3, hops: [16, 7, 10, 3, 6, 11] }, session_id: 44, pack_type: Ack(Ack { fragment_index: 0 }) }
2025-02-10 20:38:49 [INFO] [rustastic_drone::drone] [32m✓[0m Packet with [ session_id: 44 ] is being handled from [ Drone 3 ]
2025-02-10 20:38:49 [INFO] [rustastic_drone::drone] [34mi[0m [ Drone 3 ]: received a Ack(0)
2025-02-10 20:38:49 [INFO] [rustastic_drone::drone] [32m✓[0m [ Drone 3 ]: was sent a Ack(0) packet to [ Drone 6 ]
2025-02-10 20:38:49 [INFO] [rustastic_drone::drone] [32m✓[0m [ Drone 3 ]: has received the packet Packet { routing_header: SourceRoutingHeader { hop_index: 3, hops: [18, 7, 10, 3, 6, 11] }, session_id: 40, pack_type: Ack(Ack { fragment_index: 0 }) }
2025-02-10 20:38:49 [INFO] [rustastic_drone::drone] [32m✓[0m Packet with [ session_id: 40 ] is being handled from [ Drone 3 ]
2025-02-10 20:38:49 [INFO] [rustastic_drone::drone] [34mi[0m [ Drone 3 ]: received a Ack(0)
2025-02-10 20:38:49 [INFO] [rustastic_drone::drone] [32m✓[0m [ Drone 3 ]: was sent a Ack(0) packet to [ Drone 6 ]
2025-02-10 20:38:49 [INFO] [rustastic_drone::drone] [32m✓[0m [ Drone 3 ]: has received the packet Packet { routing_header: SourceRoutingHeader { hop_index: 1, hops: [15, 3, 6, 11] }, session_id: 55, pack_type: Ack(Ack { fragment_index: 0 }) }
2025-02-10 20:38:49 [INFO] [rustastic_drone::drone] [32m✓[0m Packet with [ session_id: 55 ] is being handled from [ Drone 3 ]
2025-02-10 20:38:49 [INFO] [rustastic_drone::drone] [34mi[0m [ Drone 3 ]: received a Ack(0)
2025-02-10 20:38:49 [INFO] [rustastic_drone::drone] [32m✓[0m [ Drone 3 ]: was sent a Ack(0) packet to [ Drone 6 ]
2025-02-10 20:38:49 [INFO] [getdroned::get_droned] Drone 7 received a packet: Packet { routing_header: SourceRoutingHeader { hop_index: 1, hops: [16, 7, 10, 3, 6, 11] }, session_id: 18, pack_type: MsgFragment(Fragment { fragment_index: 0, total_n_fragments: 1, length: 71, data: [123, 34, 84, 121, 112, 101, 82, 101, 115, 112, 111, 110, 115, 101, 34, 58, 123, 34, 101, 100, 103, 101, 95, 116, 121, 112, 101, 34, 58, 123, 34, 83, 101, 114, 118, 101, 114, 34, 58, 123, 34, 67, 111, 110, 116, 101, 110, 116, 34, 58, 34, 77, 101, 100, 105, 97, 34, 125, 125, 44, 34, 102, 114, 111, 109, 34, 58, 49, 54, 125, 125, 0, 0, 0, 0, 0, 0, 0, 0, 0, 0, 0, 0, 0, 0, 0, 0, 0, 0, 0, 0, 0, 0, 0, 0, 0, 0, 0, 0, 0, 0, 0, 0, 0, 0, 0, 0, 0, 0, 0, 0, 0, 0, 0, 0, 0, 0, 0, 0, 0, 0, 0, 0, 0, 0, 0, 0, 0] }) }
2025-02-10 20:38:49 [INFO] [getdroned::get_droned] Drone 7 received a packet: Packet { routing_header: SourceRoutingHeader { hop_index: 1, hops: [18, 7, 10, 3, 6, 11] }, session_id: 21, pack_type: MsgFragment(Fragment { fragment_index: 0, total_n_fragments: 1, length: 58, data: [123, 34, 84, 121, 112, 101, 82, 101, 115, 112, 111, 110, 115, 101, 34, 58, 123, 34, 101, 100, 103, 101, 95, 116, 121, 112, 101, 34, 58, 123, 34, 83, 101, 114, 118, 101, 114, 34, 58, 34, 67, 104, 97, 116, 34, 125, 44, 34, 102, 114, 111, 109, 34, 58, 49, 56, 125, 125, 0, 0, 0, 0, 0, 0, 0, 0, 0, 0, 0, 0, 0, 0, 0, 0, 0, 0, 0, 0, 0, 0, 0, 0, 0, 0, 0, 0, 0, 0, 0, 0, 0, 0, 0, 0, 0, 0, 0, 0, 0, 0, 0, 0, 0, 0, 0, 0, 0, 0, 0, 0, 0, 0, 0, 0, 0, 0, 0, 0, 0, 0, 0, 0, 0, 0, 0, 0, 0, 0] }) }
2025-02-10 20:38:49 [INFO] [rustastic_drone::drone] [32m✓[0m [ Drone 3 ]: has received the packet Packet { routing_header: SourceRoutingHeader { hop_index: 2, hops: [11, 6, 3, 17] }, session_id: 20, pack_type: Ack(Ack { fragment_index: 0 }) }
2025-02-10 20:38:49 [INFO] [rustastic_drone::drone] [32m✓[0m Packet with [ session_id: 20 ] is being handled from [ Drone 3 ]
2025-02-10 20:38:49 [INFO] [rustastic_drone::drone] [34mi[0m [ Drone 3 ]: received a Ack(0)
2025-02-10 20:38:49 [INFO] [rustastic_drone::drone] [32m✓[0m [ Drone 3 ]: was sent a Ack(0) packet to [ Drone 17 ]
2025-02-10 20:38:49 [INFO] [rustastic_drone::drone] [32m✓[0m [ Drone 3 ]: has received the packet Packet { routing_header: SourceRoutingHeader { hop_index: 2, hops: [11, 6, 3, 15] }, session_id: 20, pack_type: Ack(Ack { fragment_index: 0 }) }
2025-02-10 20:38:49 [INFO] [rustastic_drone::drone] [32m✓[0m Packet with [ session_id: 20 ] is being handled from [ Drone 3 ]
2025-02-10 20:38:49 [INFO] [rustastic_drone::drone] [34mi[0m [ Drone 3 ]: received a Ack(0)
2025-02-10 20:38:49 [INFO] [rustastic_drone::drone] [32m✓[0m [ Drone 3 ]: was sent a Ack(0) packet to [ Drone 15 ]
2025-02-10 20:38:49 [INFO] [rustastic_drone::drone] [32m✓[0m [ Drone 3 ]: has received the packet Packet { routing_header: SourceRoutingHeader { hop_index: 2, hops: [11, 6, 3, 10] }, session_id: 47, pack_type: Ack(Ack { fragment_index: 0 }) }
2025-02-10 20:38:49 [INFO] [rustastic_drone::drone] [32m✓[0m Packet with [ session_id: 47 ] is being handled from [ Drone 3 ]
2025-02-10 20:38:49 [INFO] [rustastic_drone::drone] [34mi[0m [ Drone 3 ]: received a Ack(0)
2025-02-10 20:38:49 [INFO] [rustastic_drone::drone] [32m✓[0m [ Drone 3 ]: was sent a Ack(0) packet to [ Drone 10 ]
2025-02-10 20:38:49 [INFO] [rustastic_drone::drone] [32m✓[0m [ Drone 3 ]: has received the packet Packet { routing_header: SourceRoutingHeader { hop_index: 3, hops: [0, 8, 15, 3, 12] }, session_id: 14, pack_type: Ack(Ack { fragment_index: 0 }) }
2025-02-10 20:38:49 [INFO] [rustastic_drone::drone] [32m✓[0m Packet with [ session_id: 14 ] is being handled from [ Drone 3 ]
2025-02-10 20:38:49 [INFO] [rust_do_it::drone] Drone 4 received packet Packet { routing_header: SourceRoutingHeader { hop_index: 2, hops: [0, 1, 4, 7, 10] }, session_id: 57, pack_type: Ack(Ack { fragment_index: 0 }) }
2025-02-10 20:38:49 [INFO] [rustastic_drone::drone] [34mi[0m [ Drone 3 ]: received a Ack(0)
2025-02-10 20:38:49 [INFO] [getdroned::get_droned] Drone 7 received a packet: Packet { routing_header: SourceRoutingHeader { hop_index: 3, hops: [0, 1, 4, 7, 10] }, session_id: 57, pack_type: Ack(Ack { fragment_index: 0 }) }
2025-02-10 20:38:49 [INFO] [rustastic_drone::drone] [32m✓[0m [ Drone 3 ]: was sent a Ack(0) packet to [ Drone 12 ]
2025-02-10 20:38:49 [INFO] [rustastic_drone::drone] [32m✓[0m [ Drone 3 ]: has received the packet Packet { routing_header: SourceRoutingHeader { hop_index: 3, hops: [16, 7, 10, 3, 6, 11] }, session_id: 18, pack_type: MsgFragment(Fragment { fragment_index: 0, total_n_fragments: 1, length: 71, data: [123, 34, 84, 121, 112, 101, 82, 101, 115, 112, 111, 110, 115, 101, 34, 58, 123, 34, 101, 100, 103, 101, 95, 116, 121, 112, 101, 34, 58, 123, 34, 83, 101, 114, 118, 101, 114, 34, 58, 123, 34, 67, 111, 110, 116, 101, 110, 116, 34, 58, 34, 77, 101, 100, 105, 97, 34, 125, 125, 44, 34, 102, 114, 111, 109, 34, 58, 49, 54, 125, 125, 0, 0, 0, 0, 0, 0, 0, 0, 0, 0, 0, 0, 0, 0, 0, 0, 0, 0, 0, 0, 0, 0, 0, 0, 0, 0, 0, 0, 0, 0, 0, 0, 0, 0, 0, 0, 0, 0, 0, 0, 0, 0, 0, 0, 0, 0, 0, 0, 0, 0, 0, 0, 0, 0, 0, 0, 0] }) }
2025-02-10 20:38:49 [INFO] [rustastic_drone::drone] [32m✓[0m Packet with [ session_id: 18 ] is being handled from [ Drone 3 ]
2025-02-10 20:38:49 [INFO] [rustastic_drone::drone] [32m✓[0m [ Drone 3 ]: forwarded the the fragment [ fragment_index: 0 ] of the Packet [ session_id: 18 ]
2025-02-10 20:38:49 [WARN] [rustastic_drone::drone] └─>[33m!!![0m Fragment was added to the [ Drone 3 ] buffer
2025-02-10 20:38:49 [INFO] [rustastic_drone::drone] [32m✓[0m [ Drone 3 ]: was sent a Fragment { index: 1 out of 1, data: 0x7b2254797065526573706f6e7365223a7b226564... + other 51 bytes } packet to [ Drone 6 ]
2025-02-10 20:38:49 [INFO] [rustastic_drone::drone] [32m✓[0m [ Drone 3 ]: has received the packet Packet { routing_header: SourceRoutingHeader { hop_index: 3, hops: [18, 7, 10, 3, 6, 11] }, session_id: 21, pack_type: MsgFragment(Fragment { fragment_index: 0, total_n_fragments: 1, length: 58, data: [123, 34, 84, 121, 112, 101, 82, 101, 115, 112, 111, 110, 115, 101, 34, 58, 123, 34, 101, 100, 103, 101, 95, 116, 121, 112, 101, 34, 58, 123, 34, 83, 101, 114, 118, 101, 114, 34, 58, 34, 67, 104, 97, 116, 34, 125, 44, 34, 102, 114, 111, 109, 34, 58, 49, 56, 125, 125, 0, 0, 0, 0, 0, 0, 0, 0, 0, 0, 0, 0, 0, 0, 0, 0, 0, 0, 0, 0, 0, 0, 0, 0, 0, 0, 0, 0, 0, 0, 0, 0, 0, 0, 0, 0, 0, 0, 0, 0, 0, 0, 0, 0, 0, 0, 0, 0, 0, 0, 0, 0, 0, 0, 0, 0, 0, 0, 0, 0, 0, 0, 0, 0, 0, 0, 0, 0, 0, 0] }) }
2025-02-10 20:38:49 [INFO] [rustastic_drone::drone] [32m✓[0m Packet with [ session_id: 21 ] is being handled from [ Drone 3 ]
2025-02-10 20:38:49 [INFO] [rustastic_drone::drone] [32m✓[0m [ Drone 3 ]: forwarded the the fragment [ fragment_index: 0 ] of the Packet [ session_id: 21 ]
2025-02-10 20:38:49 [WARN] [rustastic_drone::drone] └─>[33m!!![0m Fragment was added to the [ Drone 3 ] buffer
2025-02-10 20:38:49 [INFO] [rustastic_drone::drone] [32m✓[0m [ Drone 3 ]: was sent a Fragment { index: 1 out of 1, data: 0x7b2254797065526573706f6e7365223a7b226564... + other 38 bytes } packet to [ Drone 6 ]
2025-02-10 20:38:49 [INFO] [rustastic_drone::drone] [32m✓[0m [ Drone 3 ]: has received the packet Packet { routing_header: SourceRoutingHeader { hop_index: 2, hops: [11, 6, 3, 10, 7, 16] }, session_id: 18, pack_type: Ack(Ack { fragment_index: 0 }) }
2025-02-10 20:38:49 [INFO] [rustastic_drone::drone] [32m✓[0m Packet with [ session_id: 18 ] is being handled from [ Drone 3 ]
2025-02-10 20:38:49 [INFO] [rustastic_drone::drone] [34mi[0m [ Drone 3 ]: received a Ack(0)
2025-02-10 20:38:49 [INFO] [rustastic_drone::drone] [32m✓[0m [ Drone 3 ]: was sent a Ack(0) packet to [ Drone 10 ]
2025-02-10 20:38:49 [INFO] [rustastic_drone::drone] [32m✓[0m [ Drone 3 ]: has received the packet Packet { routing_header: SourceRoutingHeader { hop_index: 2, hops: [11, 6, 3, 10, 7, 18] }, session_id: 21, pack_type: Ack(Ack { fragment_index: 0 }) }
2025-02-10 20:38:49 [INFO] [rustastic_drone::drone] [32m✓[0m Packet with [ session_id: 21 ] is being handled from [ Drone 3 ]
2025-02-10 20:38:49 [INFO] [rustastic_drone::drone] [34mi[0m [ Drone 3 ]: received a Ack(0)
2025-02-10 20:38:49 [INFO] [rustastic_drone::drone] [32m✓[0m [ Drone 3 ]: was sent a Ack(0) packet to [ Drone 10 ]
2025-02-10 20:38:49 [INFO] [getdroned::get_droned] Drone 7 received a packet: Packet { routing_header: SourceRoutingHeader { hop_index: 4, hops: [11, 6, 3, 10, 7, 16] }, session_id: 18, pack_type: Ack(Ack { fragment_index: 0 }) }
2025-02-10 20:38:49 [INFO] [getdroned::get_droned] Drone 7 received a packet: Packet { routing_header: SourceRoutingHeader { hop_index: 4, hops: [11, 6, 3, 10, 7, 18] }, session_id: 21, pack_type: Ack(Ack { fragment_index: 0 }) }
2025-02-10 20:38:49 [INFO] [rustastic_drone::drone] [32m✓[0m [ Drone 3 ]: has received the packet Packet { routing_header: SourceRoutingHeader { hop_index: 1, hops: [12, 3, 17] }, session_id: 18, pack_type: MsgFragment(Fragment { fragment_index: 0, total_n_fragments: 1, length: 27, data: [123, 34, 84, 121, 112, 101, 82, 101, 113, 117, 101, 115, 116, 34, 58, 123, 34, 102, 114, 111, 109, 34, 58, 49, 50, 125, 125, 0, 0, 0, 0, 0, 0, 0, 0, 0, 0, 0, 0, 0, 0, 0, 0, 0, 0, 0, 0, 0, 0, 0, 0, 0, 0, 0, 0, 0, 0, 0, 0, 0, 0, 0, 0, 0, 0, 0, 0, 0, 0, 0, 0, 0, 0, 0, 0, 0, 0, 0, 0, 0, 0, 0, 0, 0, 0, 0, 0, 0, 0, 0, 0, 0, 0, 0, 0, 0, 0, 0, 0, 0, 0, 0, 0, 0, 0, 0, 0, 0, 0, 0, 0, 0, 0, 0, 0, 0, 0, 0, 0, 0, 0, 0, 0, 0, 0, 0, 0, 0] }) }
2025-02-10 20:38:49 [INFO] [rustastic_drone::drone] [32m✓[0m Packet with [ session_id: 18 ] is being handled from [ Drone 3 ]
2025-02-10 20:38:49 [INFO] [rustastic_drone::drone] [32m✓[0m [ Drone 3 ]: forwarded the the fragment [ fragment_index: 0 ] of the Packet [ session_id: 18 ]
2025-02-10 20:38:49 [WARN] [rustastic_drone::drone] └─>[33m!!![0m Fragment was added to the [ Drone 3 ] buffer
2025-02-10 20:38:49 [INFO] [rustastic_drone::drone] [32m✓[0m [ Drone 3 ]: was sent a Fragment { index: 1 out of 1, data: 0x7b225479706552657175657374223a7b2266726f... + other 7 bytes } packet to [ Drone 17 ]
2025-02-10 20:38:49 [INFO] [rustastic_drone::drone] [32m✓[0m [ Drone 3 ]: has received the packet Packet { routing_header: SourceRoutingHeader { hop_index: 1, hops: [17, 3, 12] }, session_id: 18, pack_type: Ack(Ack { fragment_index: 0 }) }
2025-02-10 20:38:49 [INFO] [rustastic_drone::drone] [32m✓[0m Packet with [ session_id: 18 ] is being handled from [ Drone 3 ]
2025-02-10 20:38:49 [INFO] [rustastic_drone::drone] [34mi[0m [ Drone 3 ]: received a Ack(0)
2025-02-10 20:38:49 [INFO] [rustastic_drone::drone] [32m✓[0m [ Drone 3 ]: was sent a Ack(0) packet to [ Drone 12 ]
2025-02-10 20:38:49 [INFO] [rustastic_drone::drone] [32m✓[0m [ Drone 3 ]: has received the packet Packet { routing_header: SourceRoutingHeader { hop_index: 1, hops: [12, 3, 17] }, session_id: 38, pack_type: MsgFragment(Fragment { fragment_index: 0, total_n_fragments: 1, length: 64, data: [123, 34, 84, 121, 112, 101, 82, 101, 115, 112, 111, 110, 115, 101, 34, 58, 123, 34, 101, 100, 103, 101, 95, 116, 121, 112, 101, 34, 58, 123, 34, 67, 108, 105, 101, 110, 116, 34, 58, 34, 87, 101, 98, 66, 114, 111, 119, 115, 101, 114, 34, 125, 44, 34, 102, 114, 111, 109, 34, 58, 49, 50, 125, 125, 0, 0, 0, 0, 0, 0, 0, 0, 0, 0, 0, 0, 0, 0, 0, 0, 0, 0, 0, 0, 0, 0, 0, 0, 0, 0, 0, 0, 0, 0, 0, 0, 0, 0, 0, 0, 0, 0, 0, 0, 0, 0, 0, 0, 0, 0, 0, 0, 0, 0, 0, 0, 0, 0, 0, 0, 0, 0, 0, 0, 0, 0, 0, 0] }) }
2025-02-10 20:38:49 [INFO] [rustastic_drone::drone] [32m✓[0m Packet with [ session_id: 38 ] is being handled from [ Drone 3 ]
2025-02-10 20:38:49 [INFO] [rustastic_drone::drone] [32m✓[0m [ Drone 3 ]: forwarded the the fragment [ fragment_index: 0 ] of the Packet [ session_id: 38 ]
2025-02-10 20:38:49 [WARN] [rustastic_drone::drone] └─>[33m!!![0m Fragment was added to the [ Drone 3 ] buffer
2025-02-10 20:38:49 [INFO] [rustastic_drone::drone] [32m✓[0m [ Drone 3 ]: was sent a Fragment { index: 1 out of 1, data: 0x7b2254797065526573706f6e7365223a7b226564... + other 44 bytes } packet to [ Drone 17 ]
2025-02-10 20:38:49 [INFO] [rustastic_drone::drone] [32m✓[0m [ Drone 3 ]: has received the packet Packet { routing_header: SourceRoutingHeader { hop_index: 1, hops: [17, 3, 12] }, session_id: 21, pack_type: MsgFragment(Fragment { fragment_index: 0, total_n_fragments: 1, length: 71, data: [123, 34, 84, 121, 112, 101, 82, 101, 115, 112, 111, 110, 115, 101, 34, 58, 123, 34, 101, 100, 103, 101, 95, 116, 121, 112, 101, 34, 58, 123, 34, 83, 101, 114, 118, 101, 114, 34, 58, 123, 34, 67, 111, 110, 116, 101, 110, 116, 34, 58, 34, 77, 101, 100, 105, 97, 34, 125, 125, 44, 34, 102, 114, 111, 109, 34, 58, 49, 55, 125, 125, 0, 0, 0, 0, 0, 0, 0, 0, 0, 0, 0, 0, 0, 0, 0, 0, 0, 0, 0, 0, 0, 0, 0, 0, 0, 0, 0, 0, 0, 0, 0, 0, 0, 0, 0, 0, 0, 0, 0, 0, 0, 0, 0, 0, 0, 0, 0, 0, 0, 0, 0, 0, 0, 0, 0, 0, 0] }) }
2025-02-10 20:38:49 [INFO] [rustastic_drone::drone] [32m✓[0m Packet with [ session_id: 21 ] is being handled from [ Drone 3 ]
2025-02-10 20:38:49 [INFO] [rustastic_drone::drone] [32m✓[0m [ Drone 3 ]: forwarded the the fragment [ fragment_index: 0 ] of the Packet [ session_id: 21 ]
2025-02-10 20:38:49 [WARN] [rustastic_drone::drone] └─>[33m!!![0m Fragment was added to the [ Drone 3 ] buffer
2025-02-10 20:38:49 [INFO] [rustastic_drone::drone] [32m✓[0m [ Drone 3 ]: was sent a Fragment { index: 1 out of 1, data: 0x7b2254797065526573706f6e7365223a7b226564... + other 51 bytes } packet to [ Drone 12 ]
2025-02-10 20:38:49 [INFO] [rustastic_drone::drone] [32m✓[0m [ Drone 3 ]: has received the packet Packet { routing_header: SourceRoutingHeader { hop_index: 1, hops: [17, 3, 12] }, session_id: 38, pack_type: Ack(Ack { fragment_index: 0 }) }
2025-02-10 20:38:49 [INFO] [rustastic_drone::drone] [32m✓[0m Packet with [ session_id: 38 ] is being handled from [ Drone 3 ]
2025-02-10 20:38:49 [INFO] [rustastic_drone::drone] [34mi[0m [ Drone 3 ]: received a Ack(0)
2025-02-10 20:38:49 [INFO] [rustastic_drone::drone] [32m✓[0m [ Drone 3 ]: was sent a Ack(0) packet to [ Drone 12 ]
2025-02-10 20:38:49 [INFO] [rustastic_drone::drone] [32m✓[0m [ Drone 3 ]: has received the packet Packet { routing_header: SourceRoutingHeader { hop_index: 1, hops: [12, 3, 17] }, session_id: 21, pack_type: Ack(Ack { fragment_index: 0 }) }
2025-02-10 20:38:49 [INFO] [rustastic_drone::drone] [32m✓[0m Packet with [ session_id: 21 ] is being handled from [ Drone 3 ]
2025-02-10 20:38:49 [INFO] [rustastic_drone::drone] [34mi[0m [ Drone 3 ]: received a Ack(0)
2025-02-10 20:38:49 [INFO] [rustastic_drone::drone] [32m✓[0m [ Drone 3 ]: was sent a Ack(0) packet to [ Drone 17 ]
2025-02-10 20:39:12 [INFO] [rustastic_drone::drone] [32m✓[0m [ Drone 3 ]: has received the packet Packet { routing_header: SourceRoutingHeader { hop_index: 2, hops: [9, 6, 3, 10, 7, 18] }, session_id: 19, pack_type: MsgFragment(Fragment { fragment_index: 0, total_n_fragments: 1, length: 14, data: [123, 34, 82, 101, 103, 105, 115, 116, 101, 114, 34, 58, 57, 125, 0, 0, 0, 0, 0, 0, 0, 0, 0, 0, 0, 0, 0, 0, 0, 0, 0, 0, 0, 0, 0, 0, 0, 0, 0, 0, 0, 0, 0, 0, 0, 0, 0, 0, 0, 0, 0, 0, 0, 0, 0, 0, 0, 0, 0, 0, 0, 0, 0, 0, 0, 0, 0, 0, 0, 0, 0, 0, 0, 0, 0, 0, 0, 0, 0, 0, 0, 0, 0, 0, 0, 0, 0, 0, 0, 0, 0, 0, 0, 0, 0, 0, 0, 0, 0, 0, 0, 0, 0, 0, 0, 0, 0, 0, 0, 0, 0, 0, 0, 0, 0, 0, 0, 0, 0, 0, 0, 0, 0, 0, 0, 0, 0, 0] }) }
2025-02-10 20:39:12 [INFO] [rustastic_drone::drone] [32m✓[0m Packet with [ session_id: 19 ] is being handled from [ Drone 3 ]
2025-02-10 20:39:12 [INFO] [rustastic_drone::drone] [32m✓[0m [ Drone 3 ]: forwarded the the fragment [ fragment_index: 0 ] of the Packet [ session_id: 19 ]
2025-02-10 20:39:12 [WARN] [rustastic_drone::drone] └─>[33m!!![0m Fragment was added to the [ Drone 3 ] buffer
2025-02-10 20:39:12 [INFO] [rustastic_drone::drone] [32m✓[0m [ Drone 3 ]: was sent a Fragment { index: 1 out of 1, data: 0x7b225265676973746572223a397d } packet to [ Drone 10 ]
2025-02-10 20:39:12 [INFO] [getdroned::get_droned] Drone 7 received a packet: Packet { routing_header: SourceRoutingHeader { hop_index: 4, hops: [9, 6, 3, 10, 7, 18] }, session_id: 19, pack_type: MsgFragment(Fragment { fragment_index: 0, total_n_fragments: 1, length: 14, data: [123, 34, 82, 101, 103, 105, 115, 116, 101, 114, 34, 58, 57, 125, 0, 0, 0, 0, 0, 0, 0, 0, 0, 0, 0, 0, 0, 0, 0, 0, 0, 0, 0, 0, 0, 0, 0, 0, 0, 0, 0, 0, 0, 0, 0, 0, 0, 0, 0, 0, 0, 0, 0, 0, 0, 0, 0, 0, 0, 0, 0, 0, 0, 0, 0, 0, 0, 0, 0, 0, 0, 0, 0, 0, 0, 0, 0, 0, 0, 0, 0, 0, 0, 0, 0, 0, 0, 0, 0, 0, 0, 0, 0, 0, 0, 0, 0, 0, 0, 0, 0, 0, 0, 0, 0, 0, 0, 0, 0, 0, 0, 0, 0, 0, 0, 0, 0, 0, 0, 0, 0, 0, 0, 0, 0, 0, 0, 0] }) }
2025-02-10 20:39:12 [INFO] [getdroned::get_droned] Drone 7 received a packet: Packet { routing_header: SourceRoutingHeader { hop_index: 1, hops: [18, 7, 10, 3, 6, 9] }, session_id: 19, pack_type: Ack(Ack { fragment_index: 0 }) }
2025-02-10 20:39:12 [INFO] [getdroned::get_droned] Drone 7 received a packet: Packet { routing_header: SourceRoutingHeader { hop_index: 1, hops: [18, 7, 10, 3, 6, 9] }, session_id: 22, pack_type: MsgFragment(Fragment { fragment_index: 0, total_n_fragments: 1, length: 17, data: [123, 34, 67, 108, 105, 101, 110, 116, 76, 105, 115, 116, 34, 58, 91, 93, 125, 0, 0, 0, 0, 0, 0, 0, 0, 0, 0, 0, 0, 0, 0, 0, 0, 0, 0, 0, 0, 0, 0, 0, 0, 0, 0, 0, 0, 0, 0, 0, 0, 0, 0, 0, 0, 0, 0, 0, 0, 0, 0, 0, 0, 0, 0, 0, 0, 0, 0, 0, 0, 0, 0, 0, 0, 0, 0, 0, 0, 0, 0, 0, 0, 0, 0, 0, 0, 0, 0, 0, 0, 0, 0, 0, 0, 0, 0, 0, 0, 0, 0, 0, 0, 0, 0, 0, 0, 0, 0, 0, 0, 0, 0, 0, 0, 0, 0, 0, 0, 0, 0, 0, 0, 0, 0, 0, 0, 0, 0, 0] }) }
2025-02-10 20:39:12 [INFO] [rustastic_drone::drone] [32m✓[0m [ Drone 3 ]: has received the packet Packet { routing_header: SourceRoutingHeader { hop_index: 3, hops: [18, 7, 10, 3, 6, 9] }, session_id: 19, pack_type: Ack(Ack { fragment_index: 0 }) }
2025-02-10 20:39:12 [INFO] [rustastic_drone::drone] [32m✓[0m Packet with [ session_id: 19 ] is being handled from [ Drone 3 ]
2025-02-10 20:39:12 [INFO] [rustastic_drone::drone] [34mi[0m [ Drone 3 ]: received a Ack(0)
2025-02-10 20:39:12 [INFO] [rustastic_drone::drone] [32m✓[0m [ Drone 3 ]: was sent a Ack(0) packet to [ Drone 6 ]
2025-02-10 20:39:12 [INFO] [rustastic_drone::drone] [32m✓[0m [ Drone 3 ]: has received the packet Packet { routing_header: SourceRoutingHeader { hop_index: 3, hops: [18, 7, 10, 3, 6, 9] }, session_id: 22, pack_type: MsgFragment(Fragment { fragment_index: 0, total_n_fragments: 1, length: 17, data: [123, 34, 67, 108, 105, 101, 110, 116, 76, 105, 115, 116, 34, 58, 91, 93, 125, 0, 0, 0, 0, 0, 0, 0, 0, 0, 0, 0, 0, 0, 0, 0, 0, 0, 0, 0, 0, 0, 0, 0, 0, 0, 0, 0, 0, 0, 0, 0, 0, 0, 0, 0, 0, 0, 0, 0, 0, 0, 0, 0, 0, 0, 0, 0, 0, 0, 0, 0, 0, 0, 0, 0, 0, 0, 0, 0, 0, 0, 0, 0, 0, 0, 0, 0, 0, 0, 0, 0, 0, 0, 0, 0, 0, 0, 0, 0, 0, 0, 0, 0, 0, 0, 0, 0, 0, 0, 0, 0, 0, 0, 0, 0, 0, 0, 0, 0, 0, 0, 0, 0, 0, 0, 0, 0, 0, 0, 0, 0] }) }
2025-02-10 20:39:12 [INFO] [rustastic_drone::drone] [32m✓[0m Packet with [ session_id: 22 ] is being handled from [ Drone 3 ]
2025-02-10 20:39:12 [INFO] [rustastic_drone::drone] [32m✓[0m [ Drone 3 ]: forwarded the the fragment [ fragment_index: 0 ] of the Packet [ session_id: 22 ]
2025-02-10 20:39:12 [WARN] [rustastic_drone::drone] └─>[33m!!![0m Fragment was added to the [ Drone 3 ] buffer
2025-02-10 20:39:12 [INFO] [rustastic_drone::drone] [32m✓[0m [ Drone 3 ]: was sent a Fragment { index: 1 out of 1, data: 0x7b22436c69656e744c697374223a5b5d7d } packet to [ Drone 6 ]
2025-02-10 20:39:12 [INFO] [rustastic_drone::drone] [32m✓[0m [ Drone 3 ]: has received the packet Packet { routing_header: SourceRoutingHeader { hop_index: 2, hops: [9, 6, 3, 10, 7, 18] }, session_id: 22, pack_type: Ack(Ack { fragment_index: 0 }) }
2025-02-10 20:39:12 [INFO] [rustastic_drone::drone] [32m✓[0m Packet with [ session_id: 22 ] is being handled from [ Drone 3 ]
2025-02-10 20:39:12 [INFO] [rustastic_drone::drone] [34mi[0m [ Drone 3 ]: received a Ack(0)
2025-02-10 20:39:12 [INFO] [rustastic_drone::drone] [32m✓[0m [ Drone 3 ]: was sent a Ack(0) packet to [ Drone 10 ]
2025-02-10 20:39:12 [INFO] [getdroned::get_droned] Drone 7 received a packet: Packet { routing_header: SourceRoutingHeader { hop_index: 4, hops: [9, 6, 3, 10, 7, 18] }, session_id: 22, pack_type: Ack(Ack { fragment_index: 0 }) }
2025-02-10 20:39:15 [INFO] [rust_do_it::drone] Drone 4 received packet Packet { routing_header: SourceRoutingHeader { hop_index: 2, hops: [0, 1, 4, 18] }, session_id: 49, pack_type: MsgFragment(Fragment { fragment_index: 0, total_n_fragments: 1, length: 14, data: [123, 34, 82, 101, 103, 105, 115, 116, 101, 114, 34, 58, 48, 125, 0, 0, 0, 0, 0, 0, 0, 0, 0, 0, 0, 0, 0, 0, 0, 0, 0, 0, 0, 0, 0, 0, 0, 0, 0, 0, 0, 0, 0, 0, 0, 0, 0, 0, 0, 0, 0, 0, 0, 0, 0, 0, 0, 0, 0, 0, 0, 0, 0, 0, 0, 0, 0, 0, 0, 0, 0, 0, 0, 0, 0, 0, 0, 0, 0, 0, 0, 0, 0, 0, 0, 0, 0, 0, 0, 0, 0, 0, 0, 0, 0, 0, 0, 0, 0, 0, 0, 0, 0, 0, 0, 0, 0, 0, 0, 0, 0, 0, 0, 0, 0, 0, 0, 0, 0, 0, 0, 0, 0, 0, 0, 0, 0, 0] }) }
2025-02-10 20:39:15 [INFO] [rust_do_it::drone] Drone 4 received packet Packet { routing_header: SourceRoutingHeader { hop_index: 1, hops: [18, 4, 1, 0] }, session_id: 49, pack_type: Ack(Ack { fragment_index: 0 }) }
2025-02-10 20:39:15 [INFO] [getdroned::get_droned] Drone 7 received a packet: Packet { routing_header: SourceRoutingHeader { hop_index: 1, hops: [18, 7, 10, 3, 6, 9] }, session_id: 23, pack_type: MsgFragment(Fragment { fragment_index: 0, total_n_fragments: 1, length: 18, data: [123, 34, 67, 108, 105, 101, 110, 116, 76, 105, 115, 116, 34, 58, 91, 48, 93, 125, 0, 0, 0, 0, 0, 0, 0, 0, 0, 0, 0, 0, 0, 0, 0, 0, 0, 0, 0, 0, 0, 0, 0, 0, 0, 0, 0, 0, 0, 0, 0, 0, 0, 0, 0, 0, 0, 0, 0, 0, 0, 0, 0, 0, 0, 0, 0, 0, 0, 0, 0, 0, 0, 0, 0, 0, 0, 0, 0, 0, 0, 0, 0, 0, 0, 0, 0, 0, 0, 0, 0, 0, 0, 0, 0, 0, 0, 0, 0, 0, 0, 0, 0, 0, 0, 0, 0, 0, 0, 0, 0, 0, 0, 0, 0, 0, 0, 0, 0, 0, 0, 0, 0, 0, 0, 0, 0, 0, 0, 0] }) }
2025-02-10 20:39:15 [INFO] [rustastic_drone::drone] [32m✓[0m [ Drone 3 ]: has received the packet Packet { routing_header: SourceRoutingHeader { hop_index: 3, hops: [18, 7, 10, 3, 6, 9] }, session_id: 23, pack_type: MsgFragment(Fragment { fragment_index: 0, total_n_fragments: 1, length: 18, data: [123, 34, 67, 108, 105, 101, 110, 116, 76, 105, 115, 116, 34, 58, 91, 48, 93, 125, 0, 0, 0, 0, 0, 0, 0, 0, 0, 0, 0, 0, 0, 0, 0, 0, 0, 0, 0, 0, 0, 0, 0, 0, 0, 0, 0, 0, 0, 0, 0, 0, 0, 0, 0, 0, 0, 0, 0, 0, 0, 0, 0, 0, 0, 0, 0, 0, 0, 0, 0, 0, 0, 0, 0, 0, 0, 0, 0, 0, 0, 0, 0, 0, 0, 0, 0, 0, 0, 0, 0, 0, 0, 0, 0, 0, 0, 0, 0, 0, 0, 0, 0, 0, 0, 0, 0, 0, 0, 0, 0, 0, 0, 0, 0, 0, 0, 0, 0, 0, 0, 0, 0, 0, 0, 0, 0, 0, 0, 0] }) }
2025-02-10 20:39:15 [INFO] [rustastic_drone::drone] [32m✓[0m Packet with [ session_id: 23 ] is being handled from [ Drone 3 ]
2025-02-10 20:39:15 [INFO] [rustastic_drone::drone] [32m✓[0m [ Drone 3 ]: forwarded the the fragment [ fragment_index: 0 ] of the Packet [ session_id: 23 ]
2025-02-10 20:39:15 [WARN] [rustastic_drone::drone] └─>[33m!!![0m Fragment was added to the [ Drone 3 ] buffer
2025-02-10 20:39:15 [INFO] [rustastic_drone::drone] [32m✓[0m [ Drone 3 ]: was sent a Fragment { index: 1 out of 1, data: 0x7b22436c69656e744c697374223a5b305d7d } packet to [ Drone 6 ]
2025-02-10 20:39:15 [INFO] [rustastic_drone::drone] [32m✓[0m [ Drone 3 ]: has received the packet Packet { routing_header: SourceRoutingHeader { hop_index: 2, hops: [9, 6, 3, 10, 7, 18] }, session_id: 23, pack_type: Ack(Ack { fragment_index: 0 }) }
2025-02-10 20:39:15 [INFO] [rustastic_drone::drone] [32m✓[0m Packet with [ session_id: 23 ] is being handled from [ Drone 3 ]
2025-02-10 20:39:15 [INFO] [rustastic_drone::drone] [34mi[0m [ Drone 3 ]: received a Ack(0)
2025-02-10 20:39:15 [INFO] [rustastic_drone::drone] [32m✓[0m [ Drone 3 ]: was sent a Ack(0) packet to [ Drone 10 ]
2025-02-10 20:39:15 [INFO] [getdroned::get_droned] Drone 7 received a packet: Packet { routing_header: SourceRoutingHeader { hop_index: 4, hops: [9, 6, 3, 10, 7, 18] }, session_id: 23, pack_type: Ack(Ack { fragment_index: 0 }) }
2025-02-10 20:39:29 [INFO] [rust_do_it::drone] Drone 4 received packet Packet { routing_header: SourceRoutingHeader { hop_index: 2, hops: [0, 1, 4, 18] }, session_id: 24, pack_type: MsgFragment(Fragment { fragment_index: 0, total_n_fragments: 1, length: 14, data: [123, 34, 82, 101, 103, 105, 115, 116, 101, 114, 34, 58, 48, 125, 0, 0, 0, 0, 0, 0, 0, 0, 0, 0, 0, 0, 0, 0, 0, 0, 0, 0, 0, 0, 0, 0, 0, 0, 0, 0, 0, 0, 0, 0, 0, 0, 0, 0, 0, 0, 0, 0, 0, 0, 0, 0, 0, 0, 0, 0, 0, 0, 0, 0, 0, 0, 0, 0, 0, 0, 0, 0, 0, 0, 0, 0, 0, 0, 0, 0, 0, 0, 0, 0, 0, 0, 0, 0, 0, 0, 0, 0, 0, 0, 0, 0, 0, 0, 0, 0, 0, 0, 0, 0, 0, 0, 0, 0, 0, 0, 0, 0, 0, 0, 0, 0, 0, 0, 0, 0, 0, 0, 0, 0, 0, 0, 0, 0] }) }
2025-02-10 20:39:29 [INFO] [rust_do_it::drone] Drone 4 received packet Packet { routing_header: SourceRoutingHeader { hop_index: 1, hops: [18, 4, 1, 0] }, session_id: 24, pack_type: Ack(Ack { fragment_index: 0 }) }
2025-02-10 20:39:29 [INFO] [getdroned::get_droned] Drone 7 received a packet: Packet { routing_header: SourceRoutingHeader { hop_index: 1, hops: [18, 7, 10, 3, 6, 9] }, session_id: 25, pack_type: MsgFragment(Fragment { fragment_index: 0, total_n_fragments: 1, length: 18, data: [123, 34, 67, 108, 105, 101, 110, 116, 76, 105, 115, 116, 34, 58, 91, 48, 93, 125, 0, 0, 0, 0, 0, 0, 0, 0, 0, 0, 0, 0, 0, 0, 0, 0, 0, 0, 0, 0, 0, 0, 0, 0, 0, 0, 0, 0, 0, 0, 0, 0, 0, 0, 0, 0, 0, 0, 0, 0, 0, 0, 0, 0, 0, 0, 0, 0, 0, 0, 0, 0, 0, 0, 0, 0, 0, 0, 0, 0, 0, 0, 0, 0, 0, 0, 0, 0, 0, 0, 0, 0, 0, 0, 0, 0, 0, 0, 0, 0, 0, 0, 0, 0, 0, 0, 0, 0, 0, 0, 0, 0, 0, 0, 0, 0, 0, 0, 0, 0, 0, 0, 0, 0, 0, 0, 0, 0, 0, 0] }) }
2025-02-10 20:39:29 [INFO] [rustastic_drone::drone] [32m✓[0m [ Drone 3 ]: has received the packet Packet { routing_header: SourceRoutingHeader { hop_index: 3, hops: [18, 7, 10, 3, 6, 9] }, session_id: 25, pack_type: MsgFragment(Fragment { fragment_index: 0, total_n_fragments: 1, length: 18, data: [123, 34, 67, 108, 105, 101, 110, 116, 76, 105, 115, 116, 34, 58, 91, 48, 93, 125, 0, 0, 0, 0, 0, 0, 0, 0, 0, 0, 0, 0, 0, 0, 0, 0, 0, 0, 0, 0, 0, 0, 0, 0, 0, 0, 0, 0, 0, 0, 0, 0, 0, 0, 0, 0, 0, 0, 0, 0, 0, 0, 0, 0, 0, 0, 0, 0, 0, 0, 0, 0, 0, 0, 0, 0, 0, 0, 0, 0, 0, 0, 0, 0, 0, 0, 0, 0, 0, 0, 0, 0, 0, 0, 0, 0, 0, 0, 0, 0, 0, 0, 0, 0, 0, 0, 0, 0, 0, 0, 0, 0, 0, 0, 0, 0, 0, 0, 0, 0, 0, 0, 0, 0, 0, 0, 0, 0, 0, 0] }) }
2025-02-10 20:39:29 [INFO] [rustastic_drone::drone] [32m✓[0m Packet with [ session_id: 25 ] is being handled from [ Drone 3 ]
2025-02-10 20:39:29 [INFO] [rustastic_drone::drone] [32m✓[0m [ Drone 3 ]: forwarded the the fragment [ fragment_index: 0 ] of the Packet [ session_id: 25 ]
2025-02-10 20:39:29 [WARN] [rustastic_drone::drone] └─>[33m!!![0m Fragment was added to the [ Drone 3 ] buffer
2025-02-10 20:39:29 [INFO] [rustastic_drone::drone] [32m✓[0m [ Drone 3 ]: was sent a Fragment { index: 1 out of 1, data: 0x7b22436c69656e744c697374223a5b305d7d } packet to [ Drone 6 ]
2025-02-10 20:39:29 [INFO] [rustastic_drone::drone] [32m✓[0m [ Drone 3 ]: has received the packet Packet { routing_header: SourceRoutingHeader { hop_index: 2, hops: [9, 6, 3, 10, 7, 18] }, session_id: 25, pack_type: Ack(Ack { fragment_index: 0 }) }
2025-02-10 20:39:29 [INFO] [rustastic_drone::drone] [32m✓[0m Packet with [ session_id: 25 ] is being handled from [ Drone 3 ]
2025-02-10 20:39:29 [INFO] [rustastic_drone::drone] [34mi[0m [ Drone 3 ]: received a Ack(0)
2025-02-10 20:39:29 [INFO] [rustastic_drone::drone] [32m✓[0m [ Drone 3 ]: was sent a Ack(0) packet to [ Drone 10 ]
2025-02-10 20:39:29 [INFO] [getdroned::get_droned] Drone 7 received a packet: Packet { routing_header: SourceRoutingHeader { hop_index: 4, hops: [9, 6, 3, 10, 7, 18] }, session_id: 25, pack_type: Ack(Ack { fragment_index: 0 }) }
2025-02-10 20:39:36 [INFO] [rustastic_drone::drone] [32m✓[0m [ Drone 3 ]: has received the packet Packet { routing_header: SourceRoutingHeader { hop_index: 2, hops: [9, 6, 3, 10, 7, 18] }, session_id: 32, pack_type: MsgFragment(Fragment { fragment_index: 0, total_n_fragments: 1, length: 49, data: [123, 34, 83, 101, 110, 100, 77, 101, 115, 115, 97, 103, 101, 34, 58, 123, 34, 102, 114, 111, 109, 34, 58, 57, 44, 34, 116, 111, 34, 58, 48, 44, 34, 109, 101, 115, 115, 97, 103, 101, 34, 58, 34, 104, 101, 121, 34, 125, 125, 0, 0, 0, 0, 0, 0, 0, 0, 0, 0, 0, 0, 0, 0, 0, 0, 0, 0, 0, 0, 0, 0, 0, 0, 0, 0, 0, 0, 0, 0, 0, 0, 0, 0, 0, 0, 0, 0, 0, 0, 0, 0, 0, 0, 0, 0, 0, 0, 0, 0, 0, 0, 0, 0, 0, 0, 0, 0, 0, 0, 0, 0, 0, 0, 0, 0, 0, 0, 0, 0, 0, 0, 0, 0, 0, 0, 0, 0, 0] }) }
2025-02-10 20:39:36 [INFO] [rustastic_drone::drone] [32m✓[0m Packet with [ session_id: 32 ] is being handled from [ Drone 3 ]
2025-02-10 20:39:36 [INFO] [rustastic_drone::drone] [32m✓[0m [ Drone 3 ]: forwarded the the fragment [ fragment_index: 0 ] of the Packet [ session_id: 32 ]
2025-02-10 20:39:36 [WARN] [rustastic_drone::drone] └─>[33m!!![0m Fragment was added to the [ Drone 3 ] buffer
2025-02-10 20:39:36 [INFO] [rustastic_drone::drone] [32m✓[0m [ Drone 3 ]: was sent a Fragment { index: 1 out of 1, data: 0x7b2253656e644d657373616765223a7b2266726f... + other 29 bytes } packet to [ Drone 10 ]
2025-02-10 20:39:36 [INFO] [getdroned::get_droned] Drone 7 received a packet: Packet { routing_header: SourceRoutingHeader { hop_index: 4, hops: [9, 6, 3, 10, 7, 18] }, session_id: 32, pack_type: MsgFragment(Fragment { fragment_index: 0, total_n_fragments: 1, length: 49, data: [123, 34, 83, 101, 110, 100, 77, 101, 115, 115, 97, 103, 101, 34, 58, 123, 34, 102, 114, 111, 109, 34, 58, 57, 44, 34, 116, 111, 34, 58, 48, 44, 34, 109, 101, 115, 115, 97, 103, 101, 34, 58, 34, 104, 101, 121, 34, 125, 125, 0, 0, 0, 0, 0, 0, 0, 0, 0, 0, 0, 0, 0, 0, 0, 0, 0, 0, 0, 0, 0, 0, 0, 0, 0, 0, 0, 0, 0, 0, 0, 0, 0, 0, 0, 0, 0, 0, 0, 0, 0, 0, 0, 0, 0, 0, 0, 0, 0, 0, 0, 0, 0, 0, 0, 0, 0, 0, 0, 0, 0, 0, 0, 0, 0, 0, 0, 0, 0, 0, 0, 0, 0, 0, 0, 0, 0, 0, 0] }) }
2025-02-10 20:39:36 [INFO] [getdroned::get_droned] Drone 7 received a packet: Packet { routing_header: SourceRoutingHeader { hop_index: 1, hops: [18, 7, 10, 3, 6, 9] }, session_id: 32, pack_type: Ack(Ack { fragment_index: 0 }) }
2025-02-10 20:39:36 [INFO] [rustastic_drone::drone] [32m✓[0m [ Drone 3 ]: has received the packet Packet { routing_header: SourceRoutingHeader { hop_index: 3, hops: [18, 7, 10, 3, 6, 9] }, session_id: 32, pack_type: Ack(Ack { fragment_index: 0 }) }
2025-02-10 20:39:36 [INFO] [rustastic_drone::drone] [32m✓[0m Packet with [ session_id: 32 ] is being handled from [ Drone 3 ]
2025-02-10 20:39:36 [INFO] [rustastic_drone::drone] [34mi[0m [ Drone 3 ]: received a Ack(0)
2025-02-10 20:39:36 [INFO] [rustastic_drone::drone] [32m✓[0m [ Drone 3 ]: was sent a Ack(0) packet to [ Drone 6 ]
2025-02-10 20:39:53 [INFO] [rust_do_it::drone] Drone 4 received packet Packet { routing_header: SourceRoutingHeader { hop_index: 2, hops: [0, 1, 4, 18] }, session_id: 56, pack_type: MsgFragment(Fragment { fragment_index: 0, total_n_fragments: 1, length: 14, data: [123, 34, 82, 101, 103, 105, 115, 116, 101, 114, 34, 58, 48, 125, 0, 0, 0, 0, 0, 0, 0, 0, 0, 0, 0, 0, 0, 0, 0, 0, 0, 0, 0, 0, 0, 0, 0, 0, 0, 0, 0, 0, 0, 0, 0, 0, 0, 0, 0, 0, 0, 0, 0, 0, 0, 0, 0, 0, 0, 0, 0, 0, 0, 0, 0, 0, 0, 0, 0, 0, 0, 0, 0, 0, 0, 0, 0, 0, 0, 0, 0, 0, 0, 0, 0, 0, 0, 0, 0, 0, 0, 0, 0, 0, 0, 0, 0, 0, 0, 0, 0, 0, 0, 0, 0, 0, 0, 0, 0, 0, 0, 0, 0, 0, 0, 0, 0, 0, 0, 0, 0, 0, 0, 0, 0, 0, 0, 0] }) }
2025-02-10 20:39:53 [INFO] [rust_do_it::drone] Drone 4 received packet Packet { routing_header: SourceRoutingHeader { hop_index: 1, hops: [18, 4, 1, 0] }, session_id: 56, pack_type: Ack(Ack { fragment_index: 0 }) }
2025-02-10 20:39:53 [INFO] [getdroned::get_droned] Drone 7 received a packet: Packet { routing_header: SourceRoutingHeader { hop_index: 1, hops: [18, 7, 10, 3, 6, 9] }, session_id: 28, pack_type: MsgFragment(Fragment { fragment_index: 0, total_n_fragments: 1, length: 18, data: [123, 34, 67, 108, 105, 101, 110, 116, 76, 105, 115, 116, 34, 58, 91, 48, 93, 125, 0, 0, 0, 0, 0, 0, 0, 0, 0, 0, 0, 0, 0, 0, 0, 0, 0, 0, 0, 0, 0, 0, 0, 0, 0, 0, 0, 0, 0, 0, 0, 0, 0, 0, 0, 0, 0, 0, 0, 0, 0, 0, 0, 0, 0, 0, 0, 0, 0, 0, 0, 0, 0, 0, 0, 0, 0, 0, 0, 0, 0, 0, 0, 0, 0, 0, 0, 0, 0, 0, 0, 0, 0, 0, 0, 0, 0, 0, 0, 0, 0, 0, 0, 0, 0, 0, 0, 0, 0, 0, 0, 0, 0, 0, 0, 0, 0, 0, 0, 0, 0, 0, 0, 0, 0, 0, 0, 0, 0, 0] }) }
2025-02-10 20:39:53 [INFO] [rustastic_drone::drone] [32m✓[0m [ Drone 3 ]: has received the packet Packet { routing_header: SourceRoutingHeader { hop_index: 3, hops: [18, 7, 10, 3, 6, 9] }, session_id: 28, pack_type: MsgFragment(Fragment { fragment_index: 0, total_n_fragments: 1, length: 18, data: [123, 34, 67, 108, 105, 101, 110, 116, 76, 105, 115, 116, 34, 58, 91, 48, 93, 125, 0, 0, 0, 0, 0, 0, 0, 0, 0, 0, 0, 0, 0, 0, 0, 0, 0, 0, 0, 0, 0, 0, 0, 0, 0, 0, 0, 0, 0, 0, 0, 0, 0, 0, 0, 0, 0, 0, 0, 0, 0, 0, 0, 0, 0, 0, 0, 0, 0, 0, 0, 0, 0, 0, 0, 0, 0, 0, 0, 0, 0, 0, 0, 0, 0, 0, 0, 0, 0, 0, 0, 0, 0, 0, 0, 0, 0, 0, 0, 0, 0, 0, 0, 0, 0, 0, 0, 0, 0, 0, 0, 0, 0, 0, 0, 0, 0, 0, 0, 0, 0, 0, 0, 0, 0, 0, 0, 0, 0, 0] }) }
2025-02-10 20:39:53 [INFO] [rustastic_drone::drone] [32m✓[0m Packet with [ session_id: 28 ] is being handled from [ Drone 3 ]
2025-02-10 20:39:53 [INFO] [rustastic_drone::drone] [32m✓[0m [ Drone 3 ]: forwarded the the fragment [ fragment_index: 0 ] of the Packet [ session_id: 28 ]
2025-02-10 20:39:53 [WARN] [rustastic_drone::drone] └─>[33m!!![0m Fragment was added to the [ Drone 3 ] buffer
2025-02-10 20:39:53 [INFO] [rustastic_drone::drone] [32m✓[0m [ Drone 3 ]: was sent a Fragment { index: 1 out of 1, data: 0x7b22436c69656e744c697374223a5b305d7d } packet to [ Drone 6 ]
2025-02-10 20:39:53 [INFO] [rustastic_drone::drone] [32m✓[0m [ Drone 3 ]: has received the packet Packet { routing_header: SourceRoutingHeader { hop_index: 2, hops: [9, 6, 3, 10, 7, 18] }, session_id: 28, pack_type: Ack(Ack { fragment_index: 0 }) }
2025-02-10 20:39:53 [INFO] [rustastic_drone::drone] [32m✓[0m Packet with [ session_id: 28 ] is being handled from [ Drone 3 ]
2025-02-10 20:39:53 [INFO] [rustastic_drone::drone] [34mi[0m [ Drone 3 ]: received a Ack(0)
2025-02-10 20:39:53 [INFO] [rustastic_drone::drone] [32m✓[0m [ Drone 3 ]: was sent a Ack(0) packet to [ Drone 10 ]
2025-02-10 20:39:53 [INFO] [getdroned::get_droned] Drone 7 received a packet: Packet { routing_header: SourceRoutingHeader { hop_index: 4, hops: [9, 6, 3, 10, 7, 18] }, session_id: 28, pack_type: Ack(Ack { fragment_index: 0 }) }
2025-02-10 20:39:59 [WARN] [getdroned::get_droned] Drone 7 failed to receive a command: RecvError
2025-02-10 20:39:59 [WARN] [getdroned::get_droned] Drone 7 failed to receive a command: RecvError
2025-02-10 20:39:59 [WARN] [getdroned::get_droned] Drone 7 failed to receive a command: RecvError
2025-02-10 20:39:59 [WARN] [getdroned::get_droned] Drone 7 failed to receive a command: RecvError
2025-02-10 20:39:59 [WARN] [getdroned::get_droned] Drone 7 failed to receive a command: RecvError
2025-02-10 20:39:59 [WARN] [getdroned::get_droned] Drone 7 failed to receive a command: RecvError
2025-02-10 20:39:59 [WARN] [getdroned::get_droned] Drone 7 failed to receive a command: RecvError
2025-02-10 20:39:59 [WARN] [getdroned::get_droned] Drone 7 failed to receive a command: RecvError
2025-02-10 20:39:59 [WARN] [getdroned::get_droned] Drone 7 failed to receive a command: RecvError
2025-02-10 20:39:59 [WARN] [getdroned::get_droned] Drone 7 failed to receive a command: RecvError
2025-02-10 20:39:59 [WARN] [getdroned::get_droned] Drone 7 failed to receive a command: RecvError
2025-02-10 20:39:59 [WARN] [getdroned::get_droned] Drone 7 failed to receive a command: RecvError
2025-02-10 20:39:59 [WARN] [getdroned::get_droned] Drone 7 failed to receive a command: RecvError
2025-02-10 20:39:59 [WARN] [getdroned::get_droned] Drone 7 failed to receive a command: RecvError
2025-02-10 20:39:59 [WARN] [getdroned::get_droned] Drone 7 failed to receive a command: RecvError
2025-02-10 20:39:59 [WARN] [getdroned::get_droned] Drone 7 failed to receive a command: RecvError
2025-02-10 20:39:59 [WARN] [getdroned::get_droned] Drone 7 failed to receive a command: RecvError
2025-02-10 20:39:59 [WARN] [getdroned::get_droned] Drone 7 failed to receive a command: RecvError
2025-02-10 20:39:59 [WARN] [getdroned::get_droned] Drone 7 failed to receive a command: RecvError
2025-02-10 20:39:59 [WARN] [getdroned::get_droned] Drone 7 failed to receive a command: RecvError
2025-02-10 20:39:59 [WARN] [getdroned::get_droned] Drone 7 failed to receive a command: RecvError
2025-02-10 20:39:59 [WARN] [getdroned::get_droned] Drone 7 failed to receive a command: RecvError
2025-02-10 20:39:59 [WARN] [getdroned::get_droned] Drone 7 failed to receive a command: RecvError
2025-02-10 20:39:59 [WARN] [getdroned::get_droned] Drone 7 failed to receive a command: RecvError
2025-02-10 20:39:59 [WARN] [getdroned::get_droned] Drone 7 failed to receive a command: RecvError
2025-02-10 20:39:59 [WARN] [getdroned::get_droned] Drone 7 failed to receive a command: RecvError
2025-02-10 20:39:59 [WARN] [getdroned::get_droned] Drone 7 failed to receive a command: RecvError
2025-02-10 20:39:59 [WARN] [getdroned::get_droned] Drone 7 failed to receive a command: RecvError
2025-02-10 20:39:59 [WARN] [getdroned::get_droned] Drone 7 failed to receive a command: RecvError
2025-02-10 20:39:59 [WARN] [getdroned::get_droned] Drone 7 failed to receive a command: RecvError
2025-02-10 20:39:59 [WARN] [getdroned::get_droned] Drone 7 failed to receive a command: RecvError
2025-02-10 20:39:59 [WARN] [getdroned::get_droned] Drone 7 failed to receive a command: RecvError
2025-02-10 20:39:59 [WARN] [getdroned::get_droned] Drone 7 failed to receive a command: RecvError
2025-02-10 20:39:59 [WARN] [getdroned::get_droned] Drone 7 failed to receive a command: RecvError
2025-02-10 20:39:59 [WARN] [getdroned::get_droned] Drone 7 failed to receive a command: RecvError
2025-02-10 20:39:59 [WARN] [getdroned::get_droned] Drone 7 failed to receive a command: RecvError
2025-02-10 20:39:59 [WARN] [getdroned::get_droned] Drone 7 failed to receive a command: RecvError
2025-02-10 20:39:59 [WARN] [getdroned::get_droned] Drone 7 failed to receive a command: RecvError
2025-02-10 20:39:59 [WARN] [getdroned::get_droned] Drone 7 failed to receive a command: RecvError
2025-02-10 20:39:59 [WARN] [getdroned::get_droned] Drone 7 failed to receive a command: RecvError
2025-02-10 20:39:59 [WARN] [getdroned::get_droned] Drone 7 failed to receive a command: RecvError
2025-02-10 20:39:59 [WARN] [getdroned::get_droned] Drone 7 failed to receive a command: RecvError
2025-02-10 20:39:59 [WARN] [getdroned::get_droned] Drone 7 failed to receive a command: RecvError
2025-02-10 20:39:59 [WARN] [getdroned::get_droned] Drone 7 failed to receive a command: RecvError
2025-02-10 20:39:59 [WARN] [getdroned::get_droned] Drone 7 failed to receive a command: RecvError
2025-02-10 20:39:59 [WARN] [getdroned::get_droned] Drone 7 failed to receive a command: RecvError
2025-02-10 20:39:59 [WARN] [getdroned::get_droned] Drone 7 failed to receive a command: RecvError
2025-02-10 20:39:59 [WARN] [getdroned::get_droned] Drone 7 failed to receive a command: RecvError
2025-02-10 20:39:59 [WARN] [getdroned::get_droned] Drone 7 failed to receive a command: RecvError
2025-02-10 20:39:59 [WARN] [getdroned::get_droned] Drone 7 failed to receive a command: RecvError
2025-02-10 20:39:59 [WARN] [getdroned::get_droned] Drone 7 failed to receive a command: RecvError
2025-02-10 20:39:59 [WARN] [getdroned::get_droned] Drone 7 failed to receive a command: RecvError
2025-02-10 20:39:59 [WARN] [getdroned::get_droned] Drone 7 failed to receive a command: RecvError
2025-02-10 20:39:59 [WARN] [getdroned::get_droned] Drone 7 failed to receive a command: RecvError
2025-02-10 20:39:59 [WARN] [getdroned::get_droned] Drone 7 failed to receive a command: RecvError
2025-02-10 20:39:59 [WARN] [getdroned::get_droned] Drone 7 failed to receive a command: RecvError
2025-02-10 20:39:59 [WARN] [getdroned::get_droned] Drone 7 failed to receive a command: RecvError
2025-02-10 20:39:59 [WARN] [getdroned::get_droned] Drone 7 failed to receive a command: RecvError
2025-02-10 20:39:59 [WARN] [getdroned::get_droned] Drone 7 failed to receive a command: RecvError
2025-02-10 20:39:59 [WARN] [getdroned::get_droned] Drone 7 failed to receive a command: RecvError
2025-02-10 20:39:59 [WARN] [getdroned::get_droned] Drone 7 failed to receive a command: RecvError
2025-02-10 20:39:59 [WARN] [getdroned::get_droned] Drone 7 failed to receive a command: RecvError
2025-02-10 20:39:59 [WARN] [getdroned::get_droned] Drone 7 failed to receive a command: RecvError
2025-02-10 20:39:59 [WARN] [getdroned::get_droned] Drone 7 failed to receive a command: RecvError
2025-02-10 20:39:59 [WARN] [getdroned::get_droned] Drone 7 failed to receive a command: RecvError
2025-02-10 20:39:59 [WARN] [getdroned::get_droned] Drone 7 failed to receive a command: RecvError
2025-02-10 20:39:59 [WARN] [getdroned::get_droned] Drone 7 failed to receive a command: RecvError
2025-02-10 20:39:59 [WARN] [getdroned::get_droned] Drone 7 failed to receive a command: RecvError
2025-02-10 20:39:59 [WARN] [getdroned::get_droned] Drone 7 failed to receive a command: RecvError
2025-02-10 20:39:59 [WARN] [getdroned::get_droned] Drone 7 failed to receive a command: RecvError
2025-02-10 20:39:59 [WARN] [getdroned::get_droned] Drone 7 failed to receive a command: RecvError
2025-02-10 20:39:59 [WARN] [getdroned::get_droned] Drone 7 failed to receive a command: RecvError
2025-02-10 20:39:59 [WARN] [getdroned::get_droned] Drone 7 failed to receive a command: RecvError
2025-02-10 20:39:59 [WARN] [getdroned::get_droned] Drone 7 failed to receive a command: RecvError
2025-02-10 20:39:59 [WARN] [getdroned::get_droned] Drone 7 failed to receive a command: RecvError
2025-02-10 20:39:59 [WARN] [getdroned::get_droned] Drone 7 failed to receive a command: RecvError
2025-02-10 20:39:59 [WARN] [getdroned::get_droned] Drone 7 failed to receive a command: RecvError
2025-02-10 20:39:59 [WARN] [getdroned::get_droned] Drone 7 failed to receive a command: RecvError
2025-02-10 20:39:59 [WARN] [getdroned::get_droned] Drone 7 failed to receive a command: RecvError
2025-02-10 20:39:59 [WARN] [getdroned::get_droned] Drone 7 failed to receive a command: RecvError
2025-02-10 20:39:59 [WARN] [getdroned::get_droned] Drone 7 failed to receive a command: RecvError
2025-02-10 20:39:59 [WARN] [getdroned::get_droned] Drone 7 failed to receive a command: RecvError
2025-02-10 20:39:59 [WARN] [getdroned::get_droned] Drone 7 failed to receive a command: RecvError
2025-02-10 20:39:59 [WARN] [getdroned::get_droned] Drone 7 failed to receive a command: RecvError
2025-02-10 20:39:59 [WARN] [getdroned::get_droned] Drone 7 failed to receive a command: RecvError
2025-02-10 20:39:59 [WARN] [getdroned::get_droned] Drone 7 failed to receive a command: RecvError
2025-02-10 20:39:59 [WARN] [getdroned::get_droned] Drone 7 failed to receive a command: RecvError
2025-02-10 20:39:59 [WARN] [getdroned::get_droned] Drone 7 failed to receive a command: RecvError
2025-02-10 20:39:59 [WARN] [getdroned::get_droned] Drone 7 failed to receive a command: RecvError
2025-02-10 20:39:59 [WARN] [getdroned::get_droned] Drone 7 failed to receive a command: RecvError
2025-02-10 20:39:59 [WARN] [getdroned::get_droned] Drone 7 failed to receive a command: RecvError
2025-02-10 20:39:59 [WARN] [getdroned::get_droned] Drone 7 failed to receive a command: RecvError
2025-02-10 20:39:59 [WARN] [getdroned::get_droned] Drone 7 failed to receive a command: RecvError
2025-02-10 20:39:59 [WARN] [getdroned::get_droned] Drone 7 failed to receive a command: RecvError
2025-02-10 20:39:59 [WARN] [getdroned::get_droned] Drone 7 failed to receive a command: RecvError
2025-02-10 20:39:59 [WARN] [getdroned::get_droned] Drone 7 failed to receive a command: RecvError
2025-02-10 20:39:59 [WARN] [getdroned::get_droned] Drone 7 failed to receive a command: RecvError
2025-02-10 20:39:59 [WARN] [getdroned::get_droned] Drone 7 failed to receive a command: RecvError
2025-02-10 20:39:59 [WARN] [getdroned::get_droned] Drone 7 failed to receive a command: RecvError
2025-02-10 20:39:59 [WARN] [getdroned::get_droned] Drone 7 failed to receive a command: RecvError
2025-02-10 20:39:59 [WARN] [getdroned::get_droned] Drone 7 failed to receive a command: RecvError
2025-02-10 20:39:59 [WARN] [getdroned::get_droned] Drone 7 failed to receive a command: RecvError
2025-02-10 20:39:59 [WARN] [getdroned::get_droned] Drone 7 failed to receive a command: RecvError
2025-02-10 20:39:59 [WARN] [getdroned::get_droned] Drone 7 failed to receive a command: RecvError
2025-02-10 20:39:59 [WARN] [getdroned::get_droned] Drone 7 failed to receive a command: RecvError
2025-02-10 20:39:59 [WARN] [getdroned::get_droned] Drone 7 failed to receive a command: RecvError
2025-02-10 20:39:59 [WARN] [getdroned::get_droned] Drone 7 failed to receive a command: RecvError
2025-02-10 20:39:59 [WARN] [getdroned::get_droned] Drone 7 failed to receive a command: RecvError
2025-02-10 20:39:59 [WARN] [getdroned::get_droned] Drone 7 failed to receive a command: RecvError
2025-02-10 20:39:59 [WARN] [getdroned::get_droned] Drone 7 failed to receive a command: RecvError
2025-02-10 20:39:59 [WARN] [getdroned::get_droned] Drone 7 failed to receive a command: RecvError
2025-02-10 20:39:59 [WARN] [getdroned::get_droned] Drone 7 failed to receive a command: RecvError
2025-02-10 20:39:59 [WARN] [getdroned::get_droned] Drone 7 failed to receive a command: RecvError
2025-02-10 20:39:59 [WARN] [getdroned::get_droned] Drone 7 failed to receive a command: RecvError
2025-02-10 20:39:59 [WARN] [getdroned::get_droned] Drone 7 failed to receive a command: RecvError
2025-02-10 20:39:59 [WARN] [getdroned::get_droned] Drone 7 failed to receive a command: RecvError
2025-02-10 20:39:59 [WARN] [getdroned::get_droned] Drone 7 failed to receive a command: RecvError
2025-02-10 20:39:59 [WARN] [getdroned::get_droned] Drone 7 failed to receive a command: RecvError
2025-02-10 20:39:59 [WARN] [getdroned::get_droned] Drone 7 failed to receive a command: RecvError
2025-02-10 20:39:59 [WARN] [getdroned::get_droned] Drone 7 failed to receive a command: RecvError
2025-02-10 20:39:59 [WARN] [getdroned::get_droned] Drone 7 failed to receive a command: RecvError
2025-02-10 20:39:59 [WARN] [getdroned::get_droned] Drone 7 failed to receive a command: RecvError
2025-02-10 20:39:59 [WARN] [getdroned::get_droned] Drone 7 failed to receive a command: RecvError
2025-02-10 20:39:59 [WARN] [getdroned::get_droned] Drone 7 failed to receive a command: RecvError
2025-02-10 20:39:59 [WARN] [getdroned::get_droned] Drone 7 failed to receive a command: RecvError
2025-02-10 20:39:59 [WARN] [getdroned::get_droned] Drone 7 failed to receive a command: RecvError
2025-02-10 20:39:59 [WARN] [getdroned::get_droned] Drone 7 failed to receive a command: RecvError
2025-02-10 20:39:59 [WARN] [getdroned::get_droned] Drone 7 failed to receive a command: RecvError
2025-02-10 20:39:59 [WARN] [getdroned::get_droned] Drone 7 failed to receive a command: RecvError
2025-02-10 20:39:59 [WARN] [getdroned::get_droned] Drone 7 failed to receive a command: RecvError
2025-02-10 20:39:59 [WARN] [getdroned::get_droned] Drone 7 failed to receive a command: RecvError
2025-02-10 20:39:59 [WARN] [getdroned::get_droned] Drone 7 failed to receive a command: RecvError
2025-02-10 20:39:59 [WARN] [getdroned::get_droned] Drone 7 failed to receive a command: RecvError
2025-02-10 20:39:59 [WARN] [getdroned::get_droned] Drone 7 failed to receive a command: RecvError
2025-02-10 20:39:59 [WARN] [getdroned::get_droned] Drone 7 failed to receive a command: RecvError
2025-02-10 20:39:59 [WARN] [getdroned::get_droned] Drone 7 failed to receive a command: RecvError
2025-02-10 20:39:59 [WARN] [getdroned::get_droned] Drone 7 failed to receive a command: RecvError
2025-02-10 20:39:59 [WARN] [getdroned::get_droned] Drone 7 failed to receive a command: RecvError
2025-02-10 20:39:59 [WARN] [getdroned::get_droned] Drone 7 failed to receive a command: RecvError
2025-02-10 20:39:59 [WARN] [getdroned::get_droned] Drone 7 failed to receive a command: RecvError
2025-02-10 20:39:59 [WARN] [getdroned::get_droned] Drone 7 failed to receive a command: RecvError
2025-02-10 20:39:59 [WARN] [getdroned::get_droned] Drone 7 failed to receive a command: RecvError
2025-02-10 20:39:59 [WARN] [getdroned::get_droned] Drone 7 failed to receive a command: RecvError
2025-02-10 20:39:59 [WARN] [getdroned::get_droned] Drone 7 failed to receive a command: RecvError
2025-02-10 20:39:59 [WARN] [getdroned::get_droned] Drone 7 failed to receive a command: RecvError
2025-02-10 20:39:59 [WARN] [getdroned::get_droned] Drone 7 failed to receive a command: RecvError
2025-02-10 20:39:59 [WARN] [getdroned::get_droned] Drone 7 failed to receive a command: RecvError
2025-02-10 20:39:59 [WARN] [getdroned::get_droned] Drone 7 failed to receive a command: RecvError
2025-02-10 20:39:59 [WARN] [getdroned::get_droned] Drone 7 failed to receive a command: RecvError
2025-02-10 20:39:59 [WARN] [getdroned::get_droned] Drone 7 failed to receive a command: RecvError
2025-02-10 20:39:59 [WARN] [getdroned::get_droned] Drone 7 failed to receive a command: RecvError
2025-02-10 20:39:59 [WARN] [getdroned::get_droned] Drone 7 failed to receive a command: RecvError
2025-02-10 20:39:59 [WARN] [getdroned::get_droned] Drone 7 failed to receive a command: RecvError
2025-02-10 20:39:59 [WARN] [getdroned::get_droned] Drone 7 failed to receive a command: RecvError
2025-02-10 20:39:59 [WARN] [getdroned::get_droned] Drone 7 failed to receive a command: RecvError
2025-02-10 20:39:59 [WARN] [getdroned::get_droned] Drone 7 failed to receive a command: RecvError
2025-02-10 20:39:59 [WARN] [getdroned::get_droned] Drone 7 failed to receive a command: RecvError
2025-02-10 20:39:59 [WARN] [getdroned::get_droned] Drone 7 failed to receive a command: RecvError
2025-02-10 20:39:59 [WARN] [getdroned::get_droned] Drone 7 failed to receive a command: RecvError
2025-02-10 20:39:59 [WARN] [getdroned::get_droned] Drone 7 failed to receive a command: RecvError
2025-02-10 20:39:59 [WARN] [getdroned::get_droned] Drone 7 failed to receive a command: RecvError
2025-02-10 20:39:59 [WARN] [getdroned::get_droned] Drone 7 failed to receive a command: RecvError
2025-02-10 20:39:59 [WARN] [getdroned::get_droned] Drone 7 failed to receive a command: RecvError
2025-02-10 20:39:59 [WARN] [getdroned::get_droned] Drone 7 failed to receive a command: RecvError
2025-02-10 20:39:59 [WARN] [getdroned::get_droned] Drone 7 failed to receive a command: RecvError
2025-02-10 20:39:59 [WARN] [getdroned::get_droned] Drone 7 failed to receive a command: RecvError
2025-02-10 20:39:59 [WARN] [getdroned::get_droned] Drone 7 failed to receive a command: RecvError
2025-02-10 20:39:59 [WARN] [getdroned::get_droned] Drone 7 failed to receive a command: RecvError
2025-02-10 20:39:59 [WARN] [getdroned::get_droned] Drone 7 failed to receive a command: RecvError
2025-02-10 20:39:59 [WARN] [getdroned::get_droned] Drone 7 failed to receive a command: RecvError
2025-02-10 20:39:59 [WARN] [getdroned::get_droned] Drone 7 failed to receive a command: RecvError
2025-02-10 20:39:59 [WARN] [getdroned::get_droned] Drone 7 failed to receive a command: RecvError
2025-02-10 20:39:59 [WARN] [getdroned::get_droned] Drone 7 failed to receive a command: RecvError
2025-02-10 20:39:59 [WARN] [getdroned::get_droned] Drone 7 failed to receive a command: RecvError
2025-02-10 20:39:59 [WARN] [getdroned::get_droned] Drone 7 failed to receive a command: RecvError
2025-02-10 20:39:59 [WARN] [getdroned::get_droned] Drone 7 failed to receive a command: RecvError
2025-02-10 20:39:59 [WARN] [getdroned::get_droned] Drone 7 failed to receive a command: RecvError
2025-02-10 20:39:59 [WARN] [getdroned::get_droned] Drone 7 failed to receive a command: RecvError
2025-02-10 20:39:59 [WARN] [getdroned::get_droned] Drone 7 failed to receive a command: RecvError
2025-02-10 20:39:59 [WARN] [getdroned::get_droned] Drone 7 failed to receive a command: RecvError
2025-02-10 20:39:59 [WARN] [getdroned::get_droned] Drone 7 failed to receive a command: RecvError
2025-02-10 20:39:59 [WARN] [getdroned::get_droned] Drone 7 failed to receive a command: RecvError
2025-02-10 20:39:59 [WARN] [getdroned::get_droned] Drone 7 failed to receive a command: RecvError
2025-02-10 20:39:59 [WARN] [getdroned::get_droned] Drone 7 failed to receive a command: RecvError
2025-02-10 20:39:59 [WARN] [getdroned::get_droned] Drone 7 failed to receive a command: RecvError
2025-02-10 20:39:59 [WARN] [getdroned::get_droned] Drone 7 failed to receive a command: RecvError
2025-02-10 20:39:59 [WARN] [getdroned::get_droned] Drone 7 failed to receive a command: RecvError
2025-02-10 20:39:59 [WARN] [getdroned::get_droned] Drone 7 failed to receive a command: RecvError
2025-02-10 20:39:59 [WARN] [getdroned::get_droned] Drone 7 failed to receive a command: RecvError
2025-02-10 20:39:59 [WARN] [getdroned::get_droned] Drone 7 failed to receive a command: RecvError
2025-02-10 20:39:59 [WARN] [getdroned::get_droned] Drone 7 failed to receive a command: RecvError
2025-02-10 20:39:59 [WARN] [getdroned::get_droned] Drone 7 failed to receive a command: RecvError
2025-02-10 20:39:59 [WARN] [getdroned::get_droned] Drone 7 failed to receive a command: RecvError
2025-02-10 20:39:59 [WARN] [getdroned::get_droned] Drone 7 failed to receive a command: RecvError
2025-02-10 20:39:59 [WARN] [getdroned::get_droned] Drone 7 failed to receive a command: RecvError
2025-02-10 20:39:59 [WARN] [getdroned::get_droned] Drone 7 failed to receive a command: RecvError
2025-02-10 20:39:59 [WARN] [getdroned::get_droned] Drone 7 failed to receive a command: RecvError
2025-02-10 20:39:59 [WARN] [getdroned::get_droned] Drone 7 failed to receive a command: RecvError
2025-02-10 20:39:59 [WARN] [getdroned::get_droned] Drone 7 failed to receive a command: RecvError
2025-02-10 20:39:59 [WARN] [getdroned::get_droned] Drone 7 failed to receive a command: RecvError
2025-02-10 20:39:59 [WARN] [getdroned::get_droned] Drone 7 failed to receive a command: RecvError
2025-02-10 20:39:59 [WARN] [getdroned::get_droned] Drone 7 failed to receive a command: RecvError
2025-02-10 20:39:59 [WARN] [getdroned::get_droned] Drone 7 failed to receive a command: RecvError
2025-02-10 20:39:59 [WARN] [getdroned::get_droned] Drone 7 failed to receive a command: RecvError
2025-02-10 20:39:59 [WARN] [getdroned::get_droned] Drone 7 failed to receive a command: RecvError
2025-02-10 20:39:59 [WARN] [getdroned::get_droned] Drone 7 failed to receive a command: RecvError
2025-02-10 20:39:59 [WARN] [getdroned::get_droned] Drone 7 failed to receive a command: RecvError
2025-02-10 20:39:59 [WARN] [getdroned::get_droned] Drone 7 failed to receive a command: RecvError
2025-02-10 20:39:59 [WARN] [getdroned::get_droned] Drone 7 failed to receive a command: RecvError
2025-02-10 20:39:59 [WARN] [getdroned::get_droned] Drone 7 failed to receive a command: RecvError
2025-02-10 20:39:59 [WARN] [getdroned::get_droned] Drone 7 failed to receive a command: RecvError
2025-02-10 20:39:59 [WARN] [getdroned::get_droned] Drone 7 failed to receive a command: RecvError
2025-02-10 20:39:59 [WARN] [getdroned::get_droned] Drone 7 failed to receive a command: RecvError
2025-02-10 20:39:59 [WARN] [getdroned::get_droned] Drone 7 failed to receive a command: RecvError
2025-02-10 20:39:59 [WARN] [getdroned::get_droned] Drone 7 failed to receive a command: RecvError
2025-02-10 20:39:59 [WARN] [getdroned::get_droned] Drone 7 failed to receive a command: RecvError
2025-02-10 20:39:59 [WARN] [getdroned::get_droned] Drone 7 failed to receive a command: RecvError
2025-02-10 20:39:59 [WARN] [getdroned::get_droned] Drone 7 failed to receive a command: RecvError
2025-02-10 20:39:59 [WARN] [getdroned::get_droned] Drone 7 failed to receive a command: RecvError
2025-02-10 20:39:59 [WARN] [getdroned::get_droned] Drone 7 failed to receive a command: RecvError
2025-02-10 20:39:59 [WARN] [getdroned::get_droned] Drone 7 failed to receive a command: RecvError
2025-02-10 20:39:59 [WARN] [getdroned::get_droned] Drone 7 failed to receive a command: RecvError
2025-02-10 20:39:59 [WARN] [getdroned::get_droned] Drone 7 failed to receive a command: RecvError
2025-02-10 20:39:59 [WARN] [getdroned::get_droned] Drone 7 failed to receive a command: RecvError
2025-02-10 20:39:59 [WARN] [getdroned::get_droned] Drone 7 failed to receive a command: RecvError
2025-02-10 20:39:59 [WARN] [getdroned::get_droned] Drone 7 failed to receive a command: RecvError
2025-02-10 20:39:59 [WARN] [getdroned::get_droned] Drone 7 failed to receive a command: RecvError
2025-02-10 20:39:59 [WARN] [getdroned::get_droned] Drone 7 failed to receive a command: RecvError
2025-02-10 20:39:59 [WARN] [getdroned::get_droned] Drone 7 failed to receive a command: RecvError
2025-02-10 20:39:59 [WARN] [getdroned::get_droned] Drone 7 failed to receive a command: RecvError
2025-02-10 20:39:59 [WARN] [getdroned::get_droned] Drone 7 failed to receive a command: RecvError
2025-02-10 20:39:59 [WARN] [getdroned::get_droned] Drone 7 failed to receive a command: RecvError
2025-02-10 20:39:59 [WARN] [getdroned::get_droned] Drone 7 failed to receive a command: RecvError
2025-02-10 20:39:59 [WARN] [getdroned::get_droned] Drone 7 failed to receive a command: RecvError
2025-02-10 20:39:59 [WARN] [getdroned::get_droned] Drone 7 failed to receive a command: RecvError
2025-02-10 20:39:59 [WARN] [getdroned::get_droned] Drone 7 failed to receive a command: RecvError
2025-02-10 20:39:59 [WARN] [getdroned::get_droned] Drone 7 failed to receive a command: RecvError
2025-02-10 20:39:59 [WARN] [getdroned::get_droned] Drone 7 failed to receive a command: RecvError
2025-02-10 20:39:59 [WARN] [getdroned::get_droned] Drone 7 failed to receive a command: RecvError
2025-02-10 20:39:59 [WARN] [getdroned::get_droned] Drone 7 failed to receive a command: RecvError
2025-02-10 20:39:59 [WARN] [getdroned::get_droned] Drone 7 failed to receive a command: RecvError
2025-02-10 20:39:59 [WARN] [getdroned::get_droned] Drone 7 failed to receive a command: RecvError
2025-02-10 20:39:59 [WARN] [getdroned::get_droned] Drone 7 failed to receive a command: RecvError
2025-02-10 20:39:59 [WARN] [getdroned::get_droned] Drone 7 failed to receive a command: RecvError
2025-02-10 20:39:59 [WARN] [getdroned::get_droned] Drone 7 failed to receive a command: RecvError
2025-02-10 20:39:59 [WARN] [getdroned::get_droned] Drone 7 failed to receive a command: RecvError
2025-02-10 20:39:59 [WARN] [getdroned::get_droned] Drone 7 failed to receive a command: RecvError
2025-02-10 20:39:59 [WARN] [getdroned::get_droned] Drone 7 failed to receive a command: RecvError
2025-02-10 20:39:59 [WARN] [getdroned::get_droned] Drone 7 failed to receive a command: RecvError
2025-02-10 20:39:59 [WARN] [getdroned::get_droned] Drone 7 failed to receive a command: RecvError
2025-02-10 20:39:59 [WARN] [getdroned::get_droned] Drone 7 failed to receive a command: RecvError
2025-02-10 20:39:59 [WARN] [getdroned::get_droned] Drone 7 failed to receive a command: RecvError
2025-02-10 20:39:59 [WARN] [getdroned::get_droned] Drone 7 failed to receive a command: RecvError
2025-02-10 20:39:59 [WARN] [getdroned::get_droned] Drone 7 failed to receive a command: RecvError
2025-02-10 20:39:59 [WARN] [getdroned::get_droned] Drone 7 failed to receive a command: RecvError
2025-02-10 20:39:59 [WARN] [getdroned::get_droned] Drone 7 failed to receive a command: RecvError
2025-02-10 20:39:59 [WARN] [getdroned::get_droned] Drone 7 failed to receive a command: RecvError
2025-02-10 20:39:59 [WARN] [getdroned::get_droned] Drone 7 failed to receive a command: RecvError
2025-02-10 20:39:59 [WARN] [getdroned::get_droned] Drone 7 failed to receive a command: RecvError
2025-02-10 20:39:59 [WARN] [getdroned::get_droned] Drone 7 failed to receive a command: RecvError
2025-02-10 20:39:59 [WARN] [getdroned::get_droned] Drone 7 failed to receive a command: RecvError
2025-02-10 20:39:59 [WARN] [getdroned::get_droned] Drone 7 failed to receive a command: RecvError
2025-02-10 20:39:59 [WARN] [getdroned::get_droned] Drone 7 failed to receive a command: RecvError
2025-02-10 20:39:59 [WARN] [getdroned::get_droned] Drone 7 failed to receive a command: RecvError
2025-02-10 20:39:59 [WARN] [getdroned::get_droned] Drone 7 failed to receive a command: RecvError
2025-02-10 20:39:59 [WARN] [getdroned::get_droned] Drone 7 failed to receive a command: RecvError
2025-02-10 20:39:59 [WARN] [getdroned::get_droned] Drone 7 failed to receive a command: RecvError
2025-02-10 20:39:59 [WARN] [getdroned::get_droned] Drone 7 failed to receive a command: RecvError
2025-02-10 20:39:59 [WARN] [getdroned::get_droned] Drone 7 failed to receive a command: RecvError
2025-02-10 20:39:59 [WARN] [getdroned::get_droned] Drone 7 failed to receive a command: RecvError
2025-02-10 20:39:59 [WARN] [getdroned::get_droned] Drone 7 failed to receive a command: RecvError
2025-02-10 20:39:59 [WARN] [getdroned::get_droned] Drone 7 failed to receive a command: RecvError
2025-02-10 20:39:59 [WARN] [getdroned::get_droned] Drone 7 failed to receive a command: RecvError
2025-02-10 20:39:59 [WARN] [getdroned::get_droned] Drone 7 failed to receive a command: RecvError
2025-02-10 20:39:59 [WARN] [getdroned::get_droned] Drone 7 failed to receive a command: RecvError
2025-02-10 20:39:59 [WARN] [getdroned::get_droned] Drone 7 failed to receive a command: RecvError
2025-02-10 20:39:59 [WARN] [getdroned::get_droned] Drone 7 failed to receive a command: RecvError
2025-02-10 20:39:59 [WARN] [getdroned::get_droned] Drone 7 failed to receive a command: RecvError
2025-02-10 20:39:59 [WARN] [getdroned::get_droned] Drone 7 failed to receive a command: RecvError
2025-02-10 20:39:59 [WARN] [getdroned::get_droned] Drone 7 failed to receive a command: RecvError
2025-02-10 20:39:59 [WARN] [getdroned::get_droned] Drone 7 failed to receive a command: RecvError
2025-02-10 20:39:59 [WARN] [getdroned::get_droned] Drone 7 failed to receive a command: RecvError
2025-02-10 20:39:59 [WARN] [getdroned::get_droned] Drone 7 failed to receive a command: RecvError
2025-02-10 20:39:59 [WARN] [getdroned::get_droned] Drone 7 failed to receive a command: RecvError
2025-02-10 20:39:59 [WARN] [getdroned::get_droned] Drone 7 failed to receive a command: RecvError
2025-02-10 20:39:59 [WARN] [getdroned::get_droned] Drone 7 failed to receive a command: RecvError
2025-02-10 20:39:59 [WARN] [getdroned::get_droned] Drone 7 failed to receive a command: RecvError
2025-02-10 20:39:59 [WARN] [getdroned::get_droned] Drone 7 failed to receive a command: RecvError
2025-02-10 20:39:59 [WARN] [getdroned::get_droned] Drone 7 failed to receive a command: RecvError
2025-02-10 20:39:59 [WARN] [getdroned::get_droned] Drone 7 failed to receive a command: RecvError
2025-02-10 20:39:59 [WARN] [getdroned::get_droned] Drone 7 failed to receive a command: RecvError
2025-02-10 20:39:59 [WARN] [getdroned::get_droned] Drone 7 failed to receive a command: RecvError
2025-02-10 20:39:59 [WARN] [getdroned::get_droned] Drone 7 failed to receive a command: RecvError
2025-02-10 20:39:59 [WARN] [getdroned::get_droned] Drone 7 failed to receive a command: RecvError
2025-02-10 20:39:59 [WARN] [getdroned::get_droned] Drone 7 failed to receive a command: RecvError
2025-02-10 20:39:59 [WARN] [getdroned::get_droned] Drone 7 failed to receive a command: RecvError
2025-02-10 20:39:59 [WARN] [getdroned::get_droned] Drone 7 failed to receive a command: RecvError
2025-02-10 20:39:59 [WARN] [getdroned::get_droned] Drone 7 failed to receive a command: RecvError
2025-02-10 20:39:59 [WARN] [getdroned::get_droned] Drone 7 failed to receive a command: RecvError
2025-02-10 20:39:59 [WARN] [getdroned::get_droned] Drone 7 failed to receive a command: RecvError
2025-02-10 20:39:59 [WARN] [getdroned::get_droned] Drone 7 failed to receive a command: RecvError
2025-02-10 20:39:59 [WARN] [getdroned::get_droned] Drone 7 failed to receive a command: RecvError
2025-02-10 20:39:59 [WARN] [getdroned::get_droned] Drone 7 failed to receive a command: RecvError
2025-02-10 20:39:59 [WARN] [getdroned::get_droned] Drone 7 failed to receive a command: RecvError
2025-02-10 20:39:59 [WARN] [getdroned::get_droned] Drone 7 failed to receive a command: RecvError
2025-02-10 20:39:59 [WARN] [getdroned::get_droned] Drone 7 failed to receive a command: RecvError
2025-02-10 20:39:59 [WARN] [getdroned::get_droned] Drone 7 failed to receive a command: RecvError
2025-02-10 20:39:59 [WARN] [getdroned::get_droned] Drone 7 failed to receive a command: RecvError
2025-02-10 20:39:59 [WARN] [getdroned::get_droned] Drone 7 failed to receive a command: RecvError
2025-02-10 20:39:59 [WARN] [getdroned::get_droned] Drone 7 failed to receive a command: RecvError
2025-02-10 20:39:59 [WARN] [getdroned::get_droned] Drone 7 failed to receive a command: RecvError
2025-02-10 20:39:59 [WARN] [getdroned::get_droned] Drone 7 failed to receive a command: RecvError
2025-02-10 20:39:59 [WARN] [getdroned::get_droned] Drone 7 failed to receive a command: RecvError
2025-02-10 20:39:59 [WARN] [getdroned::get_droned] Drone 7 failed to receive a command: RecvError
2025-02-10 20:39:59 [WARN] [getdroned::get_droned] Drone 7 failed to receive a command: RecvError
2025-02-10 20:39:59 [WARN] [getdroned::get_droned] Drone 7 failed to receive a command: RecvError
2025-02-10 20:39:59 [WARN] [getdroned::get_droned] Drone 7 failed to receive a command: RecvError
2025-02-10 20:39:59 [WARN] [getdroned::get_droned] Drone 7 failed to receive a command: RecvError
2025-02-10 20:39:59 [WARN] [getdroned::get_droned] Drone 7 failed to receive a command: RecvError
2025-02-10 20:39:59 [WARN] [getdroned::get_droned] Drone 7 failed to receive a command: RecvError
2025-02-10 20:39:59 [WARN] [getdroned::get_droned] Drone 7 failed to receive a command: RecvError
2025-02-10 20:39:59 [WARN] [getdroned::get_droned] Drone 7 failed to receive a command: RecvError
2025-02-10 20:39:59 [WARN] [getdroned::get_droned] Drone 7 failed to receive a command: RecvError
2025-02-10 20:39:59 [WARN] [getdroned::get_droned] Drone 7 failed to receive a command: RecvError
2025-02-10 20:39:59 [WARN] [getdroned::get_droned] Drone 7 failed to receive a command: RecvError
2025-02-10 20:39:59 [WARN] [getdroned::get_droned] Drone 7 failed to receive a command: RecvError
2025-02-10 20:39:59 [WARN] [getdroned::get_droned] Drone 7 failed to receive a command: RecvError
2025-02-10 20:39:59 [WARN] [getdroned::get_droned] Drone 7 failed to receive a command: RecvError
2025-02-10 20:39:59 [WARN] [getdroned::get_droned] Drone 7 failed to receive a command: RecvError
2025-02-10 20:39:59 [WARN] [getdroned::get_droned] Drone 7 failed to receive a command: RecvError
2025-02-10 20:39:59 [WARN] [getdroned::get_droned] Drone 7 failed to receive a command: RecvError
2025-02-10 20:39:59 [WARN] [getdroned::get_droned] Drone 7 failed to receive a command: RecvError
2025-02-10 20:39:59 [WARN] [getdroned::get_droned] Drone 7 failed to receive a command: RecvError
2025-02-10 20:39:59 [WARN] [getdroned::get_droned] Drone 7 failed to receive a command: RecvError
2025-02-10 20:39:59 [WARN] [getdroned::get_droned] Drone 7 failed to receive a command: RecvError
2025-02-10 20:39:59 [WARN] [getdroned::get_droned] Drone 7 failed to receive a command: RecvError
2025-02-10 20:39:59 [WARN] [getdroned::get_droned] Drone 7 failed to receive a command: RecvError
2025-02-10 20:39:59 [WARN] [getdroned::get_droned] Drone 7 failed to receive a command: RecvError
2025-02-10 20:39:59 [WARN] [getdroned::get_droned] Drone 7 failed to receive a command: RecvError
2025-02-10 20:39:59 [WARN] [getdroned::get_droned] Drone 7 failed to receive a command: RecvError
2025-02-10 20:39:59 [WARN] [getdroned::get_droned] Drone 7 failed to receive a command: RecvError
2025-02-10 20:39:59 [WARN] [getdroned::get_droned] Drone 7 failed to receive a command: RecvError
2025-02-10 20:39:59 [WARN] [getdroned::get_droned] Drone 7 failed to receive a command: RecvError
2025-02-10 20:39:59 [WARN] [getdroned::get_droned] Drone 7 failed to receive a command: RecvError
2025-02-10 20:39:59 [WARN] [getdroned::get_droned] Drone 7 failed to receive a command: RecvError
2025-02-10 20:39:59 [WARN] [getdroned::get_droned] Drone 7 failed to receive a command: RecvError
2025-02-10 20:39:59 [WARN] [getdroned::get_droned] Drone 7 failed to receive a command: RecvError
2025-02-10 20:39:59 [WARN] [getdroned::get_droned] Drone 7 failed to receive a command: RecvError
2025-02-10 20:39:59 [WARN] [getdroned::get_droned] Drone 7 failed to receive a command: RecvError
2025-02-10 20:39:59 [WARN] [getdroned::get_droned] Drone 7 failed to receive a command: RecvError
2025-02-10 20:39:59 [WARN] [getdroned::get_droned] Drone 7 failed to receive a command: RecvError
2025-02-10 20:39:59 [WARN] [getdroned::get_droned] Drone 7 failed to receive a command: RecvError
2025-02-10 20:39:59 [WARN] [getdroned::get_droned] Drone 7 failed to receive a command: RecvError
2025-02-10 20:39:59 [WARN] [getdroned::get_droned] Drone 7 failed to receive a command: RecvError
2025-02-10 20:39:59 [WARN] [getdroned::get_droned] Drone 7 failed to receive a command: RecvError
2025-02-10 20:39:59 [WARN] [getdroned::get_droned] Drone 7 failed to receive a command: RecvError
2025-02-10 20:39:59 [WARN] [getdroned::get_droned] Drone 7 failed to receive a command: RecvError
2025-02-10 20:39:59 [WARN] [getdroned::get_droned] Drone 7 failed to receive a command: RecvError
2025-02-10 20:39:59 [WARN] [getdroned::get_droned] Drone 7 failed to receive a command: RecvError
2025-02-10 20:39:59 [WARN] [getdroned::get_droned] Drone 7 failed to receive a command: RecvError
2025-02-10 20:39:59 [WARN] [getdroned::get_droned] Drone 7 failed to receive a command: RecvError
2025-02-10 20:39:59 [WARN] [getdroned::get_droned] Drone 7 failed to receive a command: RecvError
2025-02-10 20:39:59 [WARN] [getdroned::get_droned] Drone 7 failed to receive a command: RecvError
2025-02-10 20:39:59 [WARN] [getdroned::get_droned] Drone 7 failed to receive a command: RecvError
2025-02-10 20:39:59 [WARN] [getdroned::get_droned] Drone 7 failed to receive a command: RecvError
2025-02-10 20:39:59 [WARN] [getdroned::get_droned] Drone 7 failed to receive a command: RecvError
2025-02-10 20:39:59 [WARN] [getdroned::get_droned] Drone 7 failed to receive a command: RecvError
2025-02-10 20:39:59 [WARN] [getdroned::get_droned] Drone 7 failed to receive a command: RecvError
2025-02-10 20:39:59 [WARN] [getdroned::get_droned] Drone 7 failed to receive a command: RecvError
2025-02-10 20:39:59 [WARN] [getdroned::get_droned] Drone 7 failed to receive a command: RecvError
2025-02-10 20:39:59 [WARN] [getdroned::get_droned] Drone 7 failed to receive a command: RecvError
2025-02-10 20:39:59 [WARN] [getdroned::get_droned] Drone 7 failed to receive a command: RecvError
2025-02-10 20:39:59 [WARN] [getdroned::get_droned] Drone 7 failed to receive a command: RecvError
2025-02-10 20:39:59 [WARN] [getdroned::get_droned] Drone 7 failed to receive a command: RecvError
2025-02-10 20:39:59 [WARN] [getdroned::get_droned] Drone 7 failed to receive a command: RecvError
2025-02-10 20:39:59 [WARN] [getdroned::get_droned] Drone 7 failed to receive a command: RecvError
2025-02-10 20:39:59 [WARN] [getdroned::get_droned] Drone 7 failed to receive a command: RecvError
2025-02-10 20:39:59 [WARN] [getdroned::get_droned] Drone 7 failed to receive a command: RecvError
2025-02-10 20:39:59 [WARN] [getdroned::get_droned] Drone 7 failed to receive a command: RecvError
2025-02-10 20:39:59 [WARN] [getdroned::get_droned] Drone 7 failed to receive a command: RecvError
2025-02-10 20:39:59 [WARN] [getdroned::get_droned] Drone 7 failed to receive a command: RecvError
2025-02-10 20:39:59 [WARN] [getdroned::get_droned] Drone 7 failed to receive a command: RecvError
2025-02-10 20:39:59 [WARN] [getdroned::get_droned] Drone 7 failed to receive a command: RecvError
2025-02-10 20:39:59 [WARN] [getdroned::get_droned] Drone 7 failed to receive a command: RecvError
2025-02-10 20:39:59 [WARN] [getdroned::get_droned] Drone 7 failed to receive a command: RecvError
2025-02-10 20:39:59 [WARN] [getdroned::get_droned] Drone 7 failed to receive a command: RecvError
2025-02-10 20:39:59 [WARN] [getdroned::get_droned] Drone 7 failed to receive a command: RecvError
2025-02-10 20:39:59 [WARN] [getdroned::get_droned] Drone 7 failed to receive a command: RecvError
2025-02-10 20:39:59 [WARN] [getdroned::get_droned] Drone 7 failed to receive a command: RecvError
2025-02-10 20:39:59 [WARN] [getdroned::get_droned] Drone 7 failed to receive a command: RecvError
2025-02-10 20:39:59 [WARN] [getdroned::get_droned] Drone 7 failed to receive a command: RecvError
2025-02-10 20:39:59 [WARN] [getdroned::get_droned] Drone 7 failed to receive a command: RecvError
2025-02-10 20:39:59 [WARN] [getdroned::get_droned] Drone 7 failed to receive a command: RecvError
2025-02-10 20:39:59 [WARN] [getdroned::get_droned] Drone 7 failed to receive a command: RecvError
2025-02-10 20:39:59 [WARN] [getdroned::get_droned] Drone 7 failed to receive a command: RecvError
2025-02-10 20:39:59 [WARN] [getdroned::get_droned] Drone 7 failed to receive a command: RecvError
2025-02-10 20:39:59 [WARN] [getdroned::get_droned] Drone 7 failed to receive a command: RecvError
2025-02-10 20:39:59 [WARN] [getdroned::get_droned] Drone 7 failed to receive a command: RecvError
2025-02-10 20:39:59 [WARN] [getdroned::get_droned] Drone 7 failed to receive a command: RecvError
2025-02-10 20:39:59 [WARN] [getdroned::get_droned] Drone 7 failed to receive a command: RecvError
2025-02-10 20:39:59 [WARN] [getdroned::get_droned] Drone 7 failed to receive a command: RecvError
2025-02-10 20:39:59 [WARN] [getdroned::get_droned] Drone 7 failed to receive a command: RecvError
2025-02-10 20:39:59 [WARN] [getdroned::get_droned] Drone 7 failed to receive a command: RecvError
2025-02-10 20:39:59 [WARN] [getdroned::get_droned] Drone 7 failed to receive a command: RecvError
2025-02-10 20:39:59 [WARN] [getdroned::get_droned] Drone 7 failed to receive a command: RecvError
2025-02-10 20:39:59 [WARN] [getdroned::get_droned] Drone 7 failed to receive a command: RecvError
2025-02-10 20:39:59 [WARN] [getdroned::get_droned] Drone 7 failed to receive a command: RecvError
2025-02-10 20:39:59 [WARN] [getdroned::get_droned] Drone 7 failed to receive a command: RecvError
2025-02-10 20:39:59 [WARN] [getdroned::get_droned] Drone 7 failed to receive a command: RecvError
2025-02-10 20:39:59 [WARN] [getdroned::get_droned] Drone 7 failed to receive a command: RecvError
2025-02-10 20:39:59 [WARN] [getdroned::get_droned] Drone 7 failed to receive a command: RecvError
2025-02-10 20:39:59 [WARN] [getdroned::get_droned] Drone 7 failed to receive a command: RecvError
2025-02-10 20:39:59 [WARN] [getdroned::get_droned] Drone 7 failed to receive a command: RecvError
2025-02-10 20:39:59 [WARN] [getdroned::get_droned] Drone 7 failed to receive a command: RecvError
2025-02-10 20:39:59 [WARN] [getdroned::get_droned] Drone 7 failed to receive a command: RecvError
2025-02-10 20:39:59 [WARN] [getdroned::get_droned] Drone 7 failed to receive a command: RecvError
2025-02-10 20:39:59 [WARN] [getdroned::get_droned] Drone 7 failed to receive a command: RecvError
2025-02-10 20:39:59 [WARN] [getdroned::get_droned] Drone 7 failed to receive a command: RecvError
2025-02-10 20:39:59 [WARN] [getdroned::get_droned] Drone 7 failed to receive a command: RecvError
2025-02-10 20:39:59 [WARN] [getdroned::get_droned] Drone 7 failed to receive a command: RecvError
2025-02-10 20:39:59 [WARN] [getdroned::get_droned] Drone 7 failed to receive a command: RecvError
2025-02-10 20:39:59 [WARN] [getdroned::get_droned] Drone 7 failed to receive a command: RecvError
2025-02-10 20:39:59 [WARN] [getdroned::get_droned] Drone 7 failed to receive a command: RecvError
2025-02-10 20:39:59 [WARN] [getdroned::get_droned] Drone 7 failed to receive a command: RecvError
2025-02-10 20:39:59 [WARN] [getdroned::get_droned] Drone 7 failed to receive a command: RecvError
2025-02-10 20:39:59 [WARN] [getdroned::get_droned] Drone 7 failed to receive a command: RecvError
2025-02-10 20:39:59 [WARN] [getdroned::get_droned] Drone 7 failed to receive a command: RecvError
2025-02-10 20:39:59 [WARN] [getdroned::get_droned] Drone 7 failed to receive a command: RecvError
2025-02-10 20:39:59 [WARN] [getdroned::get_droned] Drone 7 failed to receive a command: RecvError
2025-02-10 20:39:59 [WARN] [getdroned::get_droned] Drone 7 failed to receive a command: RecvError
2025-02-10 20:39:59 [WARN] [getdroned::get_droned] Drone 7 failed to receive a command: RecvError
2025-02-10 20:39:59 [WARN] [getdroned::get_droned] Drone 7 failed to receive a command: RecvError
2025-02-10 20:39:59 [WARN] [getdroned::get_droned] Drone 7 failed to receive a command: RecvError
2025-02-10 20:39:59 [WARN] [getdroned::get_droned] Drone 7 failed to receive a command: RecvError
2025-02-10 20:39:59 [WARN] [getdroned::get_droned] Drone 7 failed to receive a command: RecvError
2025-02-10 20:39:59 [WARN] [getdroned::get_droned] Drone 7 failed to receive a command: RecvError
2025-02-10 20:39:59 [WARN] [getdroned::get_droned] Drone 7 failed to receive a command: RecvError
2025-02-10 20:39:59 [WARN] [getdroned::get_droned] Drone 7 failed to receive a command: RecvError
2025-02-10 20:39:59 [WARN] [getdroned::get_droned] Drone 7 failed to receive a command: RecvError
2025-02-10 20:39:59 [WARN] [getdroned::get_droned] Drone 7 failed to receive a command: RecvError
2025-02-10 20:39:59 [WARN] [getdroned::get_droned] Drone 7 failed to receive a command: RecvError
2025-02-10 20:39:59 [WARN] [getdroned::get_droned] Drone 7 failed to receive a command: RecvError
2025-02-10 20:39:59 [WARN] [getdroned::get_droned] Drone 7 failed to receive a command: RecvError
2025-02-10 20:39:59 [WARN] [getdroned::get_droned] Drone 7 failed to receive a command: RecvError
2025-02-10 20:39:59 [WARN] [getdroned::get_droned] Drone 7 failed to receive a command: RecvError
2025-02-10 20:39:59 [WARN] [getdroned::get_droned] Drone 7 failed to receive a command: RecvError
2025-02-10 20:39:59 [WARN] [getdroned::get_droned] Drone 7 failed to receive a command: RecvError
2025-02-10 20:39:59 [WARN] [getdroned::get_droned] Drone 7 failed to receive a command: RecvError
2025-02-10 20:39:59 [WARN] [getdroned::get_droned] Drone 7 failed to receive a command: RecvError
2025-02-10 20:39:59 [WARN] [getdroned::get_droned] Drone 7 failed to receive a command: RecvError
2025-02-10 20:39:59 [WARN] [getdroned::get_droned] Drone 7 failed to receive a command: RecvError
2025-02-10 20:39:59 [WARN] [getdroned::get_droned] Drone 7 failed to receive a command: RecvError
2025-02-10 20:39:59 [WARN] [getdroned::get_droned] Drone 7 failed to receive a command: RecvError
2025-02-10 20:39:59 [WARN] [getdroned::get_droned] Drone 7 failed to receive a command: RecvError
2025-02-10 20:39:59 [WARN] [getdroned::get_droned] Drone 7 failed to receive a command: RecvError
2025-02-10 20:39:59 [WARN] [getdroned::get_droned] Drone 7 failed to receive a command: RecvError
2025-02-10 20:39:59 [WARN] [getdroned::get_droned] Drone 7 failed to receive a command: RecvError
2025-02-10 20:39:59 [WARN] [getdroned::get_droned] Drone 7 failed to receive a command: RecvError
2025-02-10 20:39:59 [WARN] [getdroned::get_droned] Drone 7 failed to receive a command: RecvError
2025-02-10 20:39:59 [WARN] [getdroned::get_droned] Drone 7 failed to receive a command: RecvError
2025-02-10 20:39:59 [WARN] [getdroned::get_droned] Drone 7 failed to receive a command: RecvError
2025-02-10 20:39:59 [WARN] [getdroned::get_droned] Drone 7 failed to receive a command: RecvError
2025-02-10 20:39:59 [WARN] [getdroned::get_droned] Drone 7 failed to receive a command: RecvError
2025-02-10 20:39:59 [WARN] [getdroned::get_droned] Drone 7 failed to receive a command: RecvError
2025-02-10 20:39:59 [WARN] [getdroned::get_droned] Drone 7 failed to receive a command: RecvError
2025-02-10 20:39:59 [WARN] [getdroned::get_droned] Drone 7 failed to receive a command: RecvError
2025-02-10 20:39:59 [WARN] [getdroned::get_droned] Drone 7 failed to receive a command: RecvError
2025-02-10 20:39:59 [WARN] [getdroned::get_droned] Drone 7 failed to receive a command: RecvError
2025-02-10 20:39:59 [WARN] [getdroned::get_droned] Drone 7 failed to receive a command: RecvError
2025-02-10 20:39:59 [WARN] [getdroned::get_droned] Drone 7 failed to receive a command: RecvError
2025-02-10 20:39:59 [WARN] [getdroned::get_droned] Drone 7 failed to receive a command: RecvError
2025-02-10 20:39:59 [WARN] [getdroned::get_droned] Drone 7 failed to receive a command: RecvError
2025-02-10 20:39:59 [WARN] [getdroned::get_droned] Drone 7 failed to receive a command: RecvError
2025-02-10 20:39:59 [WARN] [getdroned::get_droned] Drone 7 failed to receive a command: RecvError
2025-02-10 20:39:59 [WARN] [getdroned::get_droned] Drone 7 failed to receive a command: RecvError
2025-02-10 20:39:59 [WARN] [getdroned::get_droned] Drone 7 failed to receive a command: RecvError
2025-02-10 20:39:59 [WARN] [getdroned::get_droned] Drone 7 failed to receive a command: RecvError
2025-02-10 20:39:59 [WARN] [getdroned::get_droned] Drone 7 failed to receive a command: RecvError
2025-02-10 20:39:59 [WARN] [getdroned::get_droned] Drone 7 failed to receive a command: RecvError
2025-02-10 20:39:59 [WARN] [getdroned::get_droned] Drone 7 failed to receive a command: RecvError
2025-02-10 20:39:59 [WARN] [getdroned::get_droned] Drone 7 failed to receive a command: RecvError
2025-02-10 20:39:59 [WARN] [getdroned::get_droned] Drone 7 failed to receive a command: RecvError
2025-02-10 20:39:59 [WARN] [getdroned::get_droned] Drone 7 failed to receive a command: RecvError
2025-02-10 20:39:59 [WARN] [getdroned::get_droned] Drone 7 failed to receive a command: RecvError
2025-02-10 20:39:59 [WARN] [getdroned::get_droned] Drone 7 failed to receive a command: RecvError
2025-02-10 20:39:59 [WARN] [getdroned::get_droned] Drone 7 failed to receive a command: RecvError
2025-02-10 20:39:59 [WARN] [getdroned::get_droned] Drone 7 failed to receive a command: RecvError
2025-02-10 20:39:59 [WARN] [getdroned::get_droned] Drone 7 failed to receive a command: RecvError
2025-02-10 20:39:59 [WARN] [getdroned::get_droned] Drone 7 failed to receive a command: RecvError
2025-02-10 20:39:59 [WARN] [getdroned::get_droned] Drone 7 failed to receive a command: RecvError
2025-02-10 20:39:59 [WARN] [getdroned::get_droned] Drone 7 failed to receive a command: RecvError
2025-02-10 20:39:59 [WARN] [getdroned::get_droned] Drone 7 failed to receive a command: RecvError
2025-02-10 20:39:59 [WARN] [getdroned::get_droned] Drone 7 failed to receive a command: RecvError
2025-02-10 20:39:59 [WARN] [getdroned::get_droned] Drone 7 failed to receive a command: RecvError
2025-02-10 20:39:59 [WARN] [getdroned::get_droned] Drone 7 failed to receive a command: RecvError
2025-02-10 20:39:59 [WARN] [getdroned::get_droned] Drone 7 failed to receive a command: RecvError
2025-02-10 20:39:59 [WARN] [getdroned::get_droned] Drone 7 failed to receive a command: RecvError
2025-02-10 20:39:59 [WARN] [getdroned::get_droned] Drone 7 failed to receive a command: RecvError
2025-02-10 20:39:59 [WARN] [getdroned::get_droned] Drone 7 failed to receive a command: RecvError
2025-02-10 20:39:59 [WARN] [getdroned::get_droned] Drone 7 failed to receive a command: RecvError
2025-02-10 20:39:59 [WARN] [getdroned::get_droned] Drone 7 failed to receive a command: RecvError
2025-02-10 20:39:59 [WARN] [getdroned::get_droned] Drone 7 failed to receive a command: RecvError
2025-02-10 20:39:59 [WARN] [getdroned::get_droned] Drone 7 failed to receive a command: RecvError
2025-02-10 20:39:59 [WARN] [getdroned::get_droned] Drone 7 failed to receive a command: RecvError
2025-02-10 20:39:59 [WARN] [getdroned::get_droned] Drone 7 failed to receive a command: RecvError
2025-02-10 20:39:59 [WARN] [getdroned::get_droned] Drone 7 failed to receive a command: RecvError
2025-02-10 20:39:59 [WARN] [getdroned::get_droned] Drone 7 failed to receive a command: RecvError
2025-02-10 20:39:59 [WARN] [getdroned::get_droned] Drone 7 failed to receive a command: RecvError
2025-02-10 20:39:59 [WARN] [getdroned::get_droned] Drone 7 failed to receive a command: RecvError
2025-02-10 20:39:59 [WARN] [getdroned::get_droned] Drone 7 failed to receive a command: RecvError
2025-02-10 20:39:59 [WARN] [getdroned::get_droned] Drone 7 failed to receive a command: RecvError
2025-02-10 20:39:59 [WARN] [getdroned::get_droned] Drone 7 failed to receive a command: RecvError
2025-02-10 20:39:59 [WARN] [getdroned::get_droned] Drone 7 failed to receive a command: RecvError
2025-02-10 20:39:59 [WARN] [getdroned::get_droned] Drone 7 failed to receive a command: RecvError
2025-02-10 20:39:59 [WARN] [getdroned::get_droned] Drone 7 failed to receive a command: RecvError
2025-02-10 20:39:59 [WARN] [getdroned::get_droned] Drone 7 failed to receive a command: RecvError
2025-02-10 20:39:59 [WARN] [getdroned::get_droned] Drone 7 failed to receive a command: RecvError
2025-02-10 20:39:59 [WARN] [getdroned::get_droned] Drone 7 failed to receive a command: RecvError
2025-02-10 20:39:59 [WARN] [getdroned::get_droned] Drone 7 failed to receive a command: RecvError
2025-02-10 20:39:59 [WARN] [getdroned::get_droned] Drone 7 failed to receive a command: RecvError
2025-02-10 20:39:59 [WARN] [getdroned::get_droned] Drone 7 failed to receive a command: RecvError
2025-02-10 20:39:59 [WARN] [getdroned::get_droned] Drone 7 failed to receive a command: RecvError
2025-02-10 20:39:59 [WARN] [getdroned::get_droned] Drone 7 failed to receive a command: RecvError
2025-02-10 20:39:59 [WARN] [getdroned::get_droned] Drone 7 failed to receive a command: RecvError
2025-02-10 20:39:59 [WARN] [getdroned::get_droned] Drone 7 failed to receive a command: RecvError
2025-02-10 20:39:59 [WARN] [getdroned::get_droned] Drone 7 failed to receive a command: RecvError
2025-02-10 20:39:59 [WARN] [getdroned::get_droned] Drone 7 failed to receive a command: RecvError
2025-02-10 20:39:59 [WARN] [getdroned::get_droned] Drone 7 failed to receive a command: RecvError
2025-02-10 20:39:59 [WARN] [getdroned::get_droned] Drone 7 failed to receive a command: RecvError
2025-02-10 20:39:59 [WARN] [getdroned::get_droned] Drone 7 failed to receive a command: RecvError
2025-02-10 20:39:59 [WARN] [getdroned::get_droned] Drone 7 failed to receive a command: RecvError
2025-02-10 20:39:59 [WARN] [getdroned::get_droned] Drone 7 failed to receive a command: RecvError
2025-02-10 20:39:59 [WARN] [getdroned::get_droned] Drone 7 failed to receive a command: RecvError
2025-02-10 20:39:59 [WARN] [getdroned::get_droned] Drone 7 failed to receive a command: RecvError
2025-02-10 20:39:59 [WARN] [getdroned::get_droned] Drone 7 failed to receive a command: RecvError
2025-02-10 20:39:59 [WARN] [getdroned::get_droned] Drone 7 failed to receive a command: RecvError
2025-02-10 20:39:59 [WARN] [getdroned::get_droned] Drone 7 failed to receive a command: RecvError
2025-02-10 20:39:59 [WARN] [getdroned::get_droned] Drone 7 failed to receive a command: RecvError
2025-02-10 20:39:59 [WARN] [getdroned::get_droned] Drone 7 failed to receive a command: RecvError
2025-02-10 20:39:59 [WARN] [getdroned::get_droned] Drone 7 failed to receive a command: RecvError
2025-02-10 20:39:59 [WARN] [getdroned::get_droned] Drone 7 failed to receive a command: RecvError
2025-02-10 20:39:59 [WARN] [getdroned::get_droned] Drone 7 failed to receive a command: RecvError
2025-02-10 20:39:59 [WARN] [getdroned::get_droned] Drone 7 failed to receive a command: RecvError
2025-02-10 20:39:59 [WARN] [getdroned::get_droned] Drone 7 failed to receive a command: RecvError
2025-02-10 20:39:59 [WARN] [getdroned::get_droned] Drone 7 failed to receive a command: RecvError
2025-02-10 20:39:59 [WARN] [getdroned::get_droned] Drone 7 failed to receive a command: RecvError
2025-02-10 20:39:59 [WARN] [getdroned::get_droned] Drone 7 failed to receive a command: RecvError
2025-02-10 20:39:59 [WARN] [getdroned::get_droned] Drone 7 failed to receive a command: RecvError
2025-02-10 20:39:59 [WARN] [getdroned::get_droned] Drone 7 failed to receive a command: RecvError
2025-02-10 20:39:59 [WARN] [getdroned::get_droned] Drone 7 failed to receive a command: RecvError
2025-02-10 20:39:59 [WARN] [getdroned::get_droned] Drone 7 failed to receive a command: RecvError
2025-02-10 20:39:59 [WARN] [getdroned::get_droned] Drone 7 failed to receive a command: RecvError
2025-02-10 20:39:59 [WARN] [getdroned::get_droned] Drone 7 failed to receive a command: RecvError
2025-02-10 20:39:59 [WARN] [getdroned::get_droned] Drone 7 failed to receive a command: RecvError
2025-02-10 20:39:59 [WARN] [getdroned::get_droned] Drone 7 failed to receive a command: RecvError
2025-02-10 20:39:59 [WARN] [getdroned::get_droned] Drone 7 failed to receive a command: RecvError
2025-02-10 20:39:59 [WARN] [getdroned::get_droned] Drone 7 failed to receive a command: RecvError
2025-02-10 20:39:59 [WARN] [getdroned::get_droned] Drone 7 failed to receive a command: RecvError
2025-02-10 20:39:59 [WARN] [getdroned::get_droned] Drone 7 failed to receive a command: RecvError
2025-02-10 20:39:59 [WARN] [getdroned::get_droned] Drone 7 failed to receive a command: RecvError
2025-02-10 20:39:59 [WARN] [getdroned::get_droned] Drone 7 failed to receive a command: RecvError
2025-02-10 20:39:59 [WARN] [getdroned::get_droned] Drone 7 failed to receive a command: RecvError
2025-02-10 20:39:59 [WARN] [getdroned::get_droned] Drone 7 failed to receive a command: RecvError
2025-02-10 20:39:59 [WARN] [getdroned::get_droned] Drone 7 failed to receive a command: RecvError
2025-02-10 20:39:59 [WARN] [getdroned::get_droned] Drone 7 failed to receive a command: RecvError
2025-02-10 20:39:59 [WARN] [getdroned::get_droned] Drone 7 failed to receive a command: RecvError
2025-02-10 20:39:59 [WARN] [getdroned::get_droned] Drone 7 failed to receive a command: RecvError
2025-02-10 20:39:59 [WARN] [getdroned::get_droned] Drone 7 failed to receive a command: RecvError
2025-02-10 20:39:59 [WARN] [getdroned::get_droned] Drone 7 failed to receive a command: RecvError
2025-02-10 20:39:59 [WARN] [getdroned::get_droned] Drone 7 failed to receive a command: RecvError
2025-02-10 20:39:59 [WARN] [getdroned::get_droned] Drone 7 failed to receive a command: RecvError
2025-02-10 20:39:59 [WARN] [getdroned::get_droned] Drone 7 failed to receive a command: RecvError
2025-02-10 20:39:59 [WARN] [getdroned::get_droned] Drone 7 failed to receive a command: RecvError
2025-02-10 20:39:59 [WARN] [getdroned::get_droned] Drone 7 failed to receive a command: RecvError
2025-02-10 20:39:59 [WARN] [getdroned::get_droned] Drone 7 failed to receive a command: RecvError
2025-02-10 20:39:59 [WARN] [getdroned::get_droned] Drone 7 failed to receive a command: RecvError
2025-02-10 20:39:59 [WARN] [getdroned::get_droned] Drone 7 failed to receive a command: RecvError
2025-02-10 20:39:59 [WARN] [getdroned::get_droned] Drone 7 failed to receive a command: RecvError
2025-02-10 20:39:59 [WARN] [getdroned::get_droned] Drone 7 failed to receive a command: RecvError
2025-02-10 20:39:59 [WARN] [getdroned::get_droned] Drone 7 failed to receive a command: RecvError
2025-02-10 20:39:59 [WARN] [getdroned::get_droned] Drone 7 failed to receive a command: RecvError
2025-02-10 20:39:59 [WARN] [getdroned::get_droned] Drone 7 failed to receive a command: RecvError
2025-02-10 20:39:59 [WARN] [getdroned::get_droned] Drone 7 failed to receive a command: RecvError
2025-02-10 20:39:59 [WARN] [getdroned::get_droned] Drone 7 failed to receive a command: RecvError
2025-02-10 20:39:59 [WARN] [getdroned::get_droned] Drone 7 failed to receive a command: RecvError
2025-02-10 20:39:59 [WARN] [getdroned::get_droned] Drone 7 failed to receive a command: RecvError
2025-02-10 20:39:59 [WARN] [getdroned::get_droned] Drone 7 failed to receive a command: RecvError
2025-02-10 20:39:59 [WARN] [getdroned::get_droned] Drone 7 failed to receive a command: RecvError
2025-02-10 20:39:59 [WARN] [getdroned::get_droned] Drone 7 failed to receive a command: RecvError
2025-02-10 20:39:59 [WARN] [getdroned::get_droned] Drone 7 failed to receive a command: RecvError
2025-02-10 20:39:59 [WARN] [getdroned::get_droned] Drone 7 failed to receive a command: RecvError
2025-02-10 20:39:59 [WARN] [getdroned::get_droned] Drone 7 failed to receive a command: RecvError
2025-02-10 20:39:59 [WARN] [getdroned::get_droned] Drone 7 failed to receive a command: RecvError
2025-02-10 20:39:59 [WARN] [getdroned::get_droned] Drone 7 failed to receive a command: RecvError
2025-02-10 20:39:59 [WARN] [getdroned::get_droned] Drone 7 failed to receive a command: RecvError
2025-02-10 20:39:59 [WARN] [getdroned::get_droned] Drone 7 failed to receive a command: RecvError
2025-02-10 20:39:59 [WARN] [getdroned::get_droned] Drone 7 failed to receive a command: RecvError
2025-02-10 20:39:59 [WARN] [getdroned::get_droned] Drone 7 failed to receive a command: RecvError
2025-02-10 20:39:59 [WARN] [getdroned::get_droned] Drone 7 failed to receive a command: RecvError
2025-02-10 20:39:59 [WARN] [getdroned::get_droned] Drone 7 failed to receive a command: RecvError
2025-02-10 20:39:59 [WARN] [getdroned::get_droned] Drone 7 failed to receive a command: RecvError
2025-02-10 20:39:59 [WARN] [getdroned::get_droned] Drone 7 failed to receive a command: RecvError
2025-02-10 20:39:59 [WARN] [getdroned::get_droned] Drone 7 failed to receive a command: RecvError
2025-02-10 20:39:59 [WARN] [getdroned::get_droned] Drone 7 failed to receive a command: RecvError
2025-02-10 20:39:59 [WARN] [getdroned::get_droned] Drone 7 failed to receive a command: RecvError
2025-02-10 20:39:59 [WARN] [getdroned::get_droned] Drone 7 failed to receive a command: RecvError
2025-02-10 20:39:59 [WARN] [getdroned::get_droned] Drone 7 failed to receive a command: RecvError
2025-02-10 20:39:59 [WARN] [getdroned::get_droned] Drone 7 failed to receive a command: RecvError
2025-02-10 20:39:59 [WARN] [getdroned::get_droned] Drone 7 failed to receive a command: RecvError
2025-02-10 20:39:59 [WARN] [getdroned::get_droned] Drone 7 failed to receive a command: RecvError
2025-02-10 20:39:59 [WARN] [getdroned::get_droned] Drone 7 failed to receive a command: RecvError
2025-02-10 20:39:59 [WARN] [getdroned::get_droned] Drone 7 failed to receive a command: RecvError
2025-02-10 20:39:59 [WARN] [getdroned::get_droned] Drone 7 failed to receive a command: RecvError
2025-02-10 20:39:59 [WARN] [getdroned::get_droned] Drone 7 failed to receive a command: RecvError
2025-02-10 20:39:59 [WARN] [getdroned::get_droned] Drone 7 failed to receive a command: RecvError
2025-02-10 20:39:59 [WARN] [getdroned::get_droned] Drone 7 failed to receive a command: RecvError
2025-02-10 20:39:59 [WARN] [getdroned::get_droned] Drone 7 failed to receive a command: RecvError
2025-02-10 20:39:59 [WARN] [getdroned::get_droned] Drone 7 failed to receive a command: RecvError
2025-02-10 20:39:59 [WARN] [getdroned::get_droned] Drone 7 failed to receive a command: RecvError
2025-02-10 20:39:59 [WARN] [getdroned::get_droned] Drone 7 failed to receive a command: RecvError
2025-02-10 20:39:59 [WARN] [getdroned::get_droned] Drone 7 failed to receive a command: RecvError
2025-02-10 20:39:59 [WARN] [getdroned::get_droned] Drone 7 failed to receive a command: RecvError
2025-02-10 20:39:59 [WARN] [getdroned::get_droned] Drone 7 failed to receive a command: RecvError
2025-02-10 20:39:59 [WARN] [getdroned::get_droned] Drone 7 failed to receive a command: RecvError
2025-02-10 20:39:59 [WARN] [getdroned::get_droned] Drone 7 failed to receive a command: RecvError
2025-02-10 20:39:59 [WARN] [getdroned::get_droned] Drone 7 failed to receive a command: RecvError
2025-02-10 20:39:59 [WARN] [getdroned::get_droned] Drone 7 failed to receive a command: RecvError
2025-02-10 20:39:59 [WARN] [getdroned::get_droned] Drone 7 failed to receive a command: RecvError
2025-02-10 20:39:59 [WARN] [getdroned::get_droned] Drone 7 failed to receive a command: RecvError
2025-02-10 20:39:59 [WARN] [getdroned::get_droned] Drone 7 failed to receive a command: RecvError
2025-02-10 20:39:59 [WARN] [getdroned::get_droned] Drone 7 failed to receive a command: RecvError
2025-02-10 20:39:59 [WARN] [getdroned::get_droned] Drone 7 failed to receive a command: RecvError
2025-02-10 20:39:59 [WARN] [getdroned::get_droned] Drone 7 failed to receive a command: RecvError
2025-02-10 20:39:59 [WARN] [getdroned::get_droned] Drone 7 failed to receive a command: RecvError
2025-02-10 20:39:59 [WARN] [getdroned::get_droned] Drone 7 failed to receive a command: RecvError
2025-02-10 20:39:59 [WARN] [getdroned::get_droned] Drone 7 failed to receive a command: RecvError
2025-02-10 20:39:59 [WARN] [getdroned::get_droned] Drone 7 failed to receive a command: RecvError
2025-02-10 20:39:59 [WARN] [getdroned::get_droned] Drone 7 failed to receive a command: RecvError
2025-02-10 20:39:59 [WARN] [getdroned::get_droned] Drone 7 failed to receive a command: RecvError
2025-02-10 20:39:59 [WARN] [getdroned::get_droned] Drone 7 failed to receive a command: RecvError
2025-02-10 20:39:59 [WARN] [getdroned::get_droned] Drone 7 failed to receive a command: RecvError
2025-02-10 20:39:59 [WARN] [getdroned::get_droned] Drone 7 failed to receive a command: RecvError
2025-02-10 20:39:59 [WARN] [getdroned::get_droned] Drone 7 failed to receive a command: RecvError
2025-02-10 20:39:59 [WARN] [getdroned::get_droned] Drone 7 failed to receive a command: RecvError
2025-02-10 20:39:59 [WARN] [getdroned::get_droned] Drone 7 failed to receive a command: RecvError
2025-02-10 20:39:59 [WARN] [getdroned::get_droned] Drone 7 failed to receive a command: RecvError
2025-02-10 20:39:59 [WARN] [getdroned::get_droned] Drone 7 failed to receive a command: RecvError
2025-02-10 20:39:59 [WARN] [getdroned::get_droned] Drone 7 failed to receive a command: RecvError
2025-02-10 20:39:59 [WARN] [getdroned::get_droned] Drone 7 failed to receive a command: RecvError
2025-02-10 20:39:59 [WARN] [getdroned::get_droned] Drone 7 failed to receive a command: RecvError
2025-02-10 20:39:59 [WARN] [getdroned::get_droned] Drone 7 failed to receive a command: RecvError
2025-02-10 20:39:59 [WARN] [getdroned::get_droned] Drone 7 failed to receive a command: RecvError
2025-02-10 20:39:59 [WARN] [getdroned::get_droned] Drone 7 failed to receive a command: RecvError
2025-02-10 20:39:59 [WARN] [getdroned::get_droned] Drone 7 failed to receive a command: RecvError
2025-02-10 20:39:59 [WARN] [getdroned::get_droned] Drone 7 failed to receive a command: RecvError
2025-02-10 20:39:59 [WARN] [getdroned::get_droned] Drone 7 failed to receive a command: RecvError
2025-02-10 20:39:59 [WARN] [getdroned::get_droned] Drone 7 failed to receive a command: RecvError
2025-02-10 20:39:59 [WARN] [getdroned::get_droned] Drone 7 failed to receive a command: RecvError
2025-02-10 20:39:59 [WARN] [getdroned::get_droned] Drone 7 failed to receive a command: RecvError
2025-02-10 20:39:59 [WARN] [getdroned::get_droned] Drone 7 failed to receive a command: RecvError
2025-02-10 20:39:59 [WARN] [getdroned::get_droned] Drone 7 failed to receive a command: RecvError
2025-02-10 20:39:59 [WARN] [getdroned::get_droned] Drone 7 failed to receive a command: RecvError
2025-02-10 20:39:59 [WARN] [getdroned::get_droned] Drone 7 failed to receive a command: RecvError
2025-02-10 20:39:59 [WARN] [getdroned::get_droned] Drone 7 failed to receive a command: RecvError
2025-02-10 20:39:59 [WARN] [getdroned::get_droned] Drone 7 failed to receive a command: RecvError
2025-02-10 20:39:59 [WARN] [getdroned::get_droned] Drone 7 failed to receive a command: RecvError
2025-02-10 20:39:59 [WARN] [getdroned::get_droned] Drone 7 failed to receive a command: RecvError
2025-02-10 20:39:59 [WARN] [getdroned::get_droned] Drone 7 failed to receive a command: RecvError
2025-02-10 20:39:59 [WARN] [getdroned::get_droned] Drone 7 failed to receive a command: RecvError
2025-02-10 20:39:59 [WARN] [getdroned::get_droned] Drone 7 failed to receive a command: RecvError
2025-02-10 20:39:59 [WARN] [getdroned::get_droned] Drone 7 failed to receive a command: RecvError
2025-02-10 20:39:59 [WARN] [getdroned::get_droned] Drone 7 failed to receive a command: RecvError
2025-02-10 20:39:59 [WARN] [getdroned::get_droned] Drone 7 failed to receive a command: RecvError
2025-02-10 20:39:59 [WARN] [getdroned::get_droned] Drone 7 failed to receive a command: RecvError
2025-02-10 20:39:59 [WARN] [getdroned::get_droned] Drone 7 failed to receive a command: RecvError
2025-02-10 20:39:59 [WARN] [getdroned::get_droned] Drone 7 failed to receive a command: RecvError
2025-02-10 20:39:59 [WARN] [getdroned::get_droned] Drone 7 failed to receive a command: RecvError
2025-02-10 20:39:59 [WARN] [getdroned::get_droned] Drone 7 failed to receive a command: RecvError
2025-02-10 20:39:59 [WARN] [getdroned::get_droned] Drone 7 failed to receive a command: RecvError
2025-02-10 20:39:59 [WARN] [getdroned::get_droned] Drone 7 failed to receive a command: RecvError
2025-02-10 20:39:59 [WARN] [getdroned::get_droned] Drone 7 failed to receive a command: RecvError
2025-02-10 20:39:59 [WARN] [getdroned::get_droned] Drone 7 failed to receive a command: RecvError
2025-02-10 20:39:59 [WARN] [getdroned::get_droned] Drone 7 failed to receive a command: RecvError
2025-02-10 20:39:59 [WARN] [getdroned::get_droned] Drone 7 failed to receive a command: RecvError
2025-02-10 20:39:59 [WARN] [getdroned::get_droned] Drone 7 failed to receive a command: RecvError
2025-02-10 20:39:59 [WARN] [getdroned::get_droned] Drone 7 failed to receive a command: RecvError
2025-02-10 20:39:59 [WARN] [getdroned::get_droned] Drone 7 failed to receive a command: RecvError
2025-02-10 20:39:59 [WARN] [getdroned::get_droned] Drone 7 failed to receive a command: RecvError
2025-02-10 20:39:59 [WARN] [getdroned::get_droned] Drone 7 failed to receive a command: RecvError
2025-02-10 20:39:59 [WARN] [getdroned::get_droned] Drone 7 failed to receive a command: RecvError
2025-02-10 20:39:59 [WARN] [getdroned::get_droned] Drone 7 failed to receive a command: RecvError
2025-02-10 20:39:59 [WARN] [getdroned::get_droned] Drone 7 failed to receive a command: RecvError
2025-02-10 20:39:59 [WARN] [getdroned::get_droned] Drone 7 failed to receive a command: RecvError
2025-02-10 20:39:59 [WARN] [getdroned::get_droned] Drone 7 failed to receive a command: RecvError
2025-02-10 20:39:59 [WARN] [getdroned::get_droned] Drone 7 failed to receive a command: RecvError
2025-02-10 20:39:59 [WARN] [getdroned::get_droned] Drone 7 failed to receive a command: RecvError
2025-02-10 20:39:59 [WARN] [getdroned::get_droned] Drone 7 failed to receive a command: RecvError
2025-02-10 20:39:59 [WARN] [getdroned::get_droned] Drone 7 failed to receive a command: RecvError
2025-02-10 20:39:59 [WARN] [getdroned::get_droned] Drone 7 failed to receive a command: RecvError
2025-02-10 20:39:59 [WARN] [getdroned::get_droned] Drone 7 failed to receive a command: RecvError
2025-02-10 20:39:59 [WARN] [getdroned::get_droned] Drone 7 failed to receive a command: RecvError
2025-02-10 20:39:59 [WARN] [getdroned::get_droned] Drone 7 failed to receive a command: RecvError
2025-02-10 20:39:59 [WARN] [getdroned::get_droned] Drone 7 failed to receive a command: RecvError
2025-02-10 20:39:59 [WARN] [getdroned::get_droned] Drone 7 failed to receive a command: RecvError
2025-02-10 20:39:59 [WARN] [getdroned::get_droned] Drone 7 failed to receive a command: RecvError
2025-02-10 20:39:59 [WARN] [getdroned::get_droned] Drone 7 failed to receive a command: RecvError
2025-02-10 20:39:59 [WARN] [getdroned::get_droned] Drone 7 failed to receive a command: RecvError
2025-02-10 20:39:59 [WARN] [getdroned::get_droned] Drone 7 failed to receive a command: RecvError
2025-02-10 20:39:59 [WARN] [getdroned::get_droned] Drone 7 failed to receive a command: RecvError
2025-02-10 20:39:59 [WARN] [getdroned::get_droned] Drone 7 failed to receive a command: RecvError
2025-02-10 20:39:59 [WARN] [getdroned::get_droned] Drone 7 failed to receive a command: RecvError
2025-02-10 20:39:59 [WARN] [getdroned::get_droned] Drone 7 failed to receive a command: RecvError
2025-02-10 20:39:59 [WARN] [getdroned::get_droned] Drone 7 failed to receive a command: RecvError
2025-02-10 20:39:59 [WARN] [getdroned::get_droned] Drone 7 failed to receive a command: RecvError
2025-02-10 20:39:59 [WARN] [getdroned::get_droned] Drone 7 failed to receive a command: RecvError
2025-02-10 20:39:59 [WARN] [getdroned::get_droned] Drone 7 failed to receive a command: RecvError
2025-02-10 20:39:59 [WARN] [getdroned::get_droned] Drone 7 failed to receive a command: RecvError
2025-02-10 20:39:59 [WARN] [getdroned::get_droned] Drone 7 failed to receive a command: RecvError
2025-02-10 20:39:59 [WARN] [getdroned::get_droned] Drone 7 failed to receive a command: RecvError
2025-02-10 20:39:59 [WARN] [getdroned::get_droned] Drone 7 failed to receive a command: RecvError
2025-02-10 20:39:59 [WARN] [getdroned::get_droned] Drone 7 failed to receive a command: RecvError
2025-02-10 20:39:59 [WARN] [getdroned::get_droned] Drone 7 failed to receive a command: RecvError
2025-02-10 20:39:59 [WARN] [getdroned::get_droned] Drone 7 failed to receive a command: RecvError
2025-02-10 20:39:59 [WARN] [getdroned::get_droned] Drone 7 failed to receive a command: RecvError
2025-02-10 20:39:59 [WARN] [getdroned::get_droned] Drone 7 failed to receive a command: RecvError
2025-02-10 20:39:59 [WARN] [getdroned::get_droned] Drone 7 failed to receive a command: RecvError
2025-02-10 20:39:59 [WARN] [getdroned::get_droned] Drone 7 failed to receive a command: RecvError
2025-02-10 20:39:59 [WARN] [getdroned::get_droned] Drone 7 failed to receive a command: RecvError
2025-02-10 20:39:59 [WARN] [getdroned::get_droned] Drone 7 failed to receive a command: RecvError
2025-02-10 20:39:59 [WARN] [getdroned::get_droned] Drone 7 failed to receive a command: RecvError
2025-02-10 20:39:59 [WARN] [getdroned::get_droned] Drone 7 failed to receive a command: RecvError
2025-02-10 20:39:59 [WARN] [getdroned::get_droned] Drone 7 failed to receive a command: RecvError
2025-02-10 20:39:59 [WARN] [getdroned::get_droned] Drone 7 failed to receive a command: RecvError
2025-02-10 20:39:59 [WARN] [getdroned::get_droned] Drone 7 failed to receive a command: RecvError
2025-02-10 20:39:59 [WARN] [getdroned::get_droned] Drone 7 failed to receive a command: RecvError
2025-02-10 20:39:59 [WARN] [getdroned::get_droned] Drone 7 failed to receive a command: RecvError
2025-02-10 20:39:59 [WARN] [getdroned::get_droned] Drone 7 failed to receive a command: RecvError
2025-02-10 20:39:59 [WARN] [getdroned::get_droned] Drone 7 failed to receive a command: RecvError
2025-02-10 20:39:59 [WARN] [getdroned::get_droned] Drone 7 failed to receive a command: RecvError
2025-02-10 20:39:59 [WARN] [getdroned::get_droned] Drone 7 failed to receive a command: RecvError
2025-02-10 20:39:59 [WARN] [getdroned::get_droned] Drone 7 failed to receive a command: RecvError
2025-02-10 20:39:59 [WARN] [getdroned::get_droned] Drone 7 failed to receive a command: RecvError
2025-02-10 20:39:59 [WARN] [getdroned::get_droned] Drone 7 failed to receive a command: RecvError
2025-02-10 20:39:59 [WARN] [getdroned::get_droned] Drone 7 failed to receive a command: RecvError
2025-02-10 20:39:59 [WARN] [getdroned::get_droned] Drone 7 failed to receive a command: RecvError
2025-02-10 20:39:59 [WARN] [getdroned::get_droned] Drone 7 failed to receive a command: RecvError
2025-02-10 20:39:59 [WARN] [getdroned::get_droned] Drone 7 failed to receive a command: RecvError
2025-02-10 20:39:59 [WARN] [getdroned::get_droned] Drone 7 failed to receive a command: RecvError
2025-02-10 20:39:59 [WARN] [getdroned::get_droned] Drone 7 failed to receive a command: RecvError
2025-02-10 20:39:59 [WARN] [getdroned::get_droned] Drone 7 failed to receive a command: RecvError
2025-02-10 20:39:59 [WARN] [getdroned::get_droned] Drone 7 failed to receive a command: RecvError
2025-02-10 20:39:59 [WARN] [getdroned::get_droned] Drone 7 failed to receive a command: RecvError
2025-02-10 20:39:59 [WARN] [getdroned::get_droned] Drone 7 failed to receive a command: RecvError
2025-02-10 20:39:59 [WARN] [getdroned::get_droned] Drone 7 failed to receive a command: RecvError
2025-02-10 20:39:59 [WARN] [getdroned::get_droned] Drone 7 failed to receive a command: RecvError
2025-02-10 20:39:59 [WARN] [getdroned::get_droned] Drone 7 failed to receive a command: RecvError
2025-02-10 20:39:59 [WARN] [getdroned::get_droned] Drone 7 failed to receive a command: RecvError
2025-02-10 20:39:59 [WARN] [getdroned::get_droned] Drone 7 failed to receive a command: RecvError
2025-02-10 20:39:59 [WARN] [getdroned::get_droned] Drone 7 failed to receive a command: RecvError
2025-02-10 20:39:59 [WARN] [getdroned::get_droned] Drone 7 failed to receive a command: RecvError
2025-02-10 20:39:59 [WARN] [getdroned::get_droned] Drone 7 failed to receive a command: RecvError
2025-02-10 20:39:59 [WARN] [getdroned::get_droned] Drone 7 failed to receive a command: RecvError
2025-02-10 20:39:59 [WARN] [getdroned::get_droned] Drone 7 failed to receive a command: RecvError
2025-02-10 20:39:59 [WARN] [getdroned::get_droned] Drone 7 failed to receive a command: RecvError
2025-02-10 20:39:59 [WARN] [getdroned::get_droned] Drone 7 failed to receive a command: RecvError
2025-02-10 20:39:59 [WARN] [getdroned::get_droned] Drone 7 failed to receive a command: RecvError
2025-02-10 20:39:59 [WARN] [getdroned::get_droned] Drone 7 failed to receive a command: RecvError
2025-02-10 20:39:59 [WARN] [getdroned::get_droned] Drone 7 failed to receive a command: RecvError
2025-02-10 20:39:59 [WARN] [getdroned::get_droned] Drone 7 failed to receive a command: RecvError
2025-02-10 20:39:59 [WARN] [getdroned::get_droned] Drone 7 failed to receive a command: RecvError
2025-02-10 20:39:59 [WARN] [getdroned::get_droned] Drone 7 failed to receive a command: RecvError
2025-02-10 20:39:59 [WARN] [getdroned::get_droned] Drone 7 failed to receive a command: RecvError
2025-02-10 20:39:59 [WARN] [getdroned::get_droned] Drone 7 failed to receive a command: RecvError
2025-02-10 20:39:59 [WARN] [getdroned::get_droned] Drone 7 failed to receive a command: RecvError
2025-02-10 20:39:59 [WARN] [getdroned::get_droned] Drone 7 failed to receive a command: RecvError
2025-02-10 20:39:59 [WARN] [getdroned::get_droned] Drone 7 failed to receive a command: RecvError
2025-02-10 20:39:59 [WARN] [getdroned::get_droned] Drone 7 failed to receive a command: RecvError
2025-02-10 20:39:59 [WARN] [getdroned::get_droned] Drone 7 failed to receive a command: RecvError
2025-02-10 20:39:59 [WARN] [getdroned::get_droned] Drone 7 failed to receive a command: RecvError
2025-02-10 20:39:59 [WARN] [getdroned::get_droned] Drone 7 failed to receive a command: RecvError
2025-02-10 20:39:59 [WARN] [getdroned::get_droned] Drone 7 failed to receive a command: RecvError
2025-02-10 20:39:59 [WARN] [getdroned::get_droned] Drone 7 failed to receive a command: RecvError
2025-02-10 20:39:59 [WARN] [getdroned::get_droned] Drone 7 failed to receive a command: RecvError
2025-02-10 20:39:59 [WARN] [getdroned::get_droned] Drone 7 failed to receive a command: RecvError
2025-02-10 20:39:59 [WARN] [getdroned::get_droned] Drone 7 failed to receive a command: RecvError
2025-02-10 20:39:59 [WARN] [getdroned::get_droned] Drone 7 failed to receive a command: RecvError
2025-02-10 20:39:59 [WARN] [getdroned::get_droned] Drone 7 failed to receive a command: RecvError
2025-02-10 20:39:59 [WARN] [getdroned::get_droned] Drone 7 failed to receive a command: RecvError
2025-02-10 20:39:59 [WARN] [getdroned::get_droned] Drone 7 failed to receive a command: RecvError
2025-02-10 20:39:59 [WARN] [getdroned::get_droned] Drone 7 failed to receive a command: RecvError
2025-02-10 20:39:59 [WARN] [getdroned::get_droned] Drone 7 failed to receive a command: RecvError
2025-02-10 20:39:59 [WARN] [getdroned::get_droned] Drone 7 failed to receive a command: RecvError
2025-02-10 20:39:59 [WARN] [getdroned::get_droned] Drone 7 failed to receive a command: RecvError
2025-02-10 20:39:59 [WARN] [getdroned::get_droned] Drone 7 failed to receive a command: RecvError
2025-02-10 20:39:59 [WARN] [getdroned::get_droned] Drone 7 failed to receive a command: RecvError
2025-02-10 20:39:59 [WARN] [getdroned::get_droned] Drone 7 failed to receive a command: RecvError
2025-02-10 20:39:59 [WARN] [getdroned::get_droned] Drone 7 failed to receive a command: RecvError
2025-02-10 20:39:59 [WARN] [getdroned::get_droned] Drone 7 failed to receive a command: RecvError
2025-02-10 20:39:59 [WARN] [getdroned::get_droned] Drone 7 failed to receive a command: RecvError
2025-02-10 20:39:59 [WARN] [getdroned::get_droned] Drone 7 failed to receive a command: RecvError
2025-02-10 20:39:59 [WARN] [getdroned::get_droned] Drone 7 failed to receive a command: RecvError
2025-02-10 20:39:59 [WARN] [getdroned::get_droned] Drone 7 failed to receive a command: RecvError
2025-02-10 20:39:59 [WARN] [getdroned::get_droned] Drone 7 failed to receive a command: RecvError
2025-02-10 20:39:59 [WARN] [getdroned::get_droned] Drone 7 failed to receive a command: RecvError
2025-02-10 20:39:59 [WARN] [getdroned::get_droned] Drone 7 failed to receive a command: RecvError
2025-02-10 20:39:59 [WARN] [getdroned::get_droned] Drone 7 failed to receive a command: RecvError
2025-02-10 20:39:59 [WARN] [getdroned::get_droned] Drone 7 failed to receive a command: RecvError
2025-02-10 20:39:59 [WARN] [getdroned::get_droned] Drone 7 failed to receive a command: RecvError
2025-02-10 20:39:59 [WARN] [getdroned::get_droned] Drone 7 failed to receive a command: RecvError
2025-02-10 20:39:59 [WARN] [getdroned::get_droned] Drone 7 failed to receive a command: RecvError
2025-02-10 20:39:59 [WARN] [getdroned::get_droned] Drone 7 failed to receive a command: RecvError
2025-02-10 20:39:59 [WARN] [getdroned::get_droned] Drone 7 failed to receive a command: RecvError
2025-02-10 20:39:59 [WARN] [getdroned::get_droned] Drone 7 failed to receive a command: RecvError
2025-02-10 20:39:59 [WARN] [getdroned::get_droned] Drone 7 failed to receive a command: RecvError
2025-02-10 20:39:59 [WARN] [getdroned::get_droned] Drone 7 failed to receive a command: RecvError
2025-02-10 20:39:59 [WARN] [getdroned::get_droned] Drone 7 failed to receive a command: RecvError
2025-02-10 20:39:59 [WARN] [getdroned::get_droned] Drone 7 failed to receive a command: RecvError
2025-02-10 20:39:59 [WARN] [getdroned::get_droned] Drone 7 failed to receive a command: RecvError
2025-02-10 20:39:59 [WARN] [getdroned::get_droned] Drone 7 failed to receive a command: RecvError
2025-02-10 20:39:59 [WARN] [getdroned::get_droned] Drone 7 failed to receive a command: RecvError
2025-02-10 20:39:59 [WARN] [getdroned::get_droned] Drone 7 failed to receive a command: RecvError
2025-02-10 20:39:59 [WARN] [getdroned::get_droned] Drone 7 failed to receive a command: RecvError
2025-02-10 20:39:59 [WARN] [getdroned::get_droned] Drone 7 failed to receive a command: RecvError
2025-02-10 20:39:59 [WARN] [getdroned::get_droned] Drone 7 failed to receive a command: RecvError
2025-02-10 20:39:59 [WARN] [getdroned::get_droned] Drone 7 failed to receive a command: RecvError
2025-02-10 20:39:59 [WARN] [getdroned::get_droned] Drone 7 failed to receive a command: RecvError
2025-02-10 20:39:59 [WARN] [getdroned::get_droned] Drone 7 failed to receive a command: RecvError
2025-02-10 20:39:59 [WARN] [getdroned::get_droned] Drone 7 failed to receive a command: RecvError
2025-02-10 20:39:59 [WARN] [getdroned::get_droned] Drone 7 failed to receive a command: RecvError
2025-02-10 20:39:59 [WARN] [getdroned::get_droned] Drone 7 failed to receive a command: RecvError
2025-02-10 20:39:59 [WARN] [getdroned::get_droned] Drone 7 failed to receive a command: RecvError
2025-02-10 20:39:59 [WARN] [getdroned::get_droned] Drone 7 failed to receive a command: RecvError
2025-02-10 20:39:59 [WARN] [getdroned::get_droned] Drone 7 failed to receive a command: RecvError
2025-02-10 20:39:59 [WARN] [getdroned::get_droned] Drone 7 failed to receive a command: RecvError
2025-02-10 20:39:59 [WARN] [getdroned::get_droned] Drone 7 failed to receive a command: RecvError
2025-02-10 20:39:59 [WARN] [getdroned::get_droned] Drone 7 failed to receive a command: RecvError
2025-02-10 20:39:59 [WARN] [getdroned::get_droned] Drone 7 failed to receive a command: RecvError
2025-02-10 20:39:59 [WARN] [getdroned::get_droned] Drone 7 failed to receive a command: RecvError
2025-02-10 20:39:59 [WARN] [getdroned::get_droned] Drone 7 failed to receive a command: RecvError
2025-02-10 20:39:59 [WARN] [getdroned::get_droned] Drone 7 failed to receive a command: RecvError
2025-02-10 20:39:59 [WARN] [getdroned::get_droned] Drone 7 failed to receive a command: RecvError
2025-02-10 20:39:59 [WARN] [getdroned::get_droned] Drone 7 failed to receive a command: RecvError
2025-02-10 20:39:59 [WARN] [getdroned::get_droned] Drone 7 failed to receive a command: RecvError
2025-02-10 20:39:59 [WARN] [getdroned::get_droned] Drone 7 failed to receive a command: RecvError
2025-02-10 20:39:59 [WARN] [getdroned::get_droned] Drone 7 failed to receive a command: RecvError
2025-02-10 20:39:59 [WARN] [getdroned::get_droned] Drone 7 failed to receive a command: RecvError
2025-02-10 20:39:59 [WARN] [getdroned::get_droned] Drone 7 failed to receive a command: RecvError
2025-02-10 20:39:59 [WARN] [getdroned::get_droned] Drone 7 failed to receive a command: RecvError
2025-02-10 20:39:59 [WARN] [getdroned::get_droned] Drone 7 failed to receive a command: RecvError
2025-02-10 20:39:59 [WARN] [getdroned::get_droned] Drone 7 failed to receive a command: RecvError
2025-02-10 20:39:59 [WARN] [getdroned::get_droned] Drone 7 failed to receive a command: RecvError
2025-02-10 20:39:59 [WARN] [getdroned::get_droned] Drone 7 failed to receive a command: RecvError
2025-02-10 20:39:59 [WARN] [getdroned::get_droned] Drone 7 failed to receive a command: RecvError
2025-02-10 20:39:59 [WARN] [getdroned::get_droned] Drone 7 failed to receive a command: RecvError
2025-02-10 20:39:59 [WARN] [getdroned::get_droned] Drone 7 failed to receive a command: RecvError
2025-02-10 20:39:59 [WARN] [getdroned::get_droned] Drone 7 failed to receive a command: RecvError
2025-02-10 20:39:59 [WARN] [getdroned::get_droned] Drone 7 failed to receive a command: RecvError
2025-02-10 20:39:59 [WARN] [getdroned::get_droned] Drone 7 failed to receive a command: RecvError
2025-02-10 20:39:59 [WARN] [getdroned::get_droned] Drone 7 failed to receive a command: RecvError
2025-02-10 20:39:59 [WARN] [getdroned::get_droned] Drone 7 failed to receive a command: RecvError
2025-02-10 20:39:59 [WARN] [getdroned::get_droned] Drone 7 failed to receive a command: RecvError
2025-02-10 20:39:59 [WARN] [getdroned::get_droned] Drone 7 failed to receive a command: RecvError
2025-02-10 20:39:59 [WARN] [getdroned::get_droned] Drone 7 failed to receive a command: RecvError
2025-02-10 20:39:59 [WARN] [getdroned::get_droned] Drone 7 failed to receive a command: RecvError
2025-02-10 20:39:59 [WARN] [getdroned::get_droned] Drone 7 failed to receive a command: RecvError
2025-02-10 20:39:59 [WARN] [getdroned::get_droned] Drone 7 failed to receive a command: RecvError
2025-02-10 20:39:59 [WARN] [getdroned::get_droned] Drone 7 failed to receive a command: RecvError
2025-02-10 20:39:59 [WARN] [getdroned::get_droned] Drone 7 failed to receive a command: RecvError
2025-02-10 20:39:59 [WARN] [getdroned::get_droned] Drone 7 failed to receive a command: RecvError
2025-02-10 20:39:59 [WARN] [getdroned::get_droned] Drone 7 failed to receive a command: RecvError
2025-02-10 20:39:59 [WARN] [getdroned::get_droned] Drone 7 failed to receive a command: RecvError
2025-02-10 20:39:59 [WARN] [getdroned::get_droned] Drone 7 failed to receive a command: RecvError
2025-02-10 20:39:59 [WARN] [getdroned::get_droned] Drone 7 failed to receive a command: RecvError
2025-02-10 20:39:59 [WARN] [getdroned::get_droned] Drone 7 failed to receive a command: RecvError
2025-02-10 20:39:59 [WARN] [getdroned::get_droned] Drone 7 failed to receive a command: RecvError
2025-02-10 20:39:59 [WARN] [getdroned::get_droned] Drone 7 failed to receive a command: RecvError
2025-02-10 20:39:59 [WARN] [getdroned::get_droned] Drone 7 failed to receive a command: RecvError
2025-02-10 20:39:59 [WARN] [getdroned::get_droned] Drone 7 failed to receive a command: RecvError
2025-02-10 20:39:59 [WARN] [getdroned::get_droned] Drone 7 failed to receive a command: RecvError
2025-02-10 20:39:59 [WARN] [getdroned::get_droned] Drone 7 failed to receive a command: RecvError
2025-02-10 20:39:59 [WARN] [getdroned::get_droned] Drone 7 failed to receive a command: RecvError
2025-02-10 20:39:59 [WARN] [getdroned::get_droned] Drone 7 failed to receive a command: RecvError
2025-02-10 20:39:59 [WARN] [getdroned::get_droned] Drone 7 failed to receive a command: RecvError
2025-02-10 20:39:59 [WARN] [getdroned::get_droned] Drone 7 failed to receive a command: RecvError
2025-02-10 20:39:59 [WARN] [getdroned::get_droned] Drone 7 failed to receive a command: RecvError
2025-02-10 20:39:59 [WARN] [getdroned::get_droned] Drone 7 failed to receive a command: RecvError
2025-02-10 20:39:59 [WARN] [getdroned::get_droned] Drone 7 failed to receive a command: RecvError
2025-02-10 20:39:59 [WARN] [getdroned::get_droned] Drone 7 failed to receive a command: RecvError
2025-02-10 20:39:59 [WARN] [getdroned::get_droned] Drone 7 failed to receive a command: RecvError
2025-02-10 20:39:59 [WARN] [getdroned::get_droned] Drone 7 failed to receive a command: RecvError
2025-02-10 20:39:59 [WARN] [getdroned::get_droned] Drone 7 failed to receive a command: RecvError
2025-02-10 20:39:59 [WARN] [getdroned::get_droned] Drone 7 failed to receive a command: RecvError
2025-02-10 20:39:59 [WARN] [getdroned::get_droned] Drone 7 failed to receive a command: RecvError
2025-02-10 20:39:59 [WARN] [getdroned::get_droned] Drone 7 failed to receive a command: RecvError
2025-02-10 20:39:59 [WARN] [getdroned::get_droned] Drone 7 failed to receive a command: RecvError
2025-02-10 20:39:59 [WARN] [getdroned::get_droned] Drone 7 failed to receive a command: RecvError
2025-02-10 20:39:59 [WARN] [getdroned::get_droned] Drone 7 failed to receive a command: RecvError
2025-02-10 20:39:59 [WARN] [getdroned::get_droned] Drone 7 failed to receive a command: RecvError
2025-02-10 20:39:59 [WARN] [getdroned::get_droned] Drone 7 failed to receive a command: RecvError
2025-02-10 20:39:59 [WARN] [getdroned::get_droned] Drone 7 failed to receive a command: RecvError
2025-02-10 20:39:59 [WARN] [getdroned::get_droned] Drone 7 failed to receive a command: RecvError
2025-02-10 20:39:59 [WARN] [getdroned::get_droned] Drone 7 failed to receive a command: RecvError
2025-02-10 20:39:59 [WARN] [getdroned::get_droned] Drone 7 failed to receive a command: RecvError
2025-02-10 20:39:59 [WARN] [getdroned::get_droned] Drone 7 failed to receive a command: RecvError
2025-02-10 20:39:59 [WARN] [getdroned::get_droned] Drone 7 failed to receive a command: RecvError
2025-02-10 20:39:59 [WARN] [getdroned::get_droned] Drone 7 failed to receive a command: RecvError
2025-02-10 20:39:59 [WARN] [getdroned::get_droned] Drone 7 failed to receive a command: RecvError
2025-02-10 20:39:59 [WARN] [getdroned::get_droned] Drone 7 failed to receive a command: RecvError
2025-02-10 20:39:59 [WARN] [getdroned::get_droned] Drone 7 failed to receive a command: RecvError
2025-02-10 20:39:59 [WARN] [getdroned::get_droned] Drone 7 failed to receive a command: RecvError
2025-02-10 20:39:59 [WARN] [getdroned::get_droned] Drone 7 failed to receive a command: RecvError
2025-02-10 20:39:59 [WARN] [getdroned::get_droned] Drone 7 failed to receive a command: RecvError
2025-02-10 20:39:59 [WARN] [getdroned::get_droned] Drone 7 failed to receive a command: RecvError
2025-02-10 20:39:59 [WARN] [getdroned::get_droned] Drone 7 failed to receive a command: RecvError
2025-02-10 20:39:59 [WARN] [getdroned::get_droned] Drone 7 failed to receive a command: RecvError
2025-02-10 20:39:59 [WARN] [getdroned::get_droned] Drone 7 failed to receive a command: RecvError
2025-02-10 20:39:59 [WARN] [getdroned::get_droned] Drone 7 failed to receive a command: RecvError
2025-02-10 20:39:59 [WARN] [getdroned::get_droned] Drone 7 failed to receive a command: RecvError
2025-02-10 20:39:59 [WARN] [getdroned::get_droned] Drone 7 failed to receive a command: RecvError
2025-02-10 20:39:59 [WARN] [getdroned::get_droned] Drone 7 failed to receive a command: RecvError
2025-02-10 20:39:59 [WARN] [getdroned::get_droned] Drone 7 failed to receive a command: RecvError
2025-02-10 20:39:59 [WARN] [getdroned::get_droned] Drone 7 failed to receive a command: RecvError
2025-02-10 20:39:59 [WARN] [getdroned::get_droned] Drone 7 failed to receive a command: RecvError
2025-02-10 20:39:59 [WARN] [getdroned::get_droned] Drone 7 failed to receive a command: RecvError
2025-02-10 20:39:59 [WARN] [getdroned::get_droned] Drone 7 failed to receive a command: RecvError
2025-02-10 20:39:59 [WARN] [getdroned::get_droned] Drone 7 failed to receive a command: RecvError
2025-02-10 20:39:59 [WARN] [getdroned::get_droned] Drone 7 failed to receive a command: RecvError
2025-02-10 20:39:59 [WARN] [getdroned::get_droned] Drone 7 failed to receive a command: RecvError
2025-02-10 20:39:59 [WARN] [getdroned::get_droned] Drone 7 failed to receive a command: RecvError
2025-02-10 20:39:59 [WARN] [getdroned::get_droned] Drone 7 failed to receive a command: RecvError
2025-02-10 20:39:59 [WARN] [getdroned::get_droned] Drone 7 failed to receive a command: RecvError
2025-02-10 20:39:59 [WARN] [getdroned::get_droned] Drone 7 failed to receive a command: RecvError
2025-02-10 20:39:59 [WARN] [getdroned::get_droned] Drone 7 failed to receive a command: RecvError
2025-02-10 20:39:59 [WARN] [getdroned::get_droned] Drone 7 failed to receive a command: RecvError
2025-02-10 20:39:59 [WARN] [getdroned::get_droned] Drone 7 failed to receive a command: RecvError
2025-02-10 20:39:59 [WARN] [getdroned::get_droned] Drone 7 failed to receive a command: RecvError
2025-02-10 20:39:59 [WARN] [getdroned::get_droned] Drone 7 failed to receive a command: RecvError
2025-02-10 20:39:59 [WARN] [getdroned::get_droned] Drone 7 failed to receive a command: RecvError
2025-02-10 20:39:59 [WARN] [getdroned::get_droned] Drone 7 failed to receive a command: RecvError
2025-02-10 20:39:59 [WARN] [getdroned::get_droned] Drone 7 failed to receive a command: RecvError
2025-02-10 20:39:59 [WARN] [getdroned::get_droned] Drone 7 failed to receive a command: RecvError
2025-02-10 20:39:59 [WARN] [getdroned::get_droned] Drone 7 failed to receive a command: RecvError
2025-02-10 20:39:59 [WARN] [getdroned::get_droned] Drone 7 failed to receive a command: RecvError
2025-02-10 20:39:59 [WARN] [getdroned::get_droned] Drone 7 failed to receive a command: RecvError
2025-02-10 20:39:59 [WARN] [getdroned::get_droned] Drone 7 failed to receive a command: RecvError
2025-02-10 20:39:59 [WARN] [getdroned::get_droned] Drone 7 failed to receive a command: RecvError
2025-02-10 20:39:59 [WARN] [getdroned::get_droned] Drone 7 failed to receive a command: RecvError
2025-02-10 20:39:59 [WARN] [getdroned::get_droned] Drone 7 failed to receive a command: RecvError
2025-02-10 20:39:59 [WARN] [getdroned::get_droned] Drone 7 failed to receive a command: RecvError
2025-02-10 20:39:59 [WARN] [getdroned::get_droned] Drone 7 failed to receive a command: RecvError
2025-02-10 20:39:59 [WARN] [getdroned::get_droned] Drone 7 failed to receive a command: RecvError
2025-02-10 20:39:59 [WARN] [getdroned::get_droned] Drone 7 failed to receive a command: RecvError
2025-02-10 20:39:59 [WARN] [getdroned::get_droned] Drone 7 failed to receive a command: RecvError
2025-02-10 20:39:59 [WARN] [getdroned::get_droned] Drone 7 failed to receive a command: RecvError
2025-02-10 20:39:59 [WARN] [getdroned::get_droned] Drone 7 failed to receive a command: RecvError
2025-02-10 20:39:59 [WARN] [getdroned::get_droned] Drone 7 failed to receive a command: RecvError
2025-02-10 20:39:59 [WARN] [getdroned::get_droned] Drone 7 failed to receive a command: RecvError
2025-02-10 20:39:59 [WARN] [getdroned::get_droned] Drone 7 failed to receive a command: RecvError
2025-02-10 20:39:59 [WARN] [getdroned::get_droned] Drone 7 failed to receive a command: RecvError
2025-02-10 20:39:59 [WARN] [getdroned::get_droned] Drone 7 failed to receive a command: RecvError
2025-02-10 20:39:59 [WARN] [getdroned::get_droned] Drone 7 failed to receive a command: RecvError
2025-02-10 20:39:59 [WARN] [getdroned::get_droned] Drone 7 failed to receive a command: RecvError
2025-02-10 20:39:59 [WARN] [getdroned::get_droned] Drone 7 failed to receive a command: RecvError
2025-02-10 20:39:59 [WARN] [getdroned::get_droned] Drone 7 failed to receive a command: RecvError
2025-02-10 20:39:59 [WARN] [getdroned::get_droned] Drone 7 failed to receive a command: RecvError
2025-02-10 20:39:59 [WARN] [getdroned::get_droned] Drone 7 failed to receive a command: RecvError
2025-02-10 20:39:59 [WARN] [getdroned::get_droned] Drone 7 failed to receive a command: RecvError
2025-02-10 20:39:59 [WARN] [getdroned::get_droned] Drone 7 failed to receive a command: RecvError
2025-02-10 20:39:59 [WARN] [getdroned::get_droned] Drone 7 failed to receive a command: RecvError
2025-02-10 20:39:59 [WARN] [getdroned::get_droned] Drone 7 failed to receive a command: RecvError
2025-02-10 20:39:59 [WARN] [getdroned::get_droned] Drone 7 failed to receive a command: RecvError
2025-02-10 20:39:59 [WARN] [getdroned::get_droned] Drone 7 failed to receive a command: RecvError
2025-02-10 20:39:59 [WARN] [getdroned::get_droned] Drone 7 failed to receive a command: RecvError
2025-02-10 20:39:59 [WARN] [getdroned::get_droned] Drone 7 failed to receive a command: RecvError
2025-02-10 20:39:59 [WARN] [getdroned::get_droned] Drone 7 failed to receive a command: RecvError
2025-02-10 20:39:59 [WARN] [getdroned::get_droned] Drone 7 failed to receive a command: RecvError
2025-02-10 20:39:59 [WARN] [getdroned::get_droned] Drone 7 failed to receive a command: RecvError
2025-02-10 20:39:59 [WARN] [getdroned::get_droned] Drone 7 failed to receive a command: RecvError
2025-02-10 20:39:59 [WARN] [getdroned::get_droned] Drone 7 failed to receive a command: RecvError
2025-02-10 20:39:59 [WARN] [getdroned::get_droned] Drone 7 failed to receive a command: RecvError
2025-02-10 20:39:59 [WARN] [getdroned::get_droned] Drone 7 failed to receive a command: RecvError
2025-02-10 20:39:59 [WARN] [getdroned::get_droned] Drone 7 failed to receive a command: RecvError
2025-02-10 20:39:59 [WARN] [getdroned::get_droned] Drone 7 failed to receive a command: RecvError
2025-02-10 20:39:59 [WARN] [getdroned::get_droned] Drone 7 failed to receive a command: RecvError
2025-02-10 20:39:59 [WARN] [getdroned::get_droned] Drone 7 failed to receive a command: RecvError
2025-02-10 20:39:59 [WARN] [getdroned::get_droned] Drone 7 failed to receive a command: RecvError
2025-02-10 20:39:59 [WARN] [getdroned::get_droned] Drone 7 failed to receive a command: RecvError
2025-02-10 20:39:59 [WARN] [getdroned::get_droned] Drone 7 failed to receive a command: RecvError
2025-02-10 20:39:59 [WARN] [getdroned::get_droned] Drone 7 failed to receive a command: RecvError
2025-02-10 20:39:59 [WARN] [getdroned::get_droned] Drone 7 failed to receive a command: RecvError
2025-02-10 20:39:59 [WARN] [getdroned::get_droned] Drone 7 failed to receive a command: RecvError
2025-02-10 20:39:59 [WARN] [getdroned::get_droned] Drone 7 failed to receive a command: RecvError
2025-02-10 20:39:59 [WARN] [getdroned::get_droned] Drone 7 failed to receive a command: RecvError
2025-02-10 20:39:59 [WARN] [getdroned::get_droned] Drone 7 failed to receive a command: RecvError
2025-02-10 20:39:59 [WARN] [getdroned::get_droned] Drone 7 failed to receive a command: RecvError
2025-02-10 20:39:59 [WARN] [getdroned::get_droned] Drone 7 failed to receive a command: RecvError
2025-02-10 20:39:59 [WARN] [getdroned::get_droned] Drone 7 failed to receive a command: RecvError
2025-02-10 20:39:59 [WARN] [getdroned::get_droned] Drone 7 failed to receive a command: RecvError
2025-02-10 20:39:59 [WARN] [getdroned::get_droned] Drone 7 failed to receive a command: RecvError
2025-02-10 20:39:59 [WARN] [getdroned::get_droned] Drone 7 failed to receive a command: RecvError
2025-02-10 20:39:59 [WARN] [getdroned::get_droned] Drone 7 failed to receive a command: RecvError
2025-02-10 20:39:59 [WARN] [getdroned::get_droned] Drone 7 failed to receive a command: RecvError
2025-02-10 20:39:59 [WARN] [getdroned::get_droned] Drone 7 failed to receive a command: RecvError
2025-02-10 20:39:59 [WARN] [getdroned::get_droned] Drone 7 failed to receive a command: RecvError
2025-02-10 20:39:59 [WARN] [getdroned::get_droned] Drone 7 failed to receive a command: RecvError
2025-02-10 20:39:59 [WARN] [getdroned::get_droned] Drone 7 failed to receive a command: RecvError
2025-02-10 20:39:59 [WARN] [getdroned::get_droned] Drone 7 failed to receive a command: RecvError
2025-02-10 20:39:59 [WARN] [getdroned::get_droned] Drone 7 failed to receive a command: RecvError
2025-02-10 20:39:59 [WARN] [getdroned::get_droned] Drone 7 failed to receive a command: RecvError
2025-02-10 20:39:59 [WARN] [getdroned::get_droned] Drone 7 failed to receive a command: RecvError
2025-02-10 20:39:59 [WARN] [getdroned::get_droned] Drone 7 failed to receive a command: RecvError
2025-02-10 20:39:59 [WARN] [getdroned::get_droned] Drone 7 failed to receive a command: RecvError
2025-02-10 20:39:59 [WARN] [getdroned::get_droned] Drone 7 failed to receive a command: RecvError
2025-02-10 20:39:59 [WARN] [getdroned::get_droned] Drone 7 failed to receive a command: RecvError
2025-02-10 20:39:59 [WARN] [getdroned::get_droned] Drone 7 failed to receive a command: RecvError
2025-02-10 20:39:59 [WARN] [getdroned::get_droned] Drone 7 failed to receive a command: RecvError
2025-02-10 20:39:59 [WARN] [getdroned::get_droned] Drone 7 failed to receive a command: RecvError
2025-02-10 20:39:59 [WARN] [getdroned::get_droned] Drone 7 failed to receive a command: RecvError
2025-02-10 20:39:59 [WARN] [getdroned::get_droned] Drone 7 failed to receive a command: RecvError
2025-02-10 20:39:59 [WARN] [getdroned::get_droned] Drone 7 failed to receive a command: RecvError
2025-02-10 20:39:59 [WARN] [getdroned::get_droned] Drone 7 failed to receive a command: RecvError
2025-02-10 20:39:59 [WARN] [getdroned::get_droned] Drone 7 failed to receive a command: RecvError
2025-02-10 20:39:59 [WARN] [getdroned::get_droned] Drone 7 failed to receive a command: RecvError
2025-02-10 20:39:59 [WARN] [getdroned::get_droned] Drone 7 failed to receive a command: RecvError
2025-02-10 20:39:59 [WARN] [getdroned::get_droned] Drone 7 failed to receive a command: RecvError
2025-02-10 20:39:59 [WARN] [getdroned::get_droned] Drone 7 failed to receive a command: RecvError
2025-02-10 20:39:59 [WARN] [getdroned::get_droned] Drone 7 failed to receive a command: RecvError
2025-02-10 20:39:59 [WARN] [getdroned::get_droned] Drone 7 failed to receive a command: RecvError
2025-02-10 20:39:59 [WARN] [getdroned::get_droned] Drone 7 failed to receive a command: RecvError
2025-02-10 20:39:59 [WARN] [getdroned::get_droned] Drone 7 failed to receive a command: RecvError
2025-02-10 20:39:59 [WARN] [getdroned::get_droned] Drone 7 failed to receive a command: RecvError
2025-02-10 20:39:59 [WARN] [getdroned::get_droned] Drone 7 failed to receive a command: RecvError
2025-02-10 20:39:59 [WARN] [getdroned::get_droned] Drone 7 failed to receive a command: RecvError
2025-02-10 20:39:59 [WARN] [getdroned::get_droned] Drone 7 failed to receive a command: RecvError
2025-02-10 20:39:59 [WARN] [getdroned::get_droned] Drone 7 failed to receive a command: RecvError
2025-02-10 20:39:59 [WARN] [getdroned::get_droned] Drone 7 failed to receive a command: RecvError
2025-02-10 20:39:59 [WARN] [getdroned::get_droned] Drone 7 failed to receive a command: RecvError
2025-02-10 20:39:59 [WARN] [getdroned::get_droned] Drone 7 failed to receive a command: RecvError
2025-02-10 20:39:59 [WARN] [getdroned::get_droned] Drone 7 failed to receive a command: RecvError
2025-02-10 20:39:59 [WARN] [getdroned::get_droned] Drone 7 failed to receive a command: RecvError
2025-02-10 20:39:59 [WARN] [getdroned::get_droned] Drone 7 failed to receive a command: RecvError
2025-02-10 20:39:59 [WARN] [getdroned::get_droned] Drone 7 failed to receive a command: RecvError
2025-02-10 20:39:59 [WARN] [getdroned::get_droned] Drone 7 failed to receive a command: RecvError
2025-02-10 20:39:59 [WARN] [getdroned::get_droned] Drone 7 failed to receive a command: RecvError
2025-02-10 20:39:59 [WARN] [getdroned::get_droned] Drone 7 failed to receive a command: RecvError
2025-02-10 20:39:59 [WARN] [getdroned::get_droned] Drone 7 failed to receive a command: RecvError
2025-02-10 20:39:59 [WARN] [getdroned::get_droned] Drone 7 failed to receive a command: RecvError
2025-02-10 20:39:59 [WARN] [getdroned::get_droned] Drone 7 failed to receive a command: RecvError
2025-02-10 20:39:59 [WARN] [getdroned::get_droned] Drone 7 failed to receive a command: RecvError
2025-02-10 20:39:59 [WARN] [getdroned::get_droned] Drone 7 failed to receive a command: RecvError
2025-02-10 20:39:59 [WARN] [getdroned::get_droned] Drone 7 failed to receive a command: RecvError
2025-02-10 20:39:59 [WARN] [getdroned::get_droned] Drone 7 failed to receive a command: RecvError
2025-02-10 20:39:59 [WARN] [getdroned::get_droned] Drone 7 failed to receive a command: RecvError
2025-02-10 20:39:59 [WARN] [getdroned::get_droned] Drone 7 failed to receive a command: RecvError
2025-02-10 20:39:59 [WARN] [getdroned::get_droned] Drone 7 failed to receive a command: RecvError
2025-02-10 20:39:59 [WARN] [getdroned::get_droned] Drone 7 failed to receive a command: RecvError
2025-02-10 20:39:59 [WARN] [getdroned::get_droned] Drone 7 failed to receive a command: RecvError
2025-02-10 20:39:59 [WARN] [getdroned::get_droned] Drone 7 failed to receive a command: RecvError
2025-02-10 20:39:59 [WARN] [getdroned::get_droned] Drone 7 failed to receive a command: RecvError
2025-02-10 20:39:59 [WARN] [getdroned::get_droned] Drone 7 failed to receive a command: RecvError
2025-02-10 20:39:59 [WARN] [getdroned::get_droned] Drone 7 failed to receive a command: RecvError
2025-02-10 20:39:59 [WARN] [getdroned::get_droned] Drone 7 failed to receive a command: RecvError
2025-02-10 20:39:59 [WARN] [getdroned::get_droned] Drone 7 failed to receive a command: RecvError
2025-02-10 20:39:59 [WARN] [getdroned::get_droned] Drone 7 failed to receive a command: RecvError
2025-02-10 20:39:59 [WARN] [getdroned::get_droned] Drone 7 failed to receive a command: RecvError
2025-02-10 20:39:59 [WARN] [getdroned::get_droned] Drone 7 failed to receive a command: RecvError
2025-02-10 20:39:59 [WARN] [getdroned::get_droned] Drone 7 failed to receive a command: RecvError
2025-02-10 20:39:59 [WARN] [getdroned::get_droned] Drone 7 failed to receive a command: RecvError
2025-02-10 20:39:59 [WARN] [getdroned::get_droned] Drone 7 failed to receive a command: RecvError
2025-02-10 20:39:59 [WARN] [getdroned::get_droned] Drone 7 failed to receive a command: RecvError
2025-02-10 20:39:59 [WARN] [getdroned::get_droned] Drone 7 failed to receive a command: RecvError
2025-02-10 20:39:59 [WARN] [getdroned::get_droned] Drone 7 failed to receive a command: RecvError
2025-02-10 20:39:59 [WARN] [getdroned::get_droned] Drone 7 failed to receive a command: RecvError
2025-02-10 20:39:59 [WARN] [getdroned::get_droned] Drone 7 failed to receive a command: RecvError
2025-02-10 20:39:59 [WARN] [getdroned::get_droned] Drone 7 failed to receive a command: RecvError
2025-02-10 20:39:59 [WARN] [getdroned::get_droned] Drone 7 failed to receive a command: RecvError
2025-02-10 20:39:59 [WARN] [getdroned::get_droned] Drone 7 failed to receive a command: RecvError
2025-02-10 20:39:59 [WARN] [getdroned::get_droned] Drone 7 failed to receive a command: RecvError
2025-02-10 20:39:59 [WARN] [getdroned::get_droned] Drone 7 failed to receive a command: RecvError
2025-02-10 20:39:59 [WARN] [getdroned::get_droned] Drone 7 failed to receive a command: RecvError
2025-02-10 20:39:59 [WARN] [getdroned::get_droned] Drone 7 failed to receive a command: RecvError
2025-02-10 20:39:59 [WARN] [getdroned::get_droned] Drone 7 failed to receive a command: RecvError
2025-02-10 20:39:59 [WARN] [getdroned::get_droned] Drone 7 failed to receive a command: RecvError
2025-02-10 20:39:59 [WARN] [getdroned::get_droned] Drone 7 failed to receive a command: RecvError
2025-02-10 20:39:59 [WARN] [getdroned::get_droned] Drone 7 failed to receive a command: RecvError
2025-02-10 20:39:59 [WARN] [getdroned::get_droned] Drone 7 failed to receive a command: RecvError
2025-02-10 20:39:59 [WARN] [getdroned::get_droned] Drone 7 failed to receive a command: RecvError
2025-02-10 20:39:59 [WARN] [getdroned::get_droned] Drone 7 failed to receive a command: RecvError
2025-02-10 20:39:59 [WARN] [getdroned::get_droned] Drone 7 failed to receive a command: RecvError
2025-02-10 20:39:59 [WARN] [getdroned::get_droned] Drone 7 failed to receive a command: RecvError
2025-02-10 20:39:59 [WARN] [getdroned::get_droned] Drone 7 failed to receive a command: RecvError
2025-02-10 20:39:59 [WARN] [getdroned::get_droned] Drone 7 failed to receive a command: RecvError
2025-02-10 20:39:59 [WARN] [getdroned::get_droned] Drone 7 failed to receive a command: RecvError
2025-02-10 20:39:59 [WARN] [getdroned::get_droned] Drone 7 failed to receive a command: RecvError
2025-02-10 20:39:59 [WARN] [getdroned::get_droned] Drone 7 failed to receive a command: RecvError
2025-02-10 20:39:59 [WARN] [getdroned::get_droned] Drone 7 failed to receive a command: RecvError
2025-02-10 20:39:59 [WARN] [getdroned::get_droned] Drone 7 failed to receive a command: RecvError
2025-02-10 20:39:59 [WARN] [getdroned::get_droned] Drone 7 failed to receive a command: RecvError
2025-02-10 20:39:59 [WARN] [getdroned::get_droned] Drone 7 failed to receive a command: RecvError
2025-02-10 20:39:59 [WARN] [getdroned::get_droned] Drone 7 failed to receive a command: RecvError
2025-02-10 20:39:59 [WARN] [getdroned::get_droned] Drone 7 failed to receive a command: RecvError
2025-02-10 20:39:59 [WARN] [getdroned::get_droned] Drone 7 failed to receive a command: RecvError
2025-02-10 20:39:59 [WARN] [getdroned::get_droned] Drone 7 failed to receive a command: RecvError
2025-02-10 20:39:59 [WARN] [getdroned::get_droned] Drone 7 failed to receive a command: RecvError
2025-02-10 20:39:59 [WARN] [getdroned::get_droned] Drone 7 failed to receive a command: RecvError
2025-02-10 20:39:59 [WARN] [getdroned::get_droned] Drone 7 failed to receive a command: RecvError
2025-02-10 20:39:59 [WARN] [getdroned::get_droned] Drone 7 failed to receive a command: RecvError
2025-02-10 20:39:59 [WARN] [getdroned::get_droned] Drone 7 failed to receive a command: RecvError
2025-02-10 20:39:59 [WARN] [getdroned::get_droned] Drone 7 failed to receive a command: RecvError
2025-02-10 20:39:59 [WARN] [getdroned::get_droned] Drone 7 failed to receive a command: RecvError
2025-02-10 20:39:59 [WARN] [getdroned::get_droned] Drone 7 failed to receive a command: RecvError
2025-02-10 20:39:59 [WARN] [getdroned::get_droned] Drone 7 failed to receive a command: RecvError
2025-02-10 20:39:59 [WARN] [getdroned::get_droned] Drone 7 failed to receive a command: RecvError
2025-02-10 20:39:59 [WARN] [getdroned::get_droned] Drone 7 failed to receive a command: RecvError
2025-02-10 20:39:59 [WARN] [getdroned::get_droned] Drone 7 failed to receive a command: RecvError
2025-02-10 20:39:59 [WARN] [getdroned::get_droned] Drone 7 failed to receive a command: RecvError
2025-02-10 20:39:59 [WARN] [getdroned::get_droned] Drone 7 failed to receive a command: RecvError
2025-02-10 20:39:59 [WARN] [getdroned::get_droned] Drone 7 failed to receive a command: RecvError
2025-02-10 20:39:59 [WARN] [getdroned::get_droned] Drone 7 failed to receive a command: RecvError
2025-02-10 20:39:59 [WARN] [getdroned::get_droned] Drone 7 failed to receive a command: RecvError
2025-02-10 20:39:59 [WARN] [getdroned::get_droned] Drone 7 failed to receive a command: RecvError
2025-02-10 20:39:59 [WARN] [getdroned::get_droned] Drone 7 failed to receive a command: RecvError
2025-02-10 20:39:59 [WARN] [getdroned::get_droned] Drone 7 failed to receive a command: RecvError
2025-02-10 20:39:59 [WARN] [getdroned::get_droned] Drone 7 failed to receive a command: RecvError
2025-02-10 20:39:59 [WARN] [getdroned::get_droned] Drone 7 failed to receive a command: RecvError
2025-02-10 20:39:59 [WARN] [getdroned::get_droned] Drone 7 failed to receive a command: RecvError
2025-02-10 20:39:59 [WARN] [getdroned::get_droned] Drone 7 failed to receive a command: RecvError
2025-02-10 20:39:59 [WARN] [getdroned::get_droned] Drone 7 failed to receive a command: RecvError
2025-02-10 20:39:59 [WARN] [getdroned::get_droned] Drone 7 failed to receive a command: RecvError
2025-02-10 20:39:59 [WARN] [getdroned::get_droned] Drone 7 failed to receive a command: RecvError
2025-02-10 20:39:59 [WARN] [getdroned::get_droned] Drone 7 failed to receive a command: RecvError
2025-02-10 20:39:59 [WARN] [getdroned::get_droned] Drone 7 failed to receive a command: RecvError
2025-02-10 20:39:59 [WARN] [getdroned::get_droned] Drone 7 failed to receive a command: RecvError
2025-02-10 20:39:59 [WARN] [getdroned::get_droned] Drone 7 failed to receive a command: RecvError
2025-02-10 20:39:59 [WARN] [getdroned::get_droned] Drone 7 failed to receive a command: RecvError
2025-02-10 20:39:59 [WARN] [getdroned::get_droned] Drone 7 failed to receive a command: RecvError
2025-02-10 20:39:59 [WARN] [getdroned::get_droned] Drone 7 failed to receive a command: RecvError
2025-02-10 20:39:59 [WARN] [getdroned::get_droned] Drone 7 failed to receive a command: RecvError
2025-02-10 20:39:59 [WARN] [getdroned::get_droned] Drone 7 failed to receive a command: RecvError
2025-02-10 20:39:59 [WARN] [getdroned::get_droned] Drone 7 failed to receive a command: RecvError
2025-02-10 20:39:59 [WARN] [getdroned::get_droned] Drone 7 failed to receive a command: RecvError
2025-02-10 20:39:59 [WARN] [getdroned::get_droned] Drone 7 failed to receive a command: RecvError
2025-02-10 20:39:59 [WARN] [getdroned::get_droned] Drone 7 failed to receive a command: RecvError
2025-02-10 20:39:59 [WARN] [getdroned::get_droned] Drone 7 failed to receive a command: RecvError
2025-02-10 20:39:59 [WARN] [getdroned::get_droned] Drone 7 failed to receive a command: RecvError
2025-02-10 20:39:59 [WARN] [getdroned::get_droned] Drone 7 failed to receive a command: RecvError
2025-02-10 20:39:59 [WARN] [getdroned::get_droned] Drone 7 failed to receive a command: RecvError
2025-02-10 20:39:59 [WARN] [getdroned::get_droned] Drone 7 failed to receive a command: RecvError
2025-02-10 20:39:59 [WARN] [getdroned::get_droned] Drone 7 failed to receive a command: RecvError
2025-02-10 20:39:59 [WARN] [getdroned::get_droned] Drone 7 failed to receive a command: RecvError
2025-02-10 20:39:59 [WARN] [getdroned::get_droned] Drone 7 failed to receive a command: RecvError
2025-02-10 20:39:59 [WARN] [getdroned::get_droned] Drone 7 failed to receive a command: RecvError
2025-02-10 20:39:59 [WARN] [getdroned::get_droned] Drone 7 failed to receive a command: RecvError
2025-02-10 20:39:59 [WARN] [getdroned::get_droned] Drone 7 failed to receive a command: RecvError
2025-02-10 20:39:59 [WARN] [getdroned::get_droned] Drone 7 failed to receive a command: RecvError
2025-02-10 20:39:59 [WARN] [getdroned::get_droned] Drone 7 failed to receive a command: RecvError
2025-02-10 20:39:59 [WARN] [getdroned::get_droned] Drone 7 failed to receive a command: RecvError
2025-02-10 20:39:59 [WARN] [getdroned::get_droned] Drone 7 failed to receive a command: RecvError
2025-02-10 20:39:59 [WARN] [getdroned::get_droned] Drone 7 failed to receive a command: RecvError
2025-02-10 20:39:59 [WARN] [getdroned::get_droned] Drone 7 failed to receive a command: RecvError
2025-02-10 20:39:59 [WARN] [getdroned::get_droned] Drone 7 failed to receive a command: RecvError
2025-02-10 20:39:59 [WARN] [getdroned::get_droned] Drone 7 failed to receive a command: RecvError
2025-02-10 20:39:59 [WARN] [getdroned::get_droned] Drone 7 failed to receive a command: RecvError
2025-02-10 20:39:59 [WARN] [getdroned::get_droned] Drone 7 failed to receive a command: RecvError
2025-02-10 20:39:59 [WARN] [getdroned::get_droned] Drone 7 failed to receive a command: RecvError
2025-02-10 20:39:59 [WARN] [getdroned::get_droned] Drone 7 failed to receive a command: RecvError
2025-02-10 20:39:59 [WARN] [getdroned::get_droned] Drone 7 failed to receive a command: RecvError
2025-02-10 20:39:59 [WARN] [getdroned::get_droned] Drone 7 failed to receive a command: RecvError
2025-02-10 20:39:59 [WARN] [getdroned::get_droned] Drone 7 failed to receive a command: RecvError
2025-02-10 20:39:59 [WARN] [getdroned::get_droned] Drone 7 failed to receive a command: RecvError
2025-02-10 20:39:59 [WARN] [getdroned::get_droned] Drone 7 failed to receive a command: RecvError
2025-02-10 20:39:59 [WARN] [getdroned::get_droned] Drone 7 failed to receive a command: RecvError
2025-02-10 20:39:59 [WARN] [getdroned::get_droned] Drone 7 failed to receive a command: RecvError
2025-02-10 20:39:59 [WARN] [getdroned::get_droned] Drone 7 failed to receive a command: RecvError
2025-02-10 20:39:59 [WARN] [getdroned::get_droned] Drone 7 failed to receive a command: RecvError
2025-02-10 20:39:59 [WARN] [getdroned::get_droned] Drone 7 failed to receive a command: RecvError
2025-02-10 20:39:59 [WARN] [getdroned::get_droned] Drone 7 failed to receive a command: RecvError
2025-02-10 20:39:59 [WARN] [getdroned::get_droned] Drone 7 failed to receive a command: RecvError
2025-02-10 20:39:59 [WARN] [getdroned::get_droned] Drone 7 failed to receive a command: RecvError
2025-02-10 20:39:59 [WARN] [getdroned::get_droned] Drone 7 failed to receive a command: RecvError
2025-02-10 20:39:59 [WARN] [getdroned::get_droned] Drone 7 failed to receive a command: RecvError
2025-02-10 20:39:59 [WARN] [getdroned::get_droned] Drone 7 failed to receive a command: RecvError
2025-02-10 20:39:59 [WARN] [getdroned::get_droned] Drone 7 failed to receive a command: RecvError
2025-02-10 20:39:59 [WARN] [getdroned::get_droned] Drone 7 failed to receive a command: RecvError
2025-02-10 20:39:59 [WARN] [getdroned::get_droned] Drone 7 failed to receive a command: RecvError
2025-02-10 20:39:59 [WARN] [getdroned::get_droned] Drone 7 failed to receive a command: RecvError
2025-02-10 20:39:59 [WARN] [getdroned::get_droned] Drone 7 failed to receive a command: RecvError
2025-02-10 20:39:59 [WARN] [getdroned::get_droned] Drone 7 failed to receive a command: RecvError
2025-02-10 20:39:59 [WARN] [getdroned::get_droned] Drone 7 failed to receive a command: RecvError
2025-02-10 20:39:59 [WARN] [getdroned::get_droned] Drone 7 failed to receive a command: RecvError
2025-02-10 20:39:59 [WARN] [getdroned::get_droned] Drone 7 failed to receive a command: RecvError
2025-02-10 20:39:59 [WARN] [getdroned::get_droned] Drone 7 failed to receive a command: RecvError
2025-02-10 20:39:59 [WARN] [getdroned::get_droned] Drone 7 failed to receive a command: RecvError
2025-02-10 20:39:59 [WARN] [getdroned::get_droned] Drone 7 failed to receive a command: RecvError
2025-02-10 20:39:59 [WARN] [getdroned::get_droned] Drone 7 failed to receive a command: RecvError
2025-02-10 20:39:59 [WARN] [getdroned::get_droned] Drone 7 failed to receive a command: RecvError
2025-02-10 20:39:59 [WARN] [getdroned::get_droned] Drone 7 failed to receive a command: RecvError
2025-02-10 20:39:59 [WARN] [getdroned::get_droned] Drone 7 failed to receive a command: RecvError
2025-02-10 20:39:59 [WARN] [getdroned::get_droned] Drone 7 failed to receive a command: RecvError
2025-02-10 20:39:59 [WARN] [getdroned::get_droned] Drone 7 failed to receive a command: RecvError
2025-02-10 20:39:59 [WARN] [getdroned::get_droned] Drone 7 failed to receive a command: RecvError
2025-02-10 20:39:59 [WARN] [getdroned::get_droned] Drone 7 failed to receive a command: RecvError
2025-02-10 20:39:59 [WARN] [getdroned::get_droned] Drone 7 failed to receive a command: RecvError
2025-02-10 20:39:59 [WARN] [getdroned::get_droned] Drone 7 failed to receive a command: RecvError
2025-02-10 20:39:59 [WARN] [getdroned::get_droned] Drone 7 failed to receive a command: RecvError
2025-02-10 20:39:59 [WARN] [getdroned::get_droned] Drone 7 failed to receive a command: RecvError
2025-02-10 20:39:59 [WARN] [getdroned::get_droned] Drone 7 failed to receive a command: RecvError
2025-02-10 20:39:59 [WARN] [getdroned::get_droned] Drone 7 failed to receive a command: RecvError
2025-02-10 20:39:59 [WARN] [getdroned::get_droned] Drone 7 failed to receive a command: RecvError
2025-02-10 20:39:59 [WARN] [getdroned::get_droned] Drone 7 failed to receive a command: RecvError
2025-02-10 20:39:59 [WARN] [getdroned::get_droned] Drone 7 failed to receive a command: RecvError
2025-02-10 20:39:59 [WARN] [getdroned::get_droned] Drone 7 failed to receive a command: RecvError
2025-02-10 20:39:59 [WARN] [getdroned::get_droned] Drone 7 failed to receive a command: RecvError
2025-02-10 20:39:59 [WARN] [getdroned::get_droned] Drone 7 failed to receive a command: RecvError
2025-02-10 20:39:59 [WARN] [getdroned::get_droned] Drone 7 failed to receive a command: RecvError
2025-02-10 20:39:59 [WARN] [getdroned::get_droned] Drone 7 failed to receive a command: RecvError
2025-02-10 20:39:59 [WARN] [getdroned::get_droned] Drone 7 failed to receive a command: RecvError
2025-02-10 20:39:59 [WARN] [getdroned::get_droned] Drone 7 failed to receive a command: RecvError
2025-02-10 20:39:59 [WARN] [getdroned::get_droned] Drone 7 failed to receive a command: RecvError
2025-02-10 20:39:59 [WARN] [getdroned::get_droned] Drone 7 failed to receive a command: RecvError
2025-02-10 20:39:59 [WARN] [getdroned::get_droned] Drone 7 failed to receive a command: RecvError
2025-02-10 20:39:59 [WARN] [getdroned::get_droned] Drone 7 failed to receive a command: RecvError
2025-02-10 20:39:59 [WARN] [getdroned::get_droned] Drone 7 failed to receive a command: RecvError
2025-02-10 20:39:59 [WARN] [getdroned::get_droned] Drone 7 failed to receive a command: RecvError
2025-02-10 20:39:59 [WARN] [getdroned::get_droned] Drone 7 failed to receive a command: RecvError
2025-02-10 20:39:59 [WARN] [getdroned::get_droned] Drone 7 failed to receive a command: RecvError
2025-02-10 20:39:59 [WARN] [getdroned::get_droned] Drone 7 failed to receive a command: RecvError
2025-02-10 20:39:59 [WARN] [getdroned::get_droned] Drone 7 failed to receive a command: RecvError
2025-02-10 20:39:59 [WARN] [getdroned::get_droned] Drone 7 failed to receive a command: RecvError
2025-02-10 20:39:59 [WARN] [getdroned::get_droned] Drone 7 failed to receive a command: RecvError
2025-02-10 20:39:59 [WARN] [getdroned::get_droned] Drone 7 failed to receive a command: RecvError
2025-02-10 20:39:59 [WARN] [getdroned::get_droned] Drone 7 failed to receive a command: RecvError
2025-02-10 20:39:59 [WARN] [getdroned::get_droned] Drone 7 failed to receive a command: RecvError
2025-02-10 20:39:59 [WARN] [getdroned::get_droned] Drone 7 failed to receive a command: RecvError
2025-02-10 20:39:59 [WARN] [getdroned::get_droned] Drone 7 failed to receive a command: RecvError
2025-02-10 20:39:59 [WARN] [getdroned::get_droned] Drone 7 failed to receive a command: RecvError
2025-02-10 20:39:59 [WARN] [getdroned::get_droned] Drone 7 failed to receive a command: RecvError
2025-02-10 20:39:59 [WARN] [getdroned::get_droned] Drone 7 failed to receive a command: RecvError
2025-02-10 20:39:59 [WARN] [getdroned::get_droned] Drone 7 failed to receive a command: RecvError
2025-02-10 20:39:59 [WARN] [getdroned::get_droned] Drone 7 failed to receive a command: RecvError
2025-02-10 20:39:59 [WARN] [getdroned::get_droned] Drone 7 failed to receive a command: RecvError
2025-02-10 20:39:59 [WARN] [getdroned::get_droned] Drone 7 failed to receive a command: RecvError
2025-02-10 20:39:59 [WARN] [getdroned::get_droned] Drone 7 failed to receive a command: RecvError
2025-02-10 20:39:59 [WARN] [getdroned::get_droned] Drone 7 failed to receive a command: RecvError
2025-02-10 20:39:59 [WARN] [getdroned::get_droned] Drone 7 failed to receive a command: RecvError
2025-02-10 20:39:59 [WARN] [getdroned::get_droned] Drone 7 failed to receive a command: RecvError
2025-02-10 20:39:59 [WARN] [getdroned::get_droned] Drone 7 failed to receive a command: RecvError
2025-02-10 20:39:59 [WARN] [getdroned::get_droned] Drone 7 failed to receive a command: RecvError
2025-02-10 20:39:59 [WARN] [getdroned::get_droned] Drone 7 failed to receive a command: RecvError
2025-02-10 20:39:59 [WARN] [getdroned::get_droned] Drone 7 failed to receive a command: RecvError
2025-02-10 20:39:59 [WARN] [getdroned::get_droned] Drone 7 failed to receive a command: RecvError
2025-02-10 20:39:59 [WARN] [getdroned::get_droned] Drone 7 failed to receive a command: RecvError
2025-02-10 20:39:59 [WARN] [getdroned::get_droned] Drone 7 failed to receive a command: RecvError
2025-02-10 20:39:59 [WARN] [getdroned::get_droned] Drone 7 failed to receive a command: RecvError
2025-02-10 20:39:59 [WARN] [getdroned::get_droned] Drone 7 failed to receive a command: RecvError
2025-02-10 20:39:59 [WARN] [getdroned::get_droned] Drone 7 failed to receive a command: RecvError
2025-02-10 20:39:59 [WARN] [getdroned::get_droned] Drone 7 failed to receive a command: RecvError
2025-02-10 20:39:59 [WARN] [getdroned::get_droned] Drone 7 failed to receive a command: RecvError
2025-02-10 20:39:59 [WARN] [getdroned::get_droned] Drone 7 failed to receive a command: RecvError
2025-02-10 20:39:59 [WARN] [getdroned::get_droned] Drone 7 failed to receive a command: RecvError
2025-02-10 20:39:59 [WARN] [getdroned::get_droned] Drone 7 failed to receive a command: RecvError
2025-02-10 20:39:59 [WARN] [getdroned::get_droned] Drone 7 failed to receive a command: RecvError
2025-02-10 20:39:59 [WARN] [getdroned::get_droned] Drone 7 failed to receive a command: RecvError
2025-02-10 20:39:59 [WARN] [getdroned::get_droned] Drone 7 failed to receive a command: RecvError
2025-02-10 20:39:59 [WARN] [getdroned::get_droned] Drone 7 failed to receive a command: RecvError
2025-02-10 20:39:59 [WARN] [getdroned::get_droned] Drone 7 failed to receive a command: RecvError
2025-02-10 20:39:59 [WARN] [getdroned::get_droned] Drone 7 failed to receive a command: RecvError
2025-02-10 20:39:59 [WARN] [getdroned::get_droned] Drone 7 failed to receive a command: RecvError
2025-02-10 20:39:59 [WARN] [getdroned::get_droned] Drone 7 failed to receive a command: RecvError
2025-02-10 20:39:59 [WARN] [getdroned::get_droned] Drone 7 failed to receive a command: RecvError
2025-02-10 20:39:59 [WARN] [getdroned::get_droned] Drone 7 failed to receive a command: RecvError
2025-02-10 20:39:59 [WARN] [getdroned::get_droned] Drone 7 failed to receive a command: RecvError
2025-02-10 20:39:59 [WARN] [getdroned::get_droned] Drone 7 failed to receive a command: RecvError
2025-02-10 20:39:59 [WARN] [getdroned::get_droned] Drone 7 failed to receive a command: RecvError
2025-02-10 20:39:59 [WARN] [getdroned::get_droned] Drone 7 failed to receive a command: RecvError
2025-02-10 20:39:59 [WARN] [getdroned::get_droned] Drone 7 failed to receive a command: RecvError
2025-02-10 20:39:59 [WARN] [getdroned::get_droned] Drone 7 failed to receive a command: RecvError
2025-02-10 20:39:59 [WARN] [getdroned::get_droned] Drone 7 failed to receive a command: RecvError
2025-02-10 20:39:59 [WARN] [getdroned::get_droned] Drone 7 failed to receive a command: RecvError
2025-02-10 20:39:59 [WARN] [getdroned::get_droned] Drone 7 failed to receive a command: RecvError
2025-02-10 20:39:59 [WARN] [getdroned::get_droned] Drone 7 failed to receive a command: RecvError
2025-02-10 20:39:59 [WARN] [getdroned::get_droned] Drone 7 failed to receive a command: RecvError
2025-02-10 20:39:59 [WARN] [getdroned::get_droned] Drone 7 failed to receive a command: RecvError
2025-02-10 20:39:59 [WARN] [getdroned::get_droned] Drone 7 failed to receive a command: RecvError
2025-02-10 20:39:59 [WARN] [getdroned::get_droned] Drone 7 failed to receive a command: RecvError
2025-02-10 20:39:59 [WARN] [getdroned::get_droned] Drone 7 failed to receive a command: RecvError
2025-02-10 20:39:59 [WARN] [getdroned::get_droned] Drone 7 failed to receive a command: RecvError
2025-02-10 20:39:59 [WARN] [getdroned::get_droned] Drone 7 failed to receive a command: RecvError
2025-02-10 20:39:59 [WARN] [getdroned::get_droned] Drone 7 failed to receive a command: RecvError
2025-02-10 20:39:59 [WARN] [getdroned::get_droned] Drone 7 failed to receive a command: RecvError
2025-02-10 20:39:59 [WARN] [getdroned::get_droned] Drone 7 failed to receive a command: RecvError
2025-02-10 20:39:59 [WARN] [getdroned::get_droned] Drone 7 failed to receive a command: RecvError
2025-02-10 20:39:59 [WARN] [getdroned::get_droned] Drone 7 failed to receive a command: RecvError
2025-02-10 20:39:59 [WARN] [getdroned::get_droned] Drone 7 failed to receive a command: RecvError
2025-02-10 20:39:59 [WARN] [getdroned::get_droned] Drone 7 failed to receive a command: RecvError
2025-02-10 20:39:59 [WARN] [getdroned::get_droned] Drone 7 failed to receive a command: RecvError
2025-02-10 20:39:59 [WARN] [getdroned::get_droned] Drone 7 failed to receive a command: RecvError
2025-02-10 20:39:59 [WARN] [getdroned::get_droned] Drone 7 failed to receive a command: RecvError
2025-02-10 20:39:59 [WARN] [getdroned::get_droned] Drone 7 failed to receive a command: RecvError
2025-02-10 20:39:59 [WARN] [getdroned::get_droned] Drone 7 failed to receive a command: RecvError
2025-02-10 20:39:59 [WARN] [getdroned::get_droned] Drone 7 failed to receive a command: RecvError
2025-02-10 20:39:59 [WARN] [getdroned::get_droned] Drone 7 failed to receive a command: RecvError
2025-02-10 20:39:59 [WARN] [getdroned::get_droned] Drone 7 failed to receive a command: RecvError
2025-02-10 20:39:59 [WARN] [getdroned::get_droned] Drone 7 failed to receive a command: RecvError
2025-02-10 20:39:59 [WARN] [getdroned::get_droned] Drone 7 failed to receive a command: RecvError
2025-02-10 20:39:59 [WARN] [getdroned::get_droned] Drone 7 failed to receive a command: RecvError
2025-02-10 20:39:59 [WARN] [getdroned::get_droned] Drone 7 failed to receive a command: RecvError
2025-02-10 20:39:59 [WARN] [getdroned::get_droned] Drone 7 failed to receive a command: RecvError
2025-02-10 20:39:59 [WARN] [getdroned::get_droned] Drone 7 failed to receive a command: RecvError
2025-02-10 20:39:59 [WARN] [getdroned::get_droned] Drone 7 failed to receive a command: RecvError
2025-02-10 20:39:59 [WARN] [getdroned::get_droned] Drone 7 failed to receive a command: RecvError
2025-02-10 20:39:59 [WARN] [getdroned::get_droned] Drone 7 failed to receive a command: RecvError
2025-02-10 20:39:59 [WARN] [getdroned::get_droned] Drone 7 failed to receive a command: RecvError
2025-02-10 20:39:59 [WARN] [getdroned::get_droned] Drone 7 failed to receive a command: RecvError
2025-02-10 20:39:59 [WARN] [getdroned::get_droned] Drone 7 failed to receive a command: RecvError
2025-02-10 20:39:59 [WARN] [getdroned::get_droned] Drone 7 failed to receive a command: RecvError
2025-02-10 20:39:59 [WARN] [getdroned::get_droned] Drone 7 failed to receive a command: RecvError
2025-02-10 20:39:59 [WARN] [getdroned::get_droned] Drone 7 failed to receive a command: RecvError
2025-02-10 20:39:59 [WARN] [getdroned::get_droned] Drone 7 failed to receive a command: RecvError
2025-02-10 20:39:59 [WARN] [getdroned::get_droned] Drone 7 failed to receive a command: RecvError
2025-02-10 20:39:59 [WARN] [getdroned::get_droned] Drone 7 failed to receive a command: RecvError
2025-02-10 20:39:59 [WARN] [getdroned::get_droned] Drone 7 failed to receive a command: RecvError
2025-02-10 20:39:59 [WARN] [getdroned::get_droned] Drone 7 failed to receive a command: RecvError
2025-02-10 20:39:59 [WARN] [getdroned::get_droned] Drone 7 failed to receive a command: RecvError
2025-02-10 20:39:59 [WARN] [getdroned::get_droned] Drone 7 failed to receive a command: RecvError
2025-02-10 20:39:59 [WARN] [getdroned::get_droned] Drone 7 failed to receive a command: RecvError
2025-02-10 20:39:59 [WARN] [getdroned::get_droned] Drone 7 failed to receive a command: RecvError
2025-02-10 20:39:59 [WARN] [getdroned::get_droned] Drone 7 failed to receive a command: RecvError
2025-02-10 20:39:59 [WARN] [getdroned::get_droned] Drone 7 failed to receive a command: RecvError
2025-02-10 20:39:59 [WARN] [getdroned::get_droned] Drone 7 failed to receive a command: RecvError
2025-02-10 20:39:59 [WARN] [getdroned::get_droned] Drone 7 failed to receive a command: RecvError
2025-02-10 20:39:59 [WARN] [getdroned::get_droned] Drone 7 failed to receive a command: RecvError
2025-02-10 20:39:59 [WARN] [getdroned::get_droned] Drone 7 failed to receive a command: RecvError
2025-02-10 20:39:59 [WARN] [getdroned::get_droned] Drone 7 failed to receive a command: RecvError
2025-02-10 20:39:59 [WARN] [getdroned::get_droned] Drone 7 failed to receive a command: RecvError
2025-02-10 20:39:59 [WARN] [getdroned::get_droned] Drone 7 failed to receive a command: RecvError
2025-02-10 20:39:59 [WARN] [getdroned::get_droned] Drone 7 failed to receive a command: RecvError
2025-02-10 20:39:59 [WARN] [getdroned::get_droned] Drone 7 failed to receive a command: RecvError
2025-02-10 20:39:59 [WARN] [getdroned::get_droned] Drone 7 failed to receive a command: RecvError
2025-02-10 20:39:59 [WARN] [getdroned::get_droned] Drone 7 failed to receive a command: RecvError
2025-02-10 20:39:59 [WARN] [getdroned::get_droned] Drone 7 failed to receive a command: RecvError
2025-02-10 20:39:59 [WARN] [getdroned::get_droned] Drone 7 failed to receive a command: RecvError
2025-02-10 20:39:59 [WARN] [getdroned::get_droned] Drone 7 failed to receive a command: RecvError
2025-02-10 20:39:59 [WARN] [getdroned::get_droned] Drone 7 failed to receive a command: RecvError
2025-02-10 20:39:59 [WARN] [getdroned::get_droned] Drone 7 failed to receive a command: RecvError
2025-02-10 20:39:59 [WARN] [getdroned::get_droned] Drone 7 failed to receive a command: RecvError
2025-02-10 20:39:59 [WARN] [getdroned::get_droned] Drone 7 failed to receive a command: RecvError
2025-02-10 20:39:59 [WARN] [getdroned::get_droned] Drone 7 failed to receive a command: RecvError
2025-02-10 20:39:59 [WARN] [getdroned::get_droned] Drone 7 failed to receive a command: RecvError
2025-02-10 20:39:59 [WARN] [getdroned::get_droned] Drone 7 failed to receive a command: RecvError
2025-02-10 20:39:59 [WARN] [getdroned::get_droned] Drone 7 failed to receive a command: RecvError
2025-02-10 20:39:59 [WARN] [getdroned::get_droned] Drone 7 failed to receive a command: RecvError
2025-02-10 20:39:59 [WARN] [getdroned::get_droned] Drone 7 failed to receive a command: RecvError
2025-02-10 20:39:59 [WARN] [getdroned::get_droned] Drone 7 failed to receive a command: RecvError
2025-02-10 20:39:59 [WARN] [getdroned::get_droned] Drone 7 failed to receive a command: RecvError
2025-02-10 20:39:59 [WARN] [getdroned::get_droned] Drone 7 failed to receive a command: RecvError
2025-02-10 20:39:59 [WARN] [getdroned::get_droned] Drone 7 failed to receive a command: RecvError
2025-02-10 20:39:59 [WARN] [getdroned::get_droned] Drone 7 failed to receive a command: RecvError
2025-02-10 20:39:59 [WARN] [getdroned::get_droned] Drone 7 failed to receive a command: RecvError
2025-02-10 20:39:59 [WARN] [getdroned::get_droned] Drone 7 failed to receive a command: RecvError
2025-02-10 20:39:59 [WARN] [getdroned::get_droned] Drone 7 failed to receive a command: RecvError
2025-02-10 20:39:59 [WARN] [getdroned::get_droned] Drone 7 failed to receive a command: RecvError
2025-02-10 20:39:59 [WARN] [getdroned::get_droned] Drone 7 failed to receive a command: RecvError
2025-02-10 20:39:59 [WARN] [getdroned::get_droned] Drone 7 failed to receive a command: RecvError
2025-02-10 20:39:59 [WARN] [getdroned::get_droned] Drone 7 failed to receive a command: RecvError
2025-02-10 20:39:59 [WARN] [getdroned::get_droned] Drone 7 failed to receive a command: RecvError
2025-02-10 20:39:59 [WARN] [getdroned::get_droned] Drone 7 failed to receive a command: RecvError
2025-02-10 20:39:59 [WARN] [getdroned::get_droned] Drone 7 failed to receive a command: RecvError
2025-02-10 20:39:59 [WARN] [getdroned::get_droned] Drone 7 failed to receive a command: RecvError
2025-02-10 20:39:59 [WARN] [getdroned::get_droned] Drone 7 failed to receive a command: RecvError
2025-02-10 20:39:59 [WARN] [getdroned::get_droned] Drone 7 failed to receive a command: RecvError
2025-02-10 20:39:59 [WARN] [getdroned::get_droned] Drone 7 failed to receive a command: RecvError
2025-02-10 20:39:59 [WARN] [getdroned::get_droned] Drone 7 failed to receive a command: RecvError
2025-02-10 20:39:59 [WARN] [getdroned::get_droned] Drone 7 failed to receive a command: RecvError
2025-02-10 20:39:59 [WARN] [getdroned::get_droned] Drone 7 failed to receive a command: RecvError
2025-02-10 20:39:59 [WARN] [getdroned::get_droned] Drone 7 failed to receive a command: RecvError
2025-02-10 20:39:59 [WARN] [getdroned::get_droned] Drone 7 failed to receive a command: RecvError
2025-02-10 20:39:59 [WARN] [getdroned::get_droned] Drone 7 failed to receive a command: RecvError
2025-02-10 20:39:59 [WARN] [getdroned::get_droned] Drone 7 failed to receive a command: RecvError
2025-02-10 20:39:59 [WARN] [getdroned::get_droned] Drone 7 failed to receive a command: RecvError
2025-02-10 20:39:59 [WARN] [getdroned::get_droned] Drone 7 failed to receive a command: RecvError
2025-02-10 20:39:59 [WARN] [getdroned::get_droned] Drone 7 failed to receive a command: RecvError
2025-02-10 20:39:59 [WARN] [getdroned::get_droned] Drone 7 failed to receive a command: RecvError
2025-02-10 20:39:59 [WARN] [getdroned::get_droned] Drone 7 failed to receive a command: RecvError
2025-02-10 20:39:59 [WARN] [getdroned::get_droned] Drone 7 failed to receive a command: RecvError
2025-02-10 20:39:59 [WARN] [getdroned::get_droned] Drone 7 failed to receive a command: RecvError
2025-02-10 20:39:59 [WARN] [getdroned::get_droned] Drone 7 failed to receive a command: RecvError
2025-02-10 20:39:59 [WARN] [getdroned::get_droned] Drone 7 failed to receive a command: RecvError
2025-02-10 20:39:59 [WARN] [getdroned::get_droned] Drone 7 failed to receive a command: RecvError
2025-02-10 20:39:59 [WARN] [getdroned::get_droned] Drone 7 failed to receive a command: RecvError
2025-02-10 20:39:59 [WARN] [getdroned::get_droned] Drone 7 failed to receive a command: RecvError
2025-02-10 20:39:59 [WARN] [getdroned::get_droned] Drone 7 failed to receive a command: RecvError
2025-02-10 20:39:59 [WARN] [getdroned::get_droned] Drone 7 failed to receive a command: RecvError
2025-02-10 20:39:59 [WARN] [getdroned::get_droned] Drone 7 failed to receive a command: RecvError
2025-02-10 20:39:59 [WARN] [getdroned::get_droned] Drone 7 failed to receive a command: RecvError
2025-02-10 20:39:59 [WARN] [getdroned::get_droned] Drone 7 failed to receive a command: RecvError
2025-02-10 20:39:59 [WARN] [getdroned::get_droned] Drone 7 failed to receive a command: RecvError
2025-02-10 20:39:59 [WARN] [getdroned::get_droned] Drone 7 failed to receive a command: RecvError
2025-02-10 20:39:59 [WARN] [getdroned::get_droned] Drone 7 failed to receive a command: RecvError
2025-02-10 20:39:59 [WARN] [getdroned::get_droned] Drone 7 failed to receive a command: RecvError
2025-02-10 20:39:59 [WARN] [getdroned::get_droned] Drone 7 failed to receive a command: RecvError
2025-02-10 20:39:59 [WARN] [getdroned::get_droned] Drone 7 failed to receive a command: RecvError
2025-02-10 20:39:59 [WARN] [getdroned::get_droned] Drone 7 failed to receive a command: RecvError
2025-02-10 20:39:59 [WARN] [getdroned::get_droned] Drone 7 failed to receive a command: RecvError
2025-02-10 20:39:59 [WARN] [getdroned::get_droned] Drone 7 failed to receive a command: RecvError
2025-02-10 20:39:59 [WARN] [getdroned::get_droned] Drone 7 failed to receive a command: RecvError
2025-02-10 20:39:59 [WARN] [getdroned::get_droned] Drone 7 failed to receive a command: RecvError
2025-02-10 20:39:59 [WARN] [getdroned::get_droned] Drone 7 failed to receive a command: RecvError
2025-02-10 20:39:59 [WARN] [getdroned::get_droned] Drone 7 failed to receive a command: RecvError
2025-02-10 20:39:59 [WARN] [getdroned::get_droned] Drone 7 failed to receive a command: RecvError
2025-02-10 20:39:59 [WARN] [getdroned::get_droned] Drone 7 failed to receive a command: RecvError
2025-02-10 20:39:59 [WARN] [getdroned::get_droned] Drone 7 failed to receive a command: RecvError
2025-02-10 20:39:59 [WARN] [getdroned::get_droned] Drone 7 failed to receive a command: RecvError
2025-02-10 20:39:59 [WARN] [getdroned::get_droned] Drone 7 failed to receive a command: RecvError
2025-02-10 20:39:59 [WARN] [getdroned::get_droned] Drone 7 failed to receive a command: RecvError
2025-02-10 20:39:59 [WARN] [getdroned::get_droned] Drone 7 failed to receive a command: RecvError
2025-02-10 20:39:59 [WARN] [getdroned::get_droned] Drone 7 failed to receive a command: RecvError
2025-02-10 20:39:59 [WARN] [getdroned::get_droned] Drone 7 failed to receive a command: RecvError
2025-02-10 20:39:59 [WARN] [getdroned::get_droned] Drone 7 failed to receive a command: RecvError
2025-02-10 20:39:59 [WARN] [getdroned::get_droned] Drone 7 failed to receive a command: RecvError
2025-02-10 20:39:59 [WARN] [getdroned::get_droned] Drone 7 failed to receive a command: RecvError
2025-02-10 20:39:59 [WARN] [getdroned::get_droned] Drone 7 failed to receive a command: RecvError
2025-02-10 20:39:59 [WARN] [getdroned::get_droned] Drone 7 failed to receive a command: RecvError
2025-02-10 20:39:59 [WARN] [getdroned::get_droned] Drone 7 failed to receive a command: RecvError
2025-02-10 20:39:59 [WARN] [getdroned::get_droned] Drone 7 failed to receive a command: RecvError
2025-02-10 20:39:59 [WARN] [getdroned::get_droned] Drone 7 failed to receive a command: RecvError
2025-02-10 20:39:59 [WARN] [getdroned::get_droned] Drone 7 failed to receive a command: RecvError
2025-02-10 20:39:59 [WARN] [getdroned::get_droned] Drone 7 failed to receive a command: RecvError
2025-02-10 20:39:59 [WARN] [getdroned::get_droned] Drone 7 failed to receive a command: RecvError
2025-02-10 20:39:59 [WARN] [getdroned::get_droned] Drone 7 failed to receive a command: RecvError
2025-02-10 20:39:59 [WARN] [getdroned::get_droned] Drone 7 failed to receive a command: RecvError
2025-02-10 20:39:59 [WARN] [getdroned::get_droned] Drone 7 failed to receive a command: RecvError
2025-02-10 20:39:59 [WARN] [getdroned::get_droned] Drone 7 failed to receive a command: RecvError
2025-02-10 20:39:59 [WARN] [getdroned::get_droned] Drone 7 failed to receive a command: RecvError
2025-02-10 20:39:59 [WARN] [getdroned::get_droned] Drone 7 failed to receive a command: RecvError
2025-02-10 20:39:59 [WARN] [getdroned::get_droned] Drone 7 failed to receive a command: RecvError
2025-02-10 20:39:59 [WARN] [getdroned::get_droned] Drone 7 failed to receive a command: RecvError
2025-02-10 20:39:59 [WARN] [getdroned::get_droned] Drone 7 failed to receive a command: RecvError
2025-02-10 20:39:59 [WARN] [getdroned::get_droned] Drone 7 failed to receive a command: RecvError
2025-02-10 20:39:59 [WARN] [getdroned::get_droned] Drone 7 failed to receive a command: RecvError
2025-02-10 20:39:59 [WARN] [getdroned::get_droned] Drone 7 failed to receive a command: RecvError
2025-02-10 20:39:59 [WARN] [getdroned::get_droned] Drone 7 failed to receive a command: RecvError
2025-02-10 20:39:59 [WARN] [getdroned::get_droned] Drone 7 failed to receive a command: RecvError
2025-02-10 20:39:59 [WARN] [getdroned::get_droned] Drone 7 failed to receive a command: RecvError
2025-02-10 20:39:59 [WARN] [getdroned::get_droned] Drone 7 failed to receive a command: RecvError
2025-02-10 20:39:59 [WARN] [getdroned::get_droned] Drone 7 failed to receive a command: RecvError
2025-02-10 20:39:59 [WARN] [getdroned::get_droned] Drone 7 failed to receive a command: RecvError
2025-02-10 20:39:59 [WARN] [getdroned::get_droned] Drone 7 failed to receive a command: RecvError
2025-02-10 20:39:59 [WARN] [getdroned::get_droned] Drone 7 failed to receive a command: RecvError
2025-02-10 20:39:59 [WARN] [getdroned::get_droned] Drone 7 failed to receive a command: RecvError
2025-02-10 20:39:59 [WARN] [getdroned::get_droned] Drone 7 failed to receive a command: RecvError
2025-02-10 20:39:59 [WARN] [getdroned::get_droned] Drone 7 failed to receive a command: RecvError
2025-02-10 20:39:59 [WARN] [getdroned::get_droned] Drone 7 failed to receive a command: RecvError
2025-02-10 20:39:59 [WARN] [getdroned::get_droned] Drone 7 failed to receive a command: RecvError
2025-02-10 20:39:59 [WARN] [getdroned::get_droned] Drone 7 failed to receive a command: RecvError
2025-02-10 20:39:59 [WARN] [getdroned::get_droned] Drone 7 failed to receive a command: RecvError
2025-02-10 20:39:59 [WARN] [getdroned::get_droned] Drone 7 failed to receive a command: RecvError
2025-02-10 20:39:59 [WARN] [getdroned::get_droned] Drone 7 failed to receive a command: RecvError
2025-02-10 20:39:59 [WARN] [getdroned::get_droned] Drone 7 failed to receive a command: RecvError
2025-02-10 20:39:59 [WARN] [getdroned::get_droned] Drone 7 failed to receive a command: RecvError
2025-02-10 20:39:59 [WARN] [getdroned::get_droned] Drone 7 failed to receive a command: RecvError
2025-02-10 20:39:59 [WARN] [getdroned::get_droned] Drone 7 failed to receive a command: RecvError
2025-02-10 20:39:59 [WARN] [getdroned::get_droned] Drone 7 failed to receive a command: RecvError
2025-02-10 20:39:59 [WARN] [getdroned::get_droned] Drone 7 failed to receive a command: RecvError
2025-02-10 20:39:59 [WARN] [getdroned::get_droned] Drone 7 failed to receive a command: RecvError
2025-02-10 20:39:59 [WARN] [getdroned::get_droned] Drone 7 failed to receive a command: RecvError
2025-02-10 20:39:59 [WARN] [getdroned::get_droned] Drone 7 failed to receive a command: RecvError
2025-02-10 20:39:59 [WARN] [getdroned::get_droned] Drone 7 failed to receive a command: RecvError
2025-02-10 20:39:59 [WARN] [getdroned::get_droned] Drone 7 failed to receive a command: RecvError
2025-02-10 20:39:59 [WARN] [getdroned::get_droned] Drone 7 failed to receive a command: RecvError
2025-02-10 20:39:59 [WARN] [getdroned::get_droned] Drone 7 failed to receive a command: RecvError
2025-02-10 20:39:59 [WARN] [getdroned::get_droned] Drone 7 failed to receive a command: RecvError
2025-02-10 20:39:59 [WARN] [getdroned::get_droned] Drone 7 failed to receive a command: RecvError
2025-02-10 20:39:59 [WARN] [getdroned::get_droned] Drone 7 failed to receive a command: RecvError
2025-02-10 20:39:59 [WARN] [getdroned::get_droned] Drone 7 failed to receive a command: RecvError
2025-02-10 20:39:59 [WARN] [getdroned::get_droned] Drone 7 failed to receive a command: RecvError
2025-02-10 20:39:59 [WARN] [getdroned::get_droned] Drone 7 failed to receive a command: RecvError
2025-02-10 20:39:59 [WARN] [getdroned::get_droned] Drone 7 failed to receive a command: RecvError
2025-02-10 20:39:59 [WARN] [getdroned::get_droned] Drone 7 failed to receive a command: RecvError
2025-02-10 20:39:59 [WARN] [getdroned::get_droned] Drone 7 failed to receive a command: RecvError
2025-02-10 20:39:59 [WARN] [getdroned::get_droned] Drone 7 failed to receive a command: RecvError
2025-02-10 20:39:59 [WARN] [getdroned::get_droned] Drone 7 failed to receive a command: RecvError
2025-02-10 20:39:59 [WARN] [getdroned::get_droned] Drone 7 failed to receive a command: RecvError
2025-02-10 20:39:59 [WARN] [getdroned::get_droned] Drone 7 failed to receive a command: RecvError
2025-02-10 20:39:59 [WARN] [getdroned::get_droned] Drone 7 failed to receive a command: RecvError
2025-02-10 20:39:59 [WARN] [getdroned::get_droned] Drone 7 failed to receive a command: RecvError
2025-02-10 20:39:59 [WARN] [getdroned::get_droned] Drone 7 failed to receive a command: RecvError
2025-02-10 20:39:59 [WARN] [getdroned::get_droned] Drone 7 failed to receive a command: RecvError
2025-02-10 20:39:59 [WARN] [getdroned::get_droned] Drone 7 failed to receive a command: RecvError
2025-02-10 20:39:59 [WARN] [getdroned::get_droned] Drone 7 failed to receive a command: RecvError
2025-02-10 20:39:59 [WARN] [getdroned::get_droned] Drone 7 failed to receive a command: RecvError
2025-02-10 20:39:59 [WARN] [getdroned::get_droned] Drone 7 failed to receive a command: RecvError
2025-02-10 20:39:59 [WARN] [getdroned::get_droned] Drone 7 failed to receive a command: RecvError
2025-02-10 20:39:59 [WARN] [getdroned::get_droned] Drone 7 failed to receive a command: RecvError
2025-02-10 20:39:59 [WARN] [getdroned::get_droned] Drone 7 failed to receive a command: RecvError
2025-02-10 20:39:59 [WARN] [getdroned::get_droned] Drone 7 failed to receive a command: RecvError
2025-02-10 20:39:59 [WARN] [getdroned::get_droned] Drone 7 failed to receive a command: RecvError
2025-02-10 20:39:59 [WARN] [getdroned::get_droned] Drone 7 failed to receive a command: RecvError
2025-02-10 20:39:59 [WARN] [getdroned::get_droned] Drone 7 failed to receive a command: RecvError
2025-02-10 20:39:59 [WARN] [getdroned::get_droned] Drone 7 failed to receive a command: RecvError
2025-02-10 20:39:59 [WARN] [getdroned::get_droned] Drone 7 failed to receive a command: RecvError
2025-02-10 20:39:59 [WARN] [getdroned::get_droned] Drone 7 failed to receive a command: RecvError
2025-02-10 20:39:59 [WARN] [getdroned::get_droned] Drone 7 failed to receive a command: RecvError
2025-02-10 20:39:59 [WARN] [getdroned::get_droned] Drone 7 failed to receive a command: RecvError
2025-02-10 20:39:59 [WARN] [getdroned::get_droned] Drone 7 failed to receive a command: RecvError
2025-02-10 20:39:59 [WARN] [getdroned::get_droned] Drone 7 failed to receive a command: RecvError
2025-02-10 20:39:59 [WARN] [getdroned::get_droned] Drone 7 failed to receive a command: RecvError
2025-02-10 20:39:59 [WARN] [getdroned::get_droned] Drone 7 failed to receive a command: RecvError
2025-02-10 20:39:59 [WARN] [getdroned::get_droned] Drone 7 failed to receive a command: RecvError
2025-02-10 20:39:59 [WARN] [getdroned::get_droned] Drone 7 failed to receive a command: RecvError
2025-02-10 20:39:59 [WARN] [getdroned::get_droned] Drone 7 failed to receive a command: RecvError
2025-02-10 20:39:59 [WARN] [getdroned::get_droned] Drone 7 failed to receive a command: RecvError
2025-02-10 20:39:59 [WARN] [getdroned::get_droned] Drone 7 failed to receive a command: RecvError
2025-02-10 20:39:59 [WARN] [getdroned::get_droned] Drone 7 failed to receive a command: RecvError
2025-02-10 20:39:59 [WARN] [getdroned::get_droned] Drone 7 failed to receive a command: RecvError
2025-02-10 20:39:59 [WARN] [getdroned::get_droned] Drone 7 failed to receive a command: RecvError
2025-02-10 20:39:59 [WARN] [getdroned::get_droned] Drone 7 failed to receive a command: RecvError
2025-02-10 20:39:59 [WARN] [getdroned::get_droned] Drone 7 failed to receive a command: RecvError
2025-02-10 20:39:59 [WARN] [getdroned::get_droned] Drone 7 failed to receive a command: RecvError
2025-02-10 20:39:59 [WARN] [getdroned::get_droned] Drone 7 failed to receive a command: RecvError
2025-02-10 20:39:59 [WARN] [getdroned::get_droned] Drone 7 failed to receive a command: RecvError
2025-02-10 20:39:59 [WARN] [getdroned::get_droned] Drone 7 failed to receive a command: RecvError
2025-02-10 20:39:59 [WARN] [getdroned::get_droned] Drone 7 failed to receive a command: RecvError
2025-02-10 20:39:59 [WARN] [getdroned::get_droned] Drone 7 failed to receive a command: RecvError
2025-02-10 20:39:59 [WARN] [getdroned::get_droned] Drone 7 failed to receive a command: RecvError
2025-02-10 20:39:59 [WARN] [getdroned::get_droned] Drone 7 failed to receive a command: RecvError
2025-02-10 20:39:59 [WARN] [getdroned::get_droned] Drone 7 failed to receive a command: RecvError
2025-02-10 20:39:59 [WARN] [getdroned::get_droned] Drone 7 failed to receive a command: RecvError
2025-02-10 20:39:59 [WARN] [getdroned::get_droned] Drone 7 failed to receive a command: RecvError
2025-02-10 20:39:59 [WARN] [getdroned::get_droned] Drone 7 failed to receive a command: RecvError
2025-02-10 20:39:59 [WARN] [getdroned::get_droned] Drone 7 failed to receive a command: RecvError
2025-02-10 20:39:59 [WARN] [getdroned::get_droned] Drone 7 failed to receive a command: RecvError
2025-02-10 20:39:59 [WARN] [getdroned::get_droned] Drone 7 failed to receive a command: RecvError
2025-02-10 20:39:59 [WARN] [getdroned::get_droned] Drone 7 failed to receive a command: RecvError
2025-02-10 20:39:59 [WARN] [getdroned::get_droned] Drone 7 failed to receive a command: RecvError
2025-02-10 20:39:59 [WARN] [getdroned::get_droned] Drone 7 failed to receive a command: RecvError
2025-02-10 20:39:59 [WARN] [getdroned::get_droned] Drone 7 failed to receive a command: RecvError
2025-02-10 20:39:59 [WARN] [getdroned::get_droned] Drone 7 failed to receive a command: RecvError
2025-02-10 20:39:59 [WARN] [getdroned::get_droned] Drone 7 failed to receive a command: RecvError
2025-02-10 20:39:59 [WARN] [getdroned::get_droned] Drone 7 failed to receive a command: RecvError
2025-02-10 20:39:59 [WARN] [getdroned::get_droned] Drone 7 failed to receive a command: RecvError
2025-02-10 20:39:59 [WARN] [getdroned::get_droned] Drone 7 failed to receive a command: RecvError
2025-02-10 20:39:59 [WARN] [getdroned::get_droned] Drone 7 failed to receive a command: RecvError
2025-02-10 20:39:59 [WARN] [getdroned::get_droned] Drone 7 failed to receive a command: RecvError
2025-02-10 20:39:59 [WARN] [getdroned::get_droned] Drone 7 failed to receive a command: RecvError
2025-02-10 20:39:59 [WARN] [getdroned::get_droned] Drone 7 failed to receive a command: RecvError
2025-02-10 20:39:59 [WARN] [getdroned::get_droned] Drone 7 failed to receive a command: RecvError
2025-02-10 20:39:59 [WARN] [getdroned::get_droned] Drone 7 failed to receive a command: RecvError
2025-02-10 20:39:59 [WARN] [getdroned::get_droned] Drone 7 failed to receive a command: RecvError
2025-02-10 20:39:59 [WARN] [getdroned::get_droned] Drone 7 failed to receive a command: RecvError
2025-02-10 20:39:59 [WARN] [getdroned::get_droned] Drone 7 failed to receive a command: RecvError
2025-02-10 20:39:59 [WARN] [getdroned::get_droned] Drone 7 failed to receive a command: RecvError
2025-02-10 20:39:59 [WARN] [getdroned::get_droned] Drone 7 failed to receive a command: RecvError
2025-02-10 20:39:59 [WARN] [getdroned::get_droned] Drone 7 failed to receive a command: RecvError
2025-02-10 20:39:59 [WARN] [getdroned::get_droned] Drone 7 failed to receive a command: RecvError
2025-02-10 20:39:59 [WARN] [getdroned::get_droned] Drone 7 failed to receive a command: RecvError
2025-02-10 20:39:59 [WARN] [getdroned::get_droned] Drone 7 failed to receive a command: RecvError
2025-02-10 20:39:59 [WARN] [getdroned::get_droned] Drone 7 failed to receive a command: RecvError
2025-02-10 20:39:59 [WARN] [getdroned::get_droned] Drone 7 failed to receive a command: RecvError
2025-02-10 20:39:59 [WARN] [getdroned::get_droned] Drone 7 failed to receive a command: RecvError
2025-02-10 20:39:59 [WARN] [getdroned::get_droned] Drone 7 failed to receive a command: RecvError
2025-02-10 20:39:59 [WARN] [getdroned::get_droned] Drone 7 failed to receive a command: RecvError
2025-02-10 20:39:59 [WARN] [getdroned::get_droned] Drone 7 failed to receive a command: RecvError
2025-02-10 20:39:59 [WARN] [getdroned::get_droned] Drone 7 failed to receive a command: RecvError
2025-02-10 20:39:59 [WARN] [getdroned::get_droned] Drone 7 failed to receive a command: RecvError
2025-02-10 20:39:59 [WARN] [getdroned::get_droned] Drone 7 failed to receive a command: RecvError
2025-02-10 20:39:59 [WARN] [getdroned::get_droned] Drone 7 failed to receive a command: RecvError
2025-02-10 20:39:59 [WARN] [getdroned::get_droned] Drone 7 failed to receive a command: RecvError
2025-02-10 20:39:59 [WARN] [getdroned::get_droned] Drone 7 failed to receive a command: RecvError
2025-02-10 20:39:59 [WARN] [getdroned::get_droned] Drone 7 failed to receive a command: RecvError
2025-02-10 20:39:59 [WARN] [getdroned::get_droned] Drone 7 failed to receive a command: RecvError
2025-02-10 20:39:59 [WARN] [getdroned::get_droned] Drone 7 failed to receive a command: RecvError
2025-02-10 20:39:59 [WARN] [getdroned::get_droned] Drone 7 failed to receive a command: RecvError
2025-02-10 20:39:59 [WARN] [getdroned::get_droned] Drone 7 failed to receive a command: RecvError
2025-02-10 20:39:59 [WARN] [getdroned::get_droned] Drone 7 failed to receive a command: RecvError
2025-02-10 20:39:59 [WARN] [getdroned::get_droned] Drone 7 failed to receive a command: RecvError
2025-02-10 20:39:59 [WARN] [getdroned::get_droned] Drone 7 failed to receive a command: RecvError
2025-02-10 20:39:59 [WARN] [getdroned::get_droned] Drone 7 failed to receive a command: RecvError
2025-02-10 20:39:59 [WARN] [getdroned::get_droned] Drone 7 failed to receive a command: RecvError
2025-02-10 20:39:59 [WARN] [getdroned::get_droned] Drone 7 failed to receive a command: RecvError
2025-02-10 20:39:59 [WARN] [getdroned::get_droned] Drone 7 failed to receive a command: RecvError
2025-02-10 20:39:59 [WARN] [getdroned::get_droned] Drone 7 failed to receive a command: RecvError
2025-02-10 20:39:59 [WARN] [getdroned::get_droned] Drone 7 failed to receive a command: RecvError
2025-02-10 20:39:59 [WARN] [getdroned::get_droned] Drone 7 failed to receive a command: RecvError
2025-02-10 20:39:59 [WARN] [getdroned::get_droned] Drone 7 failed to receive a command: RecvError
2025-02-10 20:39:59 [WARN] [getdroned::get_droned] Drone 7 failed to receive a command: RecvError
2025-02-10 20:39:59 [WARN] [getdroned::get_droned] Drone 7 failed to receive a command: RecvError
2025-02-10 20:39:59 [WARN] [getdroned::get_droned] Drone 7 failed to receive a command: RecvError
2025-02-10 20:39:59 [WARN] [getdroned::get_droned] Drone 7 failed to receive a command: RecvError
2025-02-10 20:39:59 [WARN] [getdroned::get_droned] Drone 7 failed to receive a command: RecvError
2025-02-10 20:39:59 [WARN] [getdroned::get_droned] Drone 7 failed to receive a command: RecvError
2025-02-10 20:39:59 [WARN] [getdroned::get_droned] Drone 7 failed to receive a command: RecvError
2025-02-10 20:39:59 [WARN] [getdroned::get_droned] Drone 7 failed to receive a command: RecvError
2025-02-10 20:39:59 [WARN] [getdroned::get_droned] Drone 7 failed to receive a command: RecvError
2025-02-10 20:39:59 [WARN] [getdroned::get_droned] Drone 7 failed to receive a command: RecvError
2025-02-10 20:39:59 [WARN] [getdroned::get_droned] Drone 7 failed to receive a command: RecvError
2025-02-10 20:39:59 [WARN] [getdroned::get_droned] Drone 7 failed to receive a command: RecvError
2025-02-10 20:39:59 [WARN] [getdroned::get_droned] Drone 7 failed to receive a command: RecvError
2025-02-10 20:39:59 [WARN] [getdroned::get_droned] Drone 7 failed to receive a command: RecvError
2025-02-10 20:39:59 [WARN] [getdroned::get_droned] Drone 7 failed to receive a command: RecvError
2025-02-10 20:39:59 [WARN] [getdroned::get_droned] Drone 7 failed to receive a command: RecvError
2025-02-10 20:39:59 [WARN] [getdroned::get_droned] Drone 7 failed to receive a command: RecvError
2025-02-10 20:39:59 [WARN] [getdroned::get_droned] Drone 7 failed to receive a command: RecvError
2025-02-10 20:39:59 [WARN] [getdroned::get_droned] Drone 7 failed to receive a command: RecvError
2025-02-10 20:39:59 [WARN] [getdroned::get_droned] Drone 7 failed to receive a command: RecvError
2025-02-10 20:39:59 [WARN] [getdroned::get_droned] Drone 7 failed to receive a command: RecvError
2025-02-10 20:39:59 [WARN] [getdroned::get_droned] Drone 7 failed to receive a command: RecvError
2025-02-10 20:39:59 [WARN] [getdroned::get_droned] Drone 7 failed to receive a command: RecvError
2025-02-10 20:39:59 [WARN] [getdroned::get_droned] Drone 7 failed to receive a command: RecvError
2025-02-10 20:39:59 [WARN] [getdroned::get_droned] Drone 7 failed to receive a command: RecvError
2025-02-10 20:39:59 [WARN] [getdroned::get_droned] Drone 7 failed to receive a command: RecvError
2025-02-10 20:39:59 [WARN] [getdroned::get_droned] Drone 7 failed to receive a command: RecvError
2025-02-10 20:39:59 [WARN] [getdroned::get_droned] Drone 7 failed to receive a command: RecvError
2025-02-10 20:39:59 [WARN] [getdroned::get_droned] Drone 7 failed to receive a command: RecvError
2025-02-10 20:39:59 [WARN] [getdroned::get_droned] Drone 7 failed to receive a command: RecvError
2025-02-10 20:39:59 [WARN] [getdroned::get_droned] Drone 7 failed to receive a command: RecvError
2025-02-10 20:39:59 [WARN] [getdroned::get_droned] Drone 7 failed to receive a command: RecvError
2025-02-10 20:39:59 [WARN] [getdroned::get_droned] Drone 7 failed to receive a command: RecvError
2025-02-10 20:39:59 [WARN] [getdroned::get_droned] Drone 7 failed to receive a command: RecvError
2025-02-10 20:39:59 [WARN] [getdroned::get_droned] Drone 7 failed to receive a command: RecvError
2025-02-10 20:39:59 [WARN] [getdroned::get_droned] Drone 7 failed to receive a command: RecvError
2025-02-10 20:39:59 [WARN] [getdroned::get_droned] Drone 7 failed to receive a command: RecvError
2025-02-10 20:39:59 [WARN] [getdroned::get_droned] Drone 7 failed to receive a command: RecvError
2025-02-10 20:39:59 [WARN] [getdroned::get_droned] Drone 7 failed to receive a command: RecvError
2025-02-10 20:39:59 [WARN] [getdroned::get_droned] Drone 7 failed to receive a command: RecvError
2025-02-10 20:39:59 [WARN] [getdroned::get_droned] Drone 7 failed to receive a command: RecvError
2025-02-10 20:39:59 [WARN] [getdroned::get_droned] Drone 7 failed to receive a command: RecvError
2025-02-10 20:39:59 [WARN] [getdroned::get_droned] Drone 7 failed to receive a command: RecvError
2025-02-10 20:39:59 [WARN] [getdroned::get_droned] Drone 7 failed to receive a command: RecvError
2025-02-10 20:39:59 [WARN] [getdroned::get_droned] Drone 7 failed to receive a command: RecvError
2025-02-10 20:39:59 [WARN] [getdroned::get_droned] Drone 7 failed to receive a command: RecvError
2025-02-10 20:39:59 [WARN] [getdroned::get_droned] Drone 7 failed to receive a command: RecvError
2025-02-10 20:39:59 [WARN] [getdroned::get_droned] Drone 7 failed to receive a command: RecvError
2025-02-10 20:39:59 [WARN] [getdroned::get_droned] Drone 7 failed to receive a command: RecvError
2025-02-10 20:39:59 [WARN] [getdroned::get_droned] Drone 7 failed to receive a command: RecvError
2025-02-10 20:39:59 [WARN] [getdroned::get_droned] Drone 7 failed to receive a command: RecvError
2025-02-10 20:39:59 [WARN] [getdroned::get_droned] Drone 7 failed to receive a command: RecvError
2025-02-10 20:39:59 [WARN] [getdroned::get_droned] Drone 7 failed to receive a command: RecvError
2025-02-10 20:39:59 [WARN] [getdroned::get_droned] Drone 7 failed to receive a command: RecvError
2025-02-10 20:39:59 [WARN] [getdroned::get_droned] Drone 7 failed to receive a command: RecvError
2025-02-10 20:39:59 [WARN] [getdroned::get_droned] Drone 7 failed to receive a command: RecvError
2025-02-10 20:39:59 [WARN] [getdroned::get_droned] Drone 7 failed to receive a command: RecvError
2025-02-10 20:39:59 [WARN] [getdroned::get_droned] Drone 7 failed to receive a command: RecvError
2025-02-10 20:39:59 [WARN] [getdroned::get_droned] Drone 7 failed to receive a command: RecvError
2025-02-10 20:39:59 [WARN] [getdroned::get_droned] Drone 7 failed to receive a command: RecvError
2025-02-10 20:39:59 [WARN] [getdroned::get_droned] Drone 7 failed to receive a command: RecvError
2025-02-10 20:39:59 [WARN] [getdroned::get_droned] Drone 7 failed to receive a command: RecvError
2025-02-10 20:39:59 [WARN] [getdroned::get_droned] Drone 7 failed to receive a command: RecvError
2025-02-10 20:39:59 [WARN] [getdroned::get_droned] Drone 7 failed to receive a command: RecvError
2025-02-10 20:39:59 [WARN] [getdroned::get_droned] Drone 7 failed to receive a command: RecvError
2025-02-10 20:39:59 [WARN] [getdroned::get_droned] Drone 7 failed to receive a command: RecvError
2025-02-10 20:39:59 [WARN] [getdroned::get_droned] Drone 7 failed to receive a command: RecvError
2025-02-10 20:39:59 [WARN] [getdroned::get_droned] Drone 7 failed to receive a command: RecvError
2025-02-10 20:39:59 [WARN] [getdroned::get_droned] Drone 7 failed to receive a command: RecvError
2025-02-10 20:39:59 [WARN] [getdroned::get_droned] Drone 7 failed to receive a command: RecvError
2025-02-10 20:39:59 [WARN] [getdroned::get_droned] Drone 7 failed to receive a command: RecvError
2025-02-10 20:39:59 [WARN] [getdroned::get_droned] Drone 7 failed to receive a command: RecvError
2025-02-10 20:39:59 [WARN] [getdroned::get_droned] Drone 7 failed to receive a command: RecvError
2025-02-10 20:39:59 [WARN] [getdroned::get_droned] Drone 7 failed to receive a command: RecvError
2025-02-10 20:39:59 [WARN] [getdroned::get_droned] Drone 7 failed to receive a command: RecvError
2025-02-10 20:39:59 [WARN] [getdroned::get_droned] Drone 7 failed to receive a command: RecvError
2025-02-10 20:39:59 [WARN] [getdroned::get_droned] Drone 7 failed to receive a command: RecvError
2025-02-10 20:39:59 [WARN] [getdroned::get_droned] Drone 7 failed to receive a command: RecvError
2025-02-10 20:39:59 [WARN] [getdroned::get_droned] Drone 7 failed to receive a command: RecvError
2025-02-10 20:39:59 [WARN] [getdroned::get_droned] Drone 7 failed to receive a command: RecvError
2025-02-10 20:39:59 [WARN] [getdroned::get_droned] Drone 7 failed to receive a command: RecvError
2025-02-10 20:39:59 [WARN] [getdroned::get_droned] Drone 7 failed to receive a command: RecvError
2025-02-10 20:39:59 [WARN] [getdroned::get_droned] Drone 7 failed to receive a command: RecvError
2025-02-10 20:39:59 [WARN] [getdroned::get_droned] Drone 7 failed to receive a command: RecvError
2025-02-10 20:39:59 [WARN] [getdroned::get_droned] Drone 7 failed to receive a command: RecvError
2025-02-10 20:39:59 [WARN] [getdroned::get_droned] Drone 7 failed to receive a command: RecvError
2025-02-10 20:39:59 [WARN] [getdroned::get_droned] Drone 7 failed to receive a command: RecvError
2025-02-10 20:39:59 [WARN] [getdroned::get_droned] Drone 7 failed to receive a command: RecvError
2025-02-10 20:39:59 [WARN] [getdroned::get_droned] Drone 7 failed to receive a command: RecvError
2025-02-10 20:39:59 [WARN] [getdroned::get_droned] Drone 7 failed to receive a command: RecvError
2025-02-10 20:39:59 [WARN] [getdroned::get_droned] Drone 7 failed to receive a command: RecvError
2025-02-10 20:39:59 [WARN] [getdroned::get_droned] Drone 7 failed to receive a command: RecvError
2025-02-10 20:39:59 [WARN] [getdroned::get_droned] Drone 7 failed to receive a command: RecvError
2025-02-10 20:39:59 [WARN] [getdroned::get_droned] Drone 7 failed to receive a command: RecvError
2025-02-10 20:39:59 [WARN] [getdroned::get_droned] Drone 7 failed to receive a command: RecvError
2025-02-10 20:39:59 [WARN] [getdroned::get_droned] Drone 7 failed to receive a command: RecvError
2025-02-10 20:39:59 [WARN] [getdroned::get_droned] Drone 7 failed to receive a command: RecvError
2025-02-10 20:39:59 [WARN] [getdroned::get_droned] Drone 7 failed to receive a command: RecvError
2025-02-10 20:39:59 [WARN] [getdroned::get_droned] Drone 7 failed to receive a command: RecvError
2025-02-10 20:39:59 [WARN] [getdroned::get_droned] Drone 7 failed to receive a command: RecvError
2025-02-10 20:39:59 [WARN] [getdroned::get_droned] Drone 7 failed to receive a command: RecvError
2025-02-10 20:39:59 [WARN] [getdroned::get_droned] Drone 7 failed to receive a command: RecvError
2025-02-10 20:39:59 [WARN] [getdroned::get_droned] Drone 7 failed to receive a command: RecvError
2025-02-10 20:39:59 [WARN] [getdroned::get_droned] Drone 7 failed to receive a command: RecvError
2025-02-10 20:39:59 [WARN] [getdroned::get_droned] Drone 7 failed to receive a command: RecvError
2025-02-10 20:39:59 [WARN] [getdroned::get_droned] Drone 7 failed to receive a command: RecvError
2025-02-10 20:39:59 [WARN] [getdroned::get_droned] Drone 7 failed to receive a command: RecvError
2025-02-10 20:39:59 [WARN] [getdroned::get_droned] Drone 7 failed to receive a command: RecvError
2025-02-10 20:39:59 [WARN] [getdroned::get_droned] Drone 7 failed to receive a command: RecvError
2025-02-10 20:39:59 [WARN] [getdroned::get_droned] Drone 7 failed to receive a command: RecvError
2025-02-10 20:39:59 [WARN] [getdroned::get_droned] Drone 7 failed to receive a command: RecvError
2025-02-10 20:39:59 [WARN] [getdroned::get_droned] Drone 7 failed to receive a command: RecvError
2025-02-10 20:39:59 [WARN] [getdroned::get_droned] Drone 7 failed to receive a command: RecvError
2025-02-10 20:39:59 [WARN] [getdroned::get_droned] Drone 7 failed to receive a command: RecvError
2025-02-10 20:39:59 [WARN] [getdroned::get_droned] Drone 7 failed to receive a command: RecvError
2025-02-10 20:39:59 [WARN] [getdroned::get_droned] Drone 7 failed to receive a command: RecvError
2025-02-10 20:39:59 [WARN] [getdroned::get_droned] Drone 7 failed to receive a command: RecvError
2025-02-10 20:39:59 [WARN] [getdroned::get_droned] Drone 7 failed to receive a command: RecvError
2025-02-10 20:39:59 [WARN] [getdroned::get_droned] Drone 7 failed to receive a command: RecvError
2025-02-10 20:39:59 [WARN] [getdroned::get_droned] Drone 7 failed to receive a command: RecvError
2025-02-10 20:39:59 [WARN] [getdroned::get_droned] Drone 7 failed to receive a command: RecvError
2025-02-10 20:39:59 [WARN] [getdroned::get_droned] Drone 7 failed to receive a command: RecvError
2025-02-10 20:39:59 [WARN] [getdroned::get_droned] Drone 7 failed to receive a command: RecvError
2025-02-10 20:39:59 [WARN] [getdroned::get_droned] Drone 7 failed to receive a command: RecvError
2025-02-10 20:39:59 [WARN] [getdroned::get_droned] Drone 7 failed to receive a command: RecvError
2025-02-10 20:39:59 [WARN] [getdroned::get_droned] Drone 7 failed to receive a command: RecvError
2025-02-10 20:39:59 [WARN] [getdroned::get_droned] Drone 7 failed to receive a command: RecvError
2025-02-10 20:39:59 [WARN] [getdroned::get_droned] Drone 7 failed to receive a command: RecvError
2025-02-10 20:39:59 [WARN] [getdroned::get_droned] Drone 7 failed to receive a command: RecvError
2025-02-10 20:39:59 [WARN] [getdroned::get_droned] Drone 7 failed to receive a command: RecvError
2025-02-10 20:39:59 [WARN] [getdroned::get_droned] Drone 7 failed to receive a command: RecvError
2025-02-10 20:39:59 [WARN] [getdroned::get_droned] Drone 7 failed to receive a command: RecvError
2025-02-10 20:39:59 [WARN] [getdroned::get_droned] Drone 7 failed to receive a command: RecvError
2025-02-10 20:39:59 [WARN] [getdroned::get_droned] Drone 7 failed to receive a command: RecvError
2025-02-10 20:39:59 [WARN] [getdroned::get_droned] Drone 7 failed to receive a command: RecvError
2025-02-10 20:39:59 [WARN] [getdroned::get_droned] Drone 7 failed to receive a command: RecvError
2025-02-10 20:39:59 [WARN] [getdroned::get_droned] Drone 7 failed to receive a command: RecvError
2025-02-10 20:39:59 [WARN] [getdroned::get_droned] Drone 7 failed to receive a command: RecvError
2025-02-10 20:39:59 [WARN] [getdroned::get_droned] Drone 7 failed to receive a command: RecvError
2025-02-10 20:39:59 [WARN] [getdroned::get_droned] Drone 7 failed to receive a command: RecvError
2025-02-10 20:39:59 [WARN] [getdroned::get_droned] Drone 7 failed to receive a command: RecvError
2025-02-10 20:39:59 [WARN] [getdroned::get_droned] Drone 7 failed to receive a command: RecvError
2025-02-10 20:39:59 [WARN] [getdroned::get_droned] Drone 7 failed to receive a command: RecvError
2025-02-10 20:39:59 [WARN] [getdroned::get_droned] Drone 7 failed to receive a command: RecvError
2025-02-10 20:39:59 [WARN] [getdroned::get_droned] Drone 7 failed to receive a command: RecvError
2025-02-10 20:39:59 [WARN] [getdroned::get_droned] Drone 7 failed to receive a command: RecvError
2025-02-10 20:39:59 [WARN] [getdroned::get_droned] Drone 7 failed to receive a command: RecvError
2025-02-10 20:39:59 [WARN] [getdroned::get_droned] Drone 7 failed to receive a command: RecvError
2025-02-10 20:39:59 [WARN] [getdroned::get_droned] Drone 7 failed to receive a command: RecvError
2025-02-10 20:39:59 [WARN] [getdroned::get_droned] Drone 7 failed to receive a command: RecvError
2025-02-10 20:39:59 [WARN] [getdroned::get_droned] Drone 7 failed to receive a command: RecvError
2025-02-10 20:39:59 [WARN] [getdroned::get_droned] Drone 7 failed to receive a command: RecvError
2025-02-10 20:39:59 [WARN] [getdroned::get_droned] Drone 7 failed to receive a command: RecvError
2025-02-10 20:39:59 [WARN] [getdroned::get_droned] Drone 7 failed to receive a command: RecvError
2025-02-10 20:39:59 [WARN] [getdroned::get_droned] Drone 7 failed to receive a command: RecvError
2025-02-10 20:39:59 [WARN] [getdroned::get_droned] Drone 7 failed to receive a command: RecvError
2025-02-10 20:39:59 [WARN] [getdroned::get_droned] Drone 7 failed to receive a command: RecvError
2025-02-10 20:39:59 [WARN] [getdroned::get_droned] Drone 7 failed to receive a command: RecvError
2025-02-10 20:39:59 [WARN] [getdroned::get_droned] Drone 7 failed to receive a command: RecvError
2025-02-10 20:39:59 [WARN] [getdroned::get_droned] Drone 7 failed to receive a command: RecvError
2025-02-10 20:39:59 [WARN] [getdroned::get_droned] Drone 7 failed to receive a command: RecvError
2025-02-10 20:39:59 [WARN] [getdroned::get_droned] Drone 7 failed to receive a command: RecvError
2025-02-10 20:39:59 [WARN] [getdroned::get_droned] Drone 7 failed to receive a command: RecvError
2025-02-10 20:39:59 [WARN] [getdroned::get_droned] Drone 7 failed to receive a command: RecvError
2025-02-10 20:39:59 [WARN] [getdroned::get_droned] Drone 7 failed to receive a command: RecvError
2025-02-10 20:39:59 [WARN] [getdroned::get_droned] Drone 7 failed to receive a command: RecvError
2025-02-10 20:39:59 [WARN] [getdroned::get_droned] Drone 7 failed to receive a command: RecvError
2025-02-10 20:39:59 [WARN] [getdroned::get_droned] Drone 7 failed to receive a command: RecvError
2025-02-10 20:39:59 [WARN] [getdroned::get_droned] Drone 7 failed to receive a command: RecvError
2025-02-10 20:39:59 [WARN] [getdroned::get_droned] Drone 7 failed to receive a command: RecvError
2025-02-10 20:39:59 [WARN] [getdroned::get_droned] Drone 7 failed to receive a command: RecvError
2025-02-10 20:39:59 [WARN] [getdroned::get_droned] Drone 7 failed to receive a command: RecvError
2025-02-10 20:39:59 [WARN] [getdroned::get_droned] Drone 7 failed to receive a command: RecvError
2025-02-10 20:39:59 [WARN] [getdroned::get_droned] Drone 7 failed to receive a command: RecvError
2025-02-10 20:39:59 [WARN] [getdroned::get_droned] Drone 7 failed to receive a command: RecvError
2025-02-10 20:39:59 [WARN] [getdroned::get_droned] Drone 7 failed to receive a command: RecvError
2025-02-10 20:39:59 [WARN] [getdroned::get_droned] Drone 7 failed to receive a command: RecvError
2025-02-10 20:39:59 [WARN] [getdroned::get_droned] Drone 7 failed to receive a command: RecvError
2025-02-10 20:39:59 [WARN] [getdroned::get_droned] Drone 7 failed to receive a command: RecvError
2025-02-10 20:39:59 [WARN] [getdroned::get_droned] Drone 7 failed to receive a command: RecvError
2025-02-10 20:39:59 [WARN] [getdroned::get_droned] Drone 7 failed to receive a command: RecvError
2025-02-10 20:39:59 [WARN] [getdroned::get_droned] Drone 7 failed to receive a command: RecvError
2025-02-10 20:39:59 [WARN] [getdroned::get_droned] Drone 7 failed to receive a command: RecvError
2025-02-10 20:39:59 [WARN] [getdroned::get_droned] Drone 7 failed to receive a command: RecvError
2025-02-10 20:39:59 [WARN] [getdroned::get_droned] Drone 7 failed to receive a command: RecvError
2025-02-10 20:39:59 [WARN] [getdroned::get_droned] Drone 7 failed to receive a command: RecvError
2025-02-10 20:39:59 [WARN] [getdroned::get_droned] Drone 7 failed to receive a command: RecvError
2025-02-10 20:39:59 [WARN] [getdroned::get_droned] Drone 7 failed to receive a command: RecvError
2025-02-10 20:39:59 [WARN] [getdroned::get_droned] Drone 7 failed to receive a command: RecvError
2025-02-10 20:39:59 [WARN] [getdroned::get_droned] Drone 7 failed to receive a command: RecvError
2025-02-10 20:39:59 [WARN] [getdroned::get_droned] Drone 7 failed to receive a command: RecvError
2025-02-10 20:39:59 [WARN] [getdroned::get_droned] Drone 7 failed to receive a command: RecvError
2025-02-10 20:39:59 [WARN] [getdroned::get_droned] Drone 7 failed to receive a command: RecvError
2025-02-10 20:39:59 [WARN] [getdroned::get_droned] Drone 7 failed to receive a command: RecvError
2025-02-10 20:39:59 [WARN] [getdroned::get_droned] Drone 7 failed to receive a command: RecvError
2025-02-10 20:39:59 [WARN] [getdroned::get_droned] Drone 7 failed to receive a command: RecvError
2025-02-10 20:39:59 [WARN] [getdroned::get_droned] Drone 7 failed to receive a command: RecvError
2025-02-10 20:39:59 [WARN] [getdroned::get_droned] Drone 7 failed to receive a command: RecvError
2025-02-10 20:39:59 [WARN] [getdroned::get_droned] Drone 7 failed to receive a command: RecvError
2025-02-10 20:39:59 [WARN] [getdroned::get_droned] Drone 7 failed to receive a command: RecvError
2025-02-10 20:39:59 [WARN] [getdroned::get_droned] Drone 7 failed to receive a command: RecvError
2025-02-10 20:39:59 [WARN] [getdroned::get_droned] Drone 7 failed to receive a command: RecvError
2025-02-10 20:39:59 [WARN] [getdroned::get_droned] Drone 7 failed to receive a command: RecvError
2025-02-10 20:39:59 [WARN] [getdroned::get_droned] Drone 7 failed to receive a command: RecvError
2025-02-10 20:39:59 [WARN] [getdroned::get_droned] Drone 7 failed to receive a command: RecvError
2025-02-10 20:39:59 [WARN] [getdroned::get_droned] Drone 7 failed to receive a command: RecvError
2025-02-10 20:39:59 [WARN] [getdroned::get_droned] Drone 7 failed to receive a command: RecvError
2025-02-10 20:39:59 [WARN] [getdroned::get_droned] Drone 7 failed to receive a command: RecvError
2025-02-10 20:39:59 [WARN] [getdroned::get_droned] Drone 7 failed to receive a command: RecvError
2025-02-10 20:39:59 [WARN] [getdroned::get_droned] Drone 7 failed to receive a command: RecvError
2025-02-10 20:39:59 [WARN] [getdroned::get_droned] Drone 7 failed to receive a command: RecvError
2025-02-10 20:39:59 [WARN] [getdroned::get_droned] Drone 7 failed to receive a command: RecvError
2025-02-10 20:39:59 [WARN] [getdroned::get_droned] Drone 7 failed to receive a command: RecvError
2025-02-10 20:39:59 [WARN] [getdroned::get_droned] Drone 7 failed to receive a command: RecvError
2025-02-10 20:39:59 [WARN] [getdroned::get_droned] Drone 7 failed to receive a command: RecvError
2025-02-10 20:39:59 [WARN] [getdroned::get_droned] Drone 7 failed to receive a command: RecvError
2025-02-10 20:39:59 [WARN] [getdroned::get_droned] Drone 7 failed to receive a command: RecvError
2025-02-10 20:39:59 [WARN] [getdroned::get_droned] Drone 7 failed to receive a command: RecvError
2025-02-10 20:39:59 [WARN] [getdroned::get_droned] Drone 7 failed to receive a command: RecvError
2025-02-10 20:39:59 [WARN] [getdroned::get_droned] Drone 7 failed to receive a command: RecvError
2025-02-10 20:39:59 [WARN] [getdroned::get_droned] Drone 7 failed to receive a command: RecvError
2025-02-10 20:39:59 [WARN] [getdroned::get_droned] Drone 7 failed to receive a command: RecvError
2025-02-10 20:39:59 [WARN] [getdroned::get_droned] Drone 7 failed to receive a command: RecvError
2025-02-10 20:39:59 [WARN] [getdroned::get_droned] Drone 7 failed to receive a command: RecvError
2025-02-10 20:39:59 [WARN] [getdroned::get_droned] Drone 7 failed to receive a command: RecvError
2025-02-10 20:39:59 [WARN] [getdroned::get_droned] Drone 7 failed to receive a command: RecvError
2025-02-10 20:39:59 [WARN] [getdroned::get_droned] Drone 7 failed to receive a command: RecvError
2025-02-10 20:39:59 [WARN] [getdroned::get_droned] Drone 7 failed to receive a command: RecvError
2025-02-10 20:39:59 [WARN] [getdroned::get_droned] Drone 7 failed to receive a command: RecvError
2025-02-10 20:39:59 [WARN] [getdroned::get_droned] Drone 7 failed to receive a command: RecvError
2025-02-10 20:39:59 [WARN] [getdroned::get_droned] Drone 7 failed to receive a command: RecvError
2025-02-10 20:39:59 [WARN] [getdroned::get_droned] Drone 7 failed to receive a command: RecvError
2025-02-10 20:39:59 [WARN] [getdroned::get_droned] Drone 7 failed to receive a command: RecvError
2025-02-10 20:39:59 [WARN] [getdroned::get_droned] Drone 7 failed to receive a command: RecvError
2025-02-10 20:39:59 [WARN] [getdroned::get_droned] Drone 7 failed to receive a command: RecvError
2025-02-10 20:39:59 [WARN] [getdroned::get_droned] Drone 7 failed to receive a command: RecvError
2025-02-10 20:39:59 [WARN] [getdroned::get_droned] Drone 7 failed to receive a command: RecvError
2025-02-10 20:39:59 [WARN] [getdroned::get_droned] Drone 7 failed to receive a command: RecvError
2025-02-10 20:39:59 [WARN] [getdroned::get_droned] Drone 7 failed to receive a command: RecvError
2025-02-10 20:39:59 [WARN] [getdroned::get_droned] Drone 7 failed to receive a command: RecvError
2025-02-10 20:39:59 [WARN] [getdroned::get_droned] Drone 7 failed to receive a command: RecvError
2025-02-10 20:39:59 [WARN] [getdroned::get_droned] Drone 7 failed to receive a command: RecvError
2025-02-10 20:39:59 [WARN] [getdroned::get_droned] Drone 7 failed to receive a command: RecvError
2025-02-10 20:39:59 [WARN] [getdroned::get_droned] Drone 7 failed to receive a command: RecvError
2025-02-10 20:39:59 [WARN] [getdroned::get_droned] Drone 7 failed to receive a command: RecvError
2025-02-10 20:39:59 [WARN] [getdroned::get_droned] Drone 7 failed to receive a command: RecvError
2025-02-10 20:39:59 [WARN] [getdroned::get_droned] Drone 7 failed to receive a command: RecvError
2025-02-10 20:39:59 [WARN] [getdroned::get_droned] Drone 7 failed to receive a command: RecvError
2025-02-10 20:39:59 [WARN] [getdroned::get_droned] Drone 7 failed to receive a command: RecvError
2025-02-10 20:39:59 [WARN] [getdroned::get_droned] Drone 7 failed to receive a command: RecvError
2025-02-10 20:39:59 [WARN] [getdroned::get_droned] Drone 7 failed to receive a command: RecvError
2025-02-10 20:39:59 [WARN] [getdroned::get_droned] Drone 7 failed to receive a command: RecvError
2025-02-10 20:39:59 [WARN] [getdroned::get_droned] Drone 7 failed to receive a command: RecvError
2025-02-10 20:39:59 [WARN] [getdroned::get_droned] Drone 7 failed to receive a command: RecvError
2025-02-10 20:39:59 [WARN] [getdroned::get_droned] Drone 7 failed to receive a command: RecvError
2025-02-10 20:39:59 [WARN] [getdroned::get_droned] Drone 7 failed to receive a command: RecvError
2025-02-10 20:39:59 [WARN] [getdroned::get_droned] Drone 7 failed to receive a command: RecvError
2025-02-10 20:39:59 [WARN] [getdroned::get_droned] Drone 7 failed to receive a command: RecvError
2025-02-10 20:39:59 [WARN] [getdroned::get_droned] Drone 7 failed to receive a command: RecvError
2025-02-10 20:39:59 [WARN] [getdroned::get_droned] Drone 7 failed to receive a command: RecvError
2025-02-10 20:39:59 [WARN] [getdroned::get_droned] Drone 7 failed to receive a command: RecvError
2025-02-10 20:39:59 [WARN] [getdroned::get_droned] Drone 7 failed to receive a command: RecvError
2025-02-10 20:39:59 [WARN] [getdroned::get_droned] Drone 7 failed to receive a command: RecvError
2025-02-10 20:39:59 [WARN] [getdroned::get_droned] Drone 7 failed to receive a command: RecvError
2025-02-10 20:39:59 [WARN] [getdroned::get_droned] Drone 7 failed to receive a command: RecvError
2025-02-10 20:39:59 [WARN] [getdroned::get_droned] Drone 7 failed to receive a command: RecvError
2025-02-10 20:39:59 [WARN] [getdroned::get_droned] Drone 7 failed to receive a command: RecvError
2025-02-10 20:39:59 [WARN] [getdroned::get_droned] Drone 7 failed to receive a command: RecvError
2025-02-10 20:39:59 [WARN] [getdroned::get_droned] Drone 7 failed to receive a command: RecvError
2025-02-10 20:39:59 [WARN] [getdroned::get_droned] Drone 7 failed to receive a command: RecvError
2025-02-10 20:39:59 [WARN] [getdroned::get_droned] Drone 7 failed to receive a command: RecvError
2025-02-10 20:39:59 [WARN] [getdroned::get_droned] Drone 7 failed to receive a command: RecvError
2025-02-10 20:39:59 [WARN] [getdroned::get_droned] Drone 7 failed to receive a command: RecvError
2025-02-10 20:39:59 [WARN] [getdroned::get_droned] Drone 7 failed to receive a command: RecvError
2025-02-10 20:39:59 [WARN] [getdroned::get_droned] Drone 7 failed to receive a command: RecvError
2025-02-10 20:39:59 [WARN] [getdroned::get_droned] Drone 7 failed to receive a command: RecvError
2025-02-10 20:39:59 [WARN] [getdroned::get_droned] Drone 7 failed to receive a command: RecvError
2025-02-10 20:39:59 [WARN] [getdroned::get_droned] Drone 7 failed to receive a command: RecvError
2025-02-10 20:39:59 [WARN] [getdroned::get_droned] Drone 7 failed to receive a command: RecvError
2025-02-10 20:39:59 [WARN] [getdroned::get_droned] Drone 7 failed to receive a command: RecvError
2025-02-10 20:39:59 [WARN] [getdroned::get_droned] Drone 7 failed to receive a command: RecvError
2025-02-10 20:39:59 [WARN] [getdroned::get_droned] Drone 7 failed to receive a command: RecvError
2025-02-10 20:39:59 [WARN] [getdroned::get_droned] Drone 7 failed to receive a command: RecvError
2025-02-10 20:39:59 [WARN] [getdroned::get_droned] Drone 7 failed to receive a command: RecvError
2025-02-10 20:39:59 [WARN] [getdroned::get_droned] Drone 7 failed to receive a command: RecvError
2025-02-10 20:39:59 [WARN] [getdroned::get_droned] Drone 7 failed to receive a command: RecvError
2025-02-10 20:39:59 [WARN] [getdroned::get_droned] Drone 7 failed to receive a command: RecvError
2025-02-10 20:39:59 [WARN] [getdroned::get_droned] Drone 7 failed to receive a command: RecvError
2025-02-10 20:39:59 [WARN] [getdroned::get_droned] Drone 7 failed to receive a command: RecvError
2025-02-10 20:39:59 [WARN] [getdroned::get_droned] Drone 7 failed to receive a command: RecvError
2025-02-10 20:39:59 [WARN] [getdroned::get_droned] Drone 7 failed to receive a command: RecvError
2025-02-10 20:39:59 [WARN] [getdroned::get_droned] Drone 7 failed to receive a command: RecvError
2025-02-10 20:39:59 [WARN] [getdroned::get_droned] Drone 7 failed to receive a command: RecvError
2025-02-10 20:39:59 [WARN] [getdroned::get_droned] Drone 7 failed to receive a command: RecvError
2025-02-10 20:39:59 [WARN] [getdroned::get_droned] Drone 7 failed to receive a command: RecvError
2025-02-10 20:39:59 [WARN] [getdroned::get_droned] Drone 7 failed to receive a command: RecvError
2025-02-10 20:39:59 [WARN] [getdroned::get_droned] Drone 7 failed to receive a command: RecvError
2025-02-10 20:39:59 [WARN] [getdroned::get_droned] Drone 7 failed to receive a command: RecvError
