2025-02-09 19:22:43 [INFO] [rust_do_it::drone] Drone 4 received packet Packet { routing_header: SourceRoutingHeader { hop_index: 0, hops: [] }, session_id: 17, pack_type: FloodRequest(FloodRequest { flood_id: 7, initiator_id: 11, path_trace: [(11, Client), (2, Drone), (5, Drone), (8, Drone), (1, Drone)] }) }
2025-02-09 19:22:43 [INFO] [getdroned::get_droned] Drone 7 received a packet: Packet { routing_header: SourceRoutingHeader { hop_index: 0, hops: [] }, session_id: 17, pack_type: FloodRequest(FloodRequest { flood_id: 7, initiator_id: 11, path_trace: [(11, Client), (2, Drone), (5, Drone), (8, Drone), (1, Drone), (4, Drone)] }) }
2025-02-09 19:22:43 [INFO] [rustastic_drone::drone] [32m✓[0m [ Drone 3 ]: has received the packet Packet { routing_header: SourceRoutingHeader { hop_index: 0, hops: [] }, session_id: 17, pack_type: FloodRequest(FloodRequest { flood_id: 7, initiator_id: 11, path_trace: [(11, Client), (6, Drone)] }) }
2025-02-09 19:22:43 [INFO] [rustastic_drone::drone] [32m✓[0m [ Drone 3 ]: sent the FloodRequest with flood_id: 7 sent to [ Drone 12 ]
2025-02-09 19:22:43 [INFO] [rustastic_drone::drone] [32m✓[0m [ Drone 3 ]: sent a FloodRequest with flood_id: 7 to the [ Drone 12 ]
2025-02-09 19:22:43 [INFO] [rustastic_drone::drone] [32m✓[0m [ Drone 3 ]: sent the FloodRequest with flood_id: 7 sent to [ Drone 10 ]
2025-02-09 19:22:43 [INFO] [rustastic_drone::drone] [32m✓[0m [ Drone 3 ]: sent a FloodRequest with flood_id: 7 to the [ Drone 10 ]
2025-02-09 19:22:43 [INFO] [rustastic_drone::drone] [32m✓[0m [ Drone 3 ]: sent the FloodRequest with flood_id: 7 sent to [ Drone 15 ]
2025-02-09 19:22:43 [INFO] [rustastic_drone::drone] [32m✓[0m [ Drone 3 ]: sent a FloodRequest with flood_id: 7 to the [ Drone 15 ]
2025-02-09 19:22:43 [INFO] [rustastic_drone::drone] [32m✓[0m [ Drone 3 ]: has received the packet Packet { routing_header: SourceRoutingHeader { hop_index: 0, hops: [] }, session_id: 17, pack_type: FloodRequest(FloodRequest { flood_id: 7, initiator_id: 11, path_trace: [(11, Client), (6, Drone), (12, Client)] }) }
2025-02-09 19:22:43 [INFO] [rustastic_drone::drone] [32m✓[0m [ Drone 3 ]: sent the FloodResponse to [ Drone 12 ]
└─>Reason: [33m!!![0m [ Drone 3 ]: has already received a FloodRequest with flood_id: 7
2025-02-09 19:22:43 [INFO] [rustastic_drone::drone] [32m✓[0m [ Drone 3 ]: has received the packet Packet { routing_header: SourceRoutingHeader { hop_index: 0, hops: [] }, session_id: 17, pack_type: FloodRequest(FloodRequest { flood_id: 7, initiator_id: 11, path_trace: [(11, Client), (2, Drone), (5, Drone), (8, Drone), (15, Server)] }) }
2025-02-09 19:22:43 [INFO] [rustastic_drone::drone] [32m✓[0m [ Drone 3 ]: sent the FloodResponse to [ Drone 15 ]
└─>Reason: [33m!!![0m [ Drone 3 ]: has already received a FloodRequest with flood_id: 7
2025-02-09 19:22:43 [INFO] [rustastic_drone::drone] [32m✓[0m [ Drone 3 ]: has received the packet Packet { routing_header: SourceRoutingHeader { hop_index: 0, hops: [] }, session_id: 17, pack_type: FloodRequest(FloodRequest { flood_id: 7, initiator_id: 11, path_trace: [(11, Client), (2, Drone), (5, Drone), (8, Drone), (1, Drone), (4, Drone), (7, Drone), (10, Client)] }) }
2025-02-09 19:22:43 [INFO] [rustastic_drone::drone] [32m✓[0m [ Drone 3 ]: sent the FloodResponse to [ Drone 10 ]
└─>Reason: [33m!!![0m [ Drone 3 ]: has already received a FloodRequest with flood_id: 7
2025-02-09 19:22:43 [INFO] [rustastic_drone::drone] [32m✓[0m [ Drone 3 ]: has received the packet Packet { routing_header: SourceRoutingHeader { hop_index: 1, hops: [15, 3, 6, 11] }, session_id: 7, pack_type: FloodResponse(FloodResponse { flood_id: 7, path_trace: [(11, Client), (6, Drone), (3, Drone), (15, Server)] }) }
2025-02-09 19:22:43 [INFO] [rustastic_drone::drone] [32m✓[0m Packet with [ session_id: 7 ] is being handled from [ Drone 3 ]
2025-02-09 19:22:43 [INFO] [rustastic_drone::drone] [32m✓[0m [ Drone 3 ]: sent a FloodResponse with flood_id: 7 to [ Drone 6 ]
2025-02-09 19:22:43 [INFO] [rustastic_drone::drone] [32m✓[0m [ Drone 3 ]: has received the packet Packet { routing_header: SourceRoutingHeader { hop_index: 1, hops: [10, 3, 6, 11] }, session_id: 7, pack_type: FloodResponse(FloodResponse { flood_id: 7, path_trace: [(11, Client), (6, Drone), (3, Drone), (10, Client)] }) }
2025-02-09 19:22:43 [INFO] [getdroned::get_droned] Drone 7 received a packet: Packet { routing_header: SourceRoutingHeader { hop_index: 2, hops: [3, 10, 7, 4, 1, 8, 5, 2, 11] }, session_id: 17, pack_type: FloodResponse(FloodResponse { flood_id: 7, path_trace: [(11, Client), (2, Drone), (5, Drone), (8, Drone), (1, Drone), (4, Drone), (7, Drone), (10, Client), (3, Drone)] }) }
2025-02-09 19:22:43 [INFO] [rustastic_drone::drone] [32m✓[0m Packet with [ session_id: 7 ] is being handled from [ Drone 3 ]
2025-02-09 19:22:43 [INFO] [rustastic_drone::drone] [32m✓[0m [ Drone 3 ]: sent a FloodResponse with flood_id: 7 to [ Drone 6 ]
2025-02-09 19:22:43 [INFO] [rust_do_it::drone] Drone 4 received packet Packet { routing_header: SourceRoutingHeader { hop_index: 3, hops: [3, 10, 7, 4, 1, 8, 5, 2, 11] }, session_id: 17, pack_type: FloodResponse(FloodResponse { flood_id: 7, path_trace: [(11, Client), (2, Drone), (5, Drone), (8, Drone), (1, Drone), (4, Drone), (7, Drone), (10, Client), (3, Drone)] }) }
2025-02-09 19:22:43 [INFO] [rustastic_drone::drone] [32m✓[0m [ Drone 3 ]: has received the packet Packet { routing_header: SourceRoutingHeader { hop_index: 1, hops: [12, 3, 6, 11] }, session_id: 7, pack_type: FloodResponse(FloodResponse { flood_id: 7, path_trace: [(11, Client), (6, Drone), (3, Drone), (12, Client)] }) }
2025-02-09 19:22:43 [INFO] [rustastic_drone::drone] [32m✓[0m Packet with [ session_id: 7 ] is being handled from [ Drone 3 ]
2025-02-09 19:22:43 [INFO] [rustastic_drone::drone] [32m✓[0m [ Drone 3 ]: sent a FloodResponse with flood_id: 7 to [ Drone 6 ]
2025-02-09 19:22:44 [INFO] [rustastic_drone::drone] [32m✓[0m [ Drone 3 ]: has received the packet Packet { routing_header: SourceRoutingHeader { hop_index: 2, hops: [11, 6, 3, 15] }, session_id: 23, pack_type: MsgFragment(Fragment { fragment_index: 0, total_n_fragments: 1, length: 27, data: [123, 34, 84, 121, 112, 101, 82, 101, 113, 117, 101, 115, 116, 34, 58, 123, 34, 102, 114, 111, 109, 34, 58, 49, 49, 125, 125, 0, 0, 0, 0, 0, 0, 0, 0, 0, 0, 0, 0, 0, 0, 0, 0, 0, 0, 0, 0, 0, 0, 0, 0, 0, 0, 0, 0, 0, 0, 0, 0, 0, 0, 0, 0, 0, 0, 0, 0, 0, 0, 0, 0, 0, 0, 0, 0, 0, 0, 0, 0, 0, 0, 0, 0, 0, 0, 0, 0, 0, 0, 0, 0, 0, 0, 0, 0, 0, 0, 0, 0, 0, 0, 0, 0, 0, 0, 0, 0, 0, 0, 0, 0, 0, 0, 0, 0, 0, 0, 0, 0, 0, 0, 0, 0, 0, 0, 0, 0, 0] }) }
2025-02-09 19:22:44 [INFO] [rustastic_drone::drone] [32m✓[0m Packet with [ session_id: 23 ] is being handled from [ Drone 3 ]
2025-02-09 19:22:44 [INFO] [rustastic_drone::drone] [32m✓[0m [ Drone 3 ]: forwarded the the fragment [ fragment_index: 0 ] of the Packet [ session_id: 23 ]
2025-02-09 19:22:44 [WARN] [rustastic_drone::drone] └─>[33m!!![0m Fragment was added to the [ Drone 3 ] buffer
2025-02-09 19:22:44 [INFO] [rustastic_drone::drone] [32m✓[0m [ Drone 3 ]: was sent a Fragment { index: 1 out of 1, data: 0x7b225479706552657175657374223a7b2266726f... + other 7 bytes } packet to [ Drone 15 ]
2025-02-09 19:22:44 [INFO] [rust_do_it::drone] Drone 4 received packet Packet { routing_header: SourceRoutingHeader { hop_index: 0, hops: [] }, session_id: 1, pack_type: FloodRequest(FloodRequest { flood_id: 0, initiator_id: 14, path_trace: [(14, Server), (5, Drone), (8, Drone), (1, Drone)] }) }
2025-02-09 19:22:44 [INFO] [rustastic_drone::drone] [32m✓[0m [ Drone 3 ]: has received the packet Packet { routing_header: SourceRoutingHeader { hop_index: 2, hops: [11, 6, 3, 10] }, session_id: 33, pack_type: MsgFragment(Fragment { fragment_index: 0, total_n_fragments: 1, length: 27, data: [123, 34, 84, 121, 112, 101, 82, 101, 113, 117, 101, 115, 116, 34, 58, 123, 34, 102, 114, 111, 109, 34, 58, 49, 49, 125, 125, 0, 0, 0, 0, 0, 0, 0, 0, 0, 0, 0, 0, 0, 0, 0, 0, 0, 0, 0, 0, 0, 0, 0, 0, 0, 0, 0, 0, 0, 0, 0, 0, 0, 0, 0, 0, 0, 0, 0, 0, 0, 0, 0, 0, 0, 0, 0, 0, 0, 0, 0, 0, 0, 0, 0, 0, 0, 0, 0, 0, 0, 0, 0, 0, 0, 0, 0, 0, 0, 0, 0, 0, 0, 0, 0, 0, 0, 0, 0, 0, 0, 0, 0, 0, 0, 0, 0, 0, 0, 0, 0, 0, 0, 0, 0, 0, 0, 0, 0, 0, 0] }) }
2025-02-09 19:22:44 [INFO] [getdroned::get_droned] Drone 7 received a packet: Packet { routing_header: SourceRoutingHeader { hop_index: 0, hops: [] }, session_id: 1, pack_type: FloodRequest(FloodRequest { flood_id: 0, initiator_id: 14, path_trace: [(14, Server), (5, Drone), (8, Drone), (1, Drone), (4, Drone)] }) }
2025-02-09 19:22:44 [INFO] [rustastic_drone::drone] [32m✓[0m Packet with [ session_id: 33 ] is being handled from [ Drone 3 ]
2025-02-09 19:22:44 [INFO] [rustastic_drone::drone] [32m✓[0m [ Drone 3 ]: forwarded the the fragment [ fragment_index: 0 ] of the Packet [ session_id: 33 ]
2025-02-09 19:22:44 [INFO] [rust_do_it::drone] Drone 4 received packet Packet { routing_header: SourceRoutingHeader { hop_index: 0, hops: [] }, session_id: 1, pack_type: FloodRequest(FloodRequest { flood_id: 0, initiator_id: 15, path_trace: [(15, Server), (8, Drone), (1, Drone)] }) }
2025-02-09 19:22:44 [WARN] [rustastic_drone::drone] └─>[33m!!![0m Fragment was added to the [ Drone 3 ] buffer
2025-02-09 19:22:44 [INFO] [getdroned::get_droned] Drone 7 received a packet: Packet { routing_header: SourceRoutingHeader { hop_index: 0, hops: [] }, session_id: 1, pack_type: FloodRequest(FloodRequest { flood_id: 0, initiator_id: 15, path_trace: [(15, Server), (8, Drone), (1, Drone), (4, Drone)] }) }
2025-02-09 19:22:44 [INFO] [rustastic_drone::drone] [32m✓[0m [ Drone 3 ]: was sent a Fragment { index: 1 out of 1, data: 0x7b225479706552657175657374223a7b2266726f... + other 7 bytes } packet to [ Drone 10 ]
2025-02-09 19:22:44 [INFO] [rustastic_drone::drone] [32m✓[0m [ Drone 3 ]: has received the packet Packet { routing_header: SourceRoutingHeader { hop_index: 0, hops: [] }, session_id: 1, pack_type: FloodRequest(FloodRequest { flood_id: 0, initiator_id: 14, path_trace: [(14, Server), (5, Drone), (8, Drone), (15, Server)] }) }
2025-02-09 19:22:44 [INFO] [rustastic_drone::drone] [32m✓[0m [ Drone 3 ]: sent the FloodRequest with flood_id: 0 sent to [ Drone 6 ]
2025-02-09 19:22:44 [INFO] [rustastic_drone::drone] [32m✓[0m [ Drone 3 ]: sent a FloodRequest with flood_id: 0 to the [ Drone 6 ]
2025-02-09 19:22:44 [INFO] [rustastic_drone::drone] [32m✓[0m [ Drone 3 ]: sent the FloodRequest with flood_id: 0 sent to [ Drone 12 ]
2025-02-09 19:22:44 [INFO] [rustastic_drone::drone] [32m✓[0m [ Drone 3 ]: sent a FloodRequest with flood_id: 0 to the [ Drone 12 ]
2025-02-09 19:22:44 [INFO] [rustastic_drone::drone] [32m✓[0m [ Drone 3 ]: sent the FloodRequest with flood_id: 0 sent to [ Drone 10 ]
2025-02-09 19:22:44 [INFO] [rustastic_drone::drone] [32m✓[0m [ Drone 3 ]: sent a FloodRequest with flood_id: 0 to the [ Drone 10 ]
2025-02-09 19:22:44 [INFO] [rustastic_drone::drone] [32m✓[0m [ Drone 3 ]: has received the packet Packet { routing_header: SourceRoutingHeader { hop_index: 1, hops: [15, 3, 6, 11] }, session_id: 23, pack_type: Ack(Ack { fragment_index: 0 }) }
2025-02-09 19:22:44 [INFO] [rustastic_drone::drone] [32m✓[0m Packet with [ session_id: 23 ] is being handled from [ Drone 3 ]
2025-02-09 19:22:44 [INFO] [rustastic_drone::drone] [34mi[0m [ Drone 3 ]: received a Ack(0)
2025-02-09 19:22:44 [INFO] [rustastic_drone::drone] [32m✓[0m [ Drone 3 ]: was sent a Ack(0) packet to [ Drone 6 ]
2025-02-09 19:22:44 [INFO] [rustastic_drone::drone] [32m✓[0m [ Drone 3 ]: has received the packet Packet { routing_header: SourceRoutingHeader { hop_index: 0, hops: [] }, session_id: 1, pack_type: FloodRequest(FloodRequest { flood_id: 0, initiator_id: 15, path_trace: [(15, Server)] }) }
2025-02-09 19:22:44 [INFO] [rustastic_drone::drone] [32m✓[0m [ Drone 3 ]: sent the FloodRequest with flood_id: 0 sent to [ Drone 6 ]
2025-02-09 19:22:44 [INFO] [rustastic_drone::drone] [32m✓[0m [ Drone 3 ]: sent a FloodRequest with flood_id: 0 to the [ Drone 6 ]
2025-02-09 19:22:44 [INFO] [rustastic_drone::drone] [32m✓[0m [ Drone 3 ]: sent the FloodRequest with flood_id: 0 sent to [ Drone 12 ]
2025-02-09 19:22:44 [INFO] [rustastic_drone::drone] [32m✓[0m [ Drone 3 ]: sent a FloodRequest with flood_id: 0 to the [ Drone 12 ]
2025-02-09 19:22:44 [INFO] [rustastic_drone::drone] [32m✓[0m [ Drone 3 ]: sent the FloodRequest with flood_id: 0 sent to [ Drone 10 ]
2025-02-09 19:22:44 [INFO] [rustastic_drone::drone] [32m✓[0m [ Drone 3 ]: sent a FloodRequest with flood_id: 0 to the [ Drone 10 ]
2025-02-09 19:22:44 [INFO] [rustastic_drone::drone] [32m✓[0m [ Drone 3 ]: has received the packet Packet { routing_header: SourceRoutingHeader { hop_index: 0, hops: [] }, session_id: 1, pack_type: FloodRequest(FloodRequest { flood_id: 0, initiator_id: 14, path_trace: [(14, Server), (5, Drone), (8, Drone), (1, Drone), (4, Drone), (7, Drone), (10, Client)] }) }
2025-02-09 19:22:44 [INFO] [rustastic_drone::drone] [32m✓[0m [ Drone 3 ]: sent the FloodResponse to [ Drone 10 ]
└─>Reason: [33m!!![0m [ Drone 3 ]: has already received a FloodRequest with flood_id: 0
2025-02-09 19:22:44 [INFO] [rustastic_drone::drone] [32m✓[0m [ Drone 3 ]: has received the packet Packet { routing_header: SourceRoutingHeader { hop_index: 2, hops: [11, 6, 3, 15, 8, 5, 14] }, session_id: 0, pack_type: FloodResponse(FloodResponse { flood_id: 0, path_trace: [(14, Server), (5, Drone), (8, Drone), (15, Server), (3, Drone), (6, Drone), (11, Client)] }) }
2025-02-09 19:22:44 [INFO] [rustastic_drone::drone] [32m✓[0m Packet with [ session_id: 0 ] is being handled from [ Drone 3 ]
2025-02-09 19:22:44 [INFO] [rustastic_drone::drone] [32m✓[0m [ Drone 3 ]: sent a FloodResponse with flood_id: 0 to [ Drone 15 ]
2025-02-09 19:22:44 [INFO] [rustastic_drone::drone] [32m✓[0m [ Drone 3 ]: has received the packet Packet { routing_header: SourceRoutingHeader { hop_index: 2, hops: [11, 6, 3, 15] }, session_id: 0, pack_type: FloodResponse(FloodResponse { flood_id: 0, path_trace: [(15, Server), (3, Drone), (6, Drone), (11, Client)] }) }
2025-02-09 19:22:44 [INFO] [rustastic_drone::drone] [32m✓[0m Packet with [ session_id: 0 ] is being handled from [ Drone 3 ]
2025-02-09 19:22:44 [INFO] [rustastic_drone::drone] [32m✓[0m [ Drone 3 ]: sent a FloodResponse with flood_id: 0 to [ Drone 15 ]
2025-02-09 19:22:44 [INFO] [rustastic_drone::drone] [32m✓[0m [ Drone 3 ]: has received the packet Packet { routing_header: SourceRoutingHeader { hop_index: 0, hops: [] }, session_id: 4, pack_type: FloodRequest(FloodRequest { flood_id: 1, initiator_id: 15, path_trace: [(15, Server)] }) }
2025-02-09 19:22:44 [INFO] [rust_do_it::drone] Drone 4 received packet Packet { routing_header: SourceRoutingHeader { hop_index: 0, hops: [] }, session_id: 4, pack_type: FloodRequest(FloodRequest { flood_id: 1, initiator_id: 15, path_trace: [(15, Server), (8, Drone), (1, Drone)] }) }
2025-02-09 19:22:44 [INFO] [rustastic_drone::drone] [32m✓[0m [ Drone 3 ]: sent the FloodRequest with flood_id: 1 sent to [ Drone 6 ]
2025-02-09 19:22:44 [INFO] [rust_do_it::drone] Drone 4 received packet Packet { routing_header: SourceRoutingHeader { hop_index: 0, hops: [] }, session_id: 5, pack_type: FloodRequest(FloodRequest { flood_id: 1, initiator_id: 14, path_trace: [(14, Server), (5, Drone), (8, Drone), (1, Drone)] }) }
2025-02-09 19:22:44 [INFO] [rustastic_drone::drone] [32m✓[0m [ Drone 3 ]: sent a FloodRequest with flood_id: 1 to the [ Drone 6 ]
2025-02-09 19:22:44 [INFO] [getdroned::get_droned] Drone 7 received a packet: Packet { routing_header: SourceRoutingHeader { hop_index: 0, hops: [] }, session_id: 4, pack_type: FloodRequest(FloodRequest { flood_id: 1, initiator_id: 15, path_trace: [(15, Server), (8, Drone), (1, Drone), (4, Drone)] }) }
2025-02-09 19:22:44 [INFO] [rustastic_drone::drone] [32m✓[0m [ Drone 3 ]: sent the FloodRequest with flood_id: 1 sent to [ Drone 12 ]
2025-02-09 19:22:44 [INFO] [rustastic_drone::drone] [32m✓[0m [ Drone 3 ]: sent a FloodRequest with flood_id: 1 to the [ Drone 12 ]
2025-02-09 19:22:44 [INFO] [getdroned::get_droned] Drone 7 received a packet: Packet { routing_header: SourceRoutingHeader { hop_index: 0, hops: [] }, session_id: 5, pack_type: FloodRequest(FloodRequest { flood_id: 1, initiator_id: 14, path_trace: [(14, Server), (5, Drone), (8, Drone), (1, Drone), (4, Drone)] }) }
2025-02-09 19:22:44 [INFO] [rustastic_drone::drone] [32m✓[0m [ Drone 3 ]: sent the FloodRequest with flood_id: 1 sent to [ Drone 10 ]
2025-02-09 19:22:44 [INFO] [rustastic_drone::drone] [32m✓[0m [ Drone 3 ]: sent a FloodRequest with flood_id: 1 to the [ Drone 10 ]
2025-02-09 19:22:44 [INFO] [rustastic_drone::drone] [32m✓[0m [ Drone 3 ]: has received the packet Packet { routing_header: SourceRoutingHeader { hop_index: 1, hops: [15, 3, 6, 11] }, session_id: 0, pack_type: MsgFragment(Fragment { fragment_index: 0, total_n_fragments: 1, length: 71, data: [123, 34, 84, 121, 112, 101, 82, 101, 115, 112, 111, 110, 115, 101, 34, 58, 123, 34, 101, 100, 103, 101, 95, 116, 121, 112, 101, 34, 58, 123, 34, 83, 101, 114, 118, 101, 114, 34, 58, 123, 34, 67, 111, 110, 116, 101, 110, 116, 34, 58, 34, 77, 101, 100, 105, 97, 34, 125, 125, 44, 34, 102, 114, 111, 109, 34, 58, 49, 53, 125, 125, 0, 0, 0, 0, 0, 0, 0, 0, 0, 0, 0, 0, 0, 0, 0, 0, 0, 0, 0, 0, 0, 0, 0, 0, 0, 0, 0, 0, 0, 0, 0, 0, 0, 0, 0, 0, 0, 0, 0, 0, 0, 0, 0, 0, 0, 0, 0, 0, 0, 0, 0, 0, 0, 0, 0, 0, 0] }) }
2025-02-09 19:22:44 [INFO] [rustastic_drone::drone] [32m✓[0m Packet with [ session_id: 0 ] is being handled from [ Drone 3 ]
2025-02-09 19:22:44 [INFO] [rustastic_drone::drone] [32m✓[0m [ Drone 3 ]: forwarded the the fragment [ fragment_index: 0 ] of the Packet [ session_id: 0 ]
2025-02-09 19:22:44 [WARN] [rustastic_drone::drone] └─>[33m!!![0m Fragment was added to the [ Drone 3 ] buffer
2025-02-09 19:22:44 [INFO] [rustastic_drone::drone] [32m✓[0m [ Drone 3 ]: was sent a Fragment { index: 1 out of 1, data: 0x7b2254797065526573706f6e7365223a7b226564... + other 51 bytes } packet to [ Drone 6 ]
2025-02-09 19:22:44 [INFO] [rustastic_drone::drone] [32m✓[0m [ Drone 3 ]: has received the packet Packet { routing_header: SourceRoutingHeader { hop_index: 1, hops: [15, 3, 6, 11] }, session_id: 2, pack_type: MsgFragment(Fragment { fragment_index: 0, total_n_fragments: 1, length: 27, data: [123, 34, 84, 121, 112, 101, 82, 101, 113, 117, 101, 115, 116, 34, 58, 123, 34, 102, 114, 111, 109, 34, 58, 49, 53, 125, 125, 0, 0, 0, 0, 0, 0, 0, 0, 0, 0, 0, 0, 0, 0, 0, 0, 0, 0, 0, 0, 0, 0, 0, 0, 0, 0, 0, 0, 0, 0, 0, 0, 0, 0, 0, 0, 0, 0, 0, 0, 0, 0, 0, 0, 0, 0, 0, 0, 0, 0, 0, 0, 0, 0, 0, 0, 0, 0, 0, 0, 0, 0, 0, 0, 0, 0, 0, 0, 0, 0, 0, 0, 0, 0, 0, 0, 0, 0, 0, 0, 0, 0, 0, 0, 0, 0, 0, 0, 0, 0, 0, 0, 0, 0, 0, 0, 0, 0, 0, 0, 0] }) }
2025-02-09 19:22:44 [INFO] [rustastic_drone::drone] [32m✓[0m Packet with [ session_id: 2 ] is being handled from [ Drone 3 ]
2025-02-09 19:22:44 [INFO] [rust_do_it::drone] Drone 4 received packet Packet { routing_header: SourceRoutingHeader { hop_index: 0, hops: [] }, session_id: 49, pack_type: FloodRequest(FloodRequest { flood_id: 34, initiator_id: 0, path_trace: [(0, Client), (1, Drone)] }) }
2025-02-09 19:22:44 [INFO] [rustastic_drone::drone] [32m✓[0m [ Drone 3 ]: forwarded the the fragment [ fragment_index: 0 ] of the Packet [ session_id: 2 ]
2025-02-09 19:22:44 [INFO] [getdroned::get_droned] Drone 7 received a packet: Packet { routing_header: SourceRoutingHeader { hop_index: 0, hops: [] }, session_id: 49, pack_type: FloodRequest(FloodRequest { flood_id: 34, initiator_id: 0, path_trace: [(0, Client), (1, Drone), (4, Drone)] }) }
2025-02-09 19:22:44 [WARN] [rustastic_drone::drone] └─>[33m!!![0m Fragment was added to the [ Drone 3 ] buffer
2025-02-09 19:22:44 [INFO] [rustastic_drone::drone] [32m✓[0m [ Drone 3 ]: was sent a Fragment { index: 1 out of 1, data: 0x7b225479706552657175657374223a7b2266726f... + other 7 bytes } packet to [ Drone 6 ]
2025-02-09 19:22:44 [INFO] [rustastic_drone::drone] [32m✓[0m [ Drone 3 ]: has received the packet Packet { routing_header: SourceRoutingHeader { hop_index: 0, hops: [] }, session_id: 5, pack_type: FloodRequest(FloodRequest { flood_id: 1, initiator_id: 14, path_trace: [(14, Server), (5, Drone), (8, Drone), (15, Server)] }) }
2025-02-09 19:22:44 [INFO] [rustastic_drone::drone] [32m✓[0m [ Drone 3 ]: sent the FloodRequest with flood_id: 1 sent to [ Drone 6 ]
2025-02-09 19:22:44 [INFO] [rustastic_drone::drone] [32m✓[0m [ Drone 3 ]: sent a FloodRequest with flood_id: 1 to the [ Drone 6 ]
2025-02-09 19:22:44 [INFO] [rust_do_it::drone] Drone 4 received packet Packet { routing_header: SourceRoutingHeader { hop_index: 0, hops: [] }, session_id: 40, pack_type: FloodRequest(FloodRequest { flood_id: 7, initiator_id: 9, path_trace: [(9, Client), (2, Drone), (5, Drone), (8, Drone), (1, Drone)] }) }
2025-02-09 19:22:44 [INFO] [rustastic_drone::drone] [32m✓[0m [ Drone 3 ]: sent the FloodRequest with flood_id: 1 sent to [ Drone 12 ]
2025-02-09 19:22:44 [INFO] [rustastic_drone::drone] [32m✓[0m [ Drone 3 ]: sent a FloodRequest with flood_id: 1 to the [ Drone 12 ]
2025-02-09 19:22:44 [INFO] [rustastic_drone::drone] [32m✓[0m [ Drone 3 ]: sent the FloodRequest with flood_id: 1 sent to [ Drone 10 ]
2025-02-09 19:22:44 [INFO] [rustastic_drone::drone] [32m✓[0m [ Drone 3 ]: sent a FloodRequest with flood_id: 1 to the [ Drone 10 ]
2025-02-09 19:22:44 [INFO] [getdroned::get_droned] Drone 7 received a packet: Packet { routing_header: SourceRoutingHeader { hop_index: 0, hops: [] }, session_id: 40, pack_type: FloodRequest(FloodRequest { flood_id: 7, initiator_id: 9, path_trace: [(9, Client), (2, Drone), (5, Drone), (8, Drone), (1, Drone), (4, Drone)] }) }
2025-02-09 19:22:44 [INFO] [rustastic_drone::drone] [32m✓[0m [ Drone 3 ]: has received the packet Packet { routing_header: SourceRoutingHeader { hop_index: 1, hops: [10, 3, 6, 11] }, session_id: 33, pack_type: Ack(Ack { fragment_index: 0 }) }
2025-02-09 19:22:44 [INFO] [rustastic_drone::drone] [32m✓[0m Packet with [ session_id: 33 ] is being handled from [ Drone 3 ]
2025-02-09 19:22:44 [INFO] [getdroned::get_droned] Drone 7 received a packet: Packet { routing_header: SourceRoutingHeader { hop_index: 0, hops: [] }, session_id: 46, pack_type: FloodRequest(FloodRequest { flood_id: 38, initiator_id: 10, path_trace: [(10, Client)] }) }
2025-02-09 19:22:44 [INFO] [rustastic_drone::drone] [34mi[0m [ Drone 3 ]: received a Ack(0)
2025-02-09 19:22:44 [INFO] [rustastic_drone::drone] [32m✓[0m [ Drone 3 ]: was sent a Ack(0) packet to [ Drone 6 ]
2025-02-09 19:22:44 [INFO] [rust_do_it::drone] Drone 4 received packet Packet { routing_header: SourceRoutingHeader { hop_index: 0, hops: [] }, session_id: 46, pack_type: FloodRequest(FloodRequest { flood_id: 38, initiator_id: 10, path_trace: [(10, Client), (7, Drone)] }) }
2025-02-09 19:22:44 [INFO] [rustastic_drone::drone] [32m✓[0m [ Drone 3 ]: has received the packet Packet { routing_header: SourceRoutingHeader { hop_index: 0, hops: [] }, session_id: 40, pack_type: FloodRequest(FloodRequest { flood_id: 7, initiator_id: 9, path_trace: [(9, Client), (6, Drone)] }) }
2025-02-09 19:22:44 [INFO] [rustastic_drone::drone] [32m✓[0m [ Drone 3 ]: sent the FloodRequest with flood_id: 7 sent to [ Drone 12 ]
2025-02-09 19:22:44 [INFO] [getdroned::get_droned] Drone 7 received a packet: Packet { routing_header: SourceRoutingHeader { hop_index: 2, hops: [3, 10, 7, 4, 1, 8, 5, 14] }, session_id: 1, pack_type: FloodResponse(FloodResponse { flood_id: 0, path_trace: [(14, Server), (5, Drone), (8, Drone), (1, Drone), (4, Drone), (7, Drone), (10, Client), (3, Drone)] }) }
2025-02-09 19:22:44 [INFO] [rustastic_drone::drone] [32m✓[0m [ Drone 3 ]: sent a FloodRequest with flood_id: 7 to the [ Drone 12 ]
2025-02-09 19:22:44 [INFO] [rustastic_drone::drone] [32m✓[0m [ Drone 3 ]: sent the FloodRequest with flood_id: 7 sent to [ Drone 10 ]
2025-02-09 19:22:44 [INFO] [rustastic_drone::drone] [32m✓[0m [ Drone 3 ]: sent a FloodRequest with flood_id: 7 to the [ Drone 10 ]
2025-02-09 19:22:44 [INFO] [rust_do_it::drone] Drone 4 received packet Packet { routing_header: SourceRoutingHeader { hop_index: 3, hops: [3, 10, 7, 4, 1, 8, 5, 14] }, session_id: 1, pack_type: FloodResponse(FloodResponse { flood_id: 0, path_trace: [(14, Server), (5, Drone), (8, Drone), (1, Drone), (4, Drone), (7, Drone), (10, Client), (3, Drone)] }) }
2025-02-09 19:22:44 [INFO] [rustastic_drone::drone] [32m✓[0m [ Drone 3 ]: sent the FloodRequest with flood_id: 7 sent to [ Drone 15 ]
2025-02-09 19:22:44 [INFO] [rustastic_drone::drone] [32m✓[0m [ Drone 3 ]: sent a FloodRequest with flood_id: 7 to the [ Drone 15 ]
2025-02-09 19:22:44 [INFO] [rustastic_drone::drone] [32m✓[0m [ Drone 3 ]: has received the packet Packet { routing_header: SourceRoutingHeader { hop_index: 2, hops: [9, 6, 3, 15, 8, 5, 14] }, session_id: 0, pack_type: FloodResponse(FloodResponse { flood_id: 0, path_trace: [(14, Server), (5, Drone), (8, Drone), (15, Server), (3, Drone), (6, Drone), (9, Client)] }) }
2025-02-09 19:22:44 [INFO] [rustastic_drone::drone] [32m✓[0m Packet with [ session_id: 0 ] is being handled from [ Drone 3 ]
2025-02-09 19:22:44 [INFO] [rustastic_drone::drone] [32m✓[0m [ Drone 3 ]: sent a FloodResponse with flood_id: 0 to [ Drone 15 ]
2025-02-09 19:22:44 [INFO] [rustastic_drone::drone] [32m✓[0m [ Drone 3 ]: has received the packet Packet { routing_header: SourceRoutingHeader { hop_index: 2, hops: [9, 6, 3, 15] }, session_id: 0, pack_type: FloodResponse(FloodResponse { flood_id: 0, path_trace: [(15, Server), (3, Drone), (6, Drone), (9, Client)] }) }
2025-02-09 19:22:44 [INFO] [rustastic_drone::drone] [32m✓[0m Packet with [ session_id: 0 ] is being handled from [ Drone 3 ]
2025-02-09 19:22:44 [INFO] [rustastic_drone::drone] [32m✓[0m [ Drone 3 ]: sent a FloodResponse with flood_id: 0 to [ Drone 15 ]
2025-02-09 19:22:44 [INFO] [rustastic_drone::drone] [32m✓[0m [ Drone 3 ]: has received the packet Packet { routing_header: SourceRoutingHeader { hop_index: 0, hops: [] }, session_id: 5, pack_type: FloodRequest(FloodRequest { flood_id: 1, initiator_id: 14, path_trace: [(14, Server), (2, Drone), (9, Client), (6, Drone)] }) }
2025-02-09 19:22:44 [INFO] [rustastic_drone::drone] [32m✓[0m [ Drone 3 ]: sent the FloodResponse to [ Drone 6 ]
└─>Reason: [33m!!![0m [ Drone 3 ]: has already received a FloodRequest with flood_id: 1
2025-02-09 19:22:44 [INFO] [rustastic_drone::drone] [32m✓[0m [ Drone 3 ]: has received the packet Packet { routing_header: SourceRoutingHeader { hop_index: 2, hops: [9, 6, 3, 15] }, session_id: 1, pack_type: FloodResponse(FloodResponse { flood_id: 1, path_trace: [(15, Server), (3, Drone), (6, Drone), (9, Client)] }) }
2025-02-09 19:22:44 [INFO] [rustastic_drone::drone] [32m✓[0m Packet with [ session_id: 1 ] is being handled from [ Drone 3 ]
2025-02-09 19:22:44 [INFO] [rustastic_drone::drone] [32m✓[0m [ Drone 3 ]: sent a FloodResponse with flood_id: 1 to [ Drone 15 ]
2025-02-09 19:22:44 [INFO] [rustastic_drone::drone] [32m✓[0m [ Drone 3 ]: has received the packet Packet { routing_header: SourceRoutingHeader { hop_index: 1, hops: [6, 3, 15, 8, 5, 14] }, session_id: 5, pack_type: FloodResponse(FloodResponse { flood_id: 1, path_trace: [(14, Server), (5, Drone), (8, Drone), (15, Server), (3, Drone), (6, Drone)] }) }
2025-02-09 19:22:44 [INFO] [rustastic_drone::drone] [32m✓[0m Packet with [ session_id: 5 ] is being handled from [ Drone 3 ]
2025-02-09 19:22:44 [INFO] [rustastic_drone::drone] [32m✓[0m [ Drone 3 ]: sent a FloodResponse with flood_id: 1 to [ Drone 15 ]
2025-02-09 19:22:44 [INFO] [rustastic_drone::drone] [32m✓[0m [ Drone 3 ]: has received the packet Packet { routing_header: SourceRoutingHeader { hop_index: 0, hops: [] }, session_id: 49, pack_type: FloodRequest(FloodRequest { flood_id: 34, initiator_id: 0, path_trace: [(0, Client), (8, Drone), (5, Drone), (2, Drone), (9, Client), (6, Drone)] }) }
2025-02-09 19:22:44 [INFO] [rustastic_drone::drone] [32m✓[0m [ Drone 3 ]: sent the FloodRequest with flood_id: 34 sent to [ Drone 12 ]
2025-02-09 19:22:44 [INFO] [rustastic_drone::drone] [32m✓[0m [ Drone 3 ]: sent a FloodRequest with flood_id: 34 to the [ Drone 12 ]
2025-02-09 19:22:44 [INFO] [rustastic_drone::drone] [32m✓[0m [ Drone 3 ]: sent the FloodRequest with flood_id: 34 sent to [ Drone 10 ]
2025-02-09 19:22:44 [INFO] [rustastic_drone::drone] [32m✓[0m [ Drone 3 ]: sent a FloodRequest with flood_id: 34 to the [ Drone 10 ]
2025-02-09 19:22:44 [INFO] [rustastic_drone::drone] [32m✓[0m [ Drone 3 ]: sent the FloodRequest with flood_id: 34 sent to [ Drone 15 ]
2025-02-09 19:22:44 [INFO] [rustastic_drone::drone] [32m✓[0m [ Drone 3 ]: sent a FloodRequest with flood_id: 34 to the [ Drone 15 ]
2025-02-09 19:22:44 [INFO] [rustastic_drone::drone] [32m✓[0m [ Drone 3 ]: has received the packet Packet { routing_header: SourceRoutingHeader { hop_index: 0, hops: [] }, session_id: 42, pack_type: FloodRequest(FloodRequest { flood_id: 11, initiator_id: 12, path_trace: [(12, Client)] }) }
2025-02-09 19:22:44 [INFO] [rustastic_drone::drone] [32m✓[0m [ Drone 3 ]: sent the FloodRequest with flood_id: 11 sent to [ Drone 6 ]
2025-02-09 19:22:44 [INFO] [rustastic_drone::drone] [32m✓[0m [ Drone 3 ]: sent a FloodRequest with flood_id: 11 to the [ Drone 6 ]
2025-02-09 19:22:44 [INFO] [rustastic_drone::drone] [32m✓[0m [ Drone 3 ]: sent the FloodRequest with flood_id: 11 sent to [ Drone 10 ]
2025-02-09 19:22:44 [INFO] [rustastic_drone::drone] [32m✓[0m [ Drone 3 ]: sent a FloodRequest with flood_id: 11 to the [ Drone 10 ]
2025-02-09 19:22:44 [INFO] [rustastic_drone::drone] [32m✓[0m [ Drone 3 ]: sent the FloodRequest with flood_id: 11 sent to [ Drone 15 ]
2025-02-09 19:22:44 [INFO] [rustastic_drone::drone] [32m✓[0m [ Drone 3 ]: sent a FloodRequest with flood_id: 11 to the [ Drone 15 ]
2025-02-09 19:22:44 [INFO] [rustastic_drone::drone] [32m✓[0m [ Drone 3 ]: has received the packet Packet { routing_header: SourceRoutingHeader { hop_index: 0, hops: [] }, session_id: 1, pack_type: FloodRequest(FloodRequest { flood_id: 0, initiator_id: 14, path_trace: [(14, Server), (5, Drone), (8, Drone), (15, Server), (3, Drone), (6, Drone), (12, Client)] }) }
2025-02-09 19:22:44 [INFO] [rustastic_drone::drone] [32m✓[0m [ Drone 3 ]: sent the FloodResponse to [ Drone 12 ]
└─>Reason: [33m!!![0m [ Drone 3 ]: has already received a FloodRequest with flood_id: 0
2025-02-09 19:22:44 [INFO] [rustastic_drone::drone] [32m✓[0m [ Drone 3 ]: has received the packet Packet { routing_header: SourceRoutingHeader { hop_index: 1, hops: [12, 3, 15, 8, 5, 14] }, session_id: 0, pack_type: FloodResponse(FloodResponse { flood_id: 0, path_trace: [(14, Server), (5, Drone), (8, Drone), (15, Server), (3, Drone), (12, Client)] }) }
2025-02-09 19:22:44 [INFO] [rust_do_it::drone] Drone 4 received packet Packet { routing_header: SourceRoutingHeader { hop_index: 5, hops: [14, 2, 5, 8, 1, 4, 7, 10] }, session_id: 38, pack_type: FloodResponse(FloodResponse { flood_id: 38, path_trace: [(10, Client), (7, Drone), (4, Drone), (1, Drone), (8, Drone), (5, Drone), (2, Drone), (14, Server)] }) }
2025-02-09 19:22:44 [INFO] [rustastic_drone::drone] [32m✓[0m Packet with [ session_id: 0 ] is being handled from [ Drone 3 ]
2025-02-09 19:22:44 [INFO] [rustastic_drone::drone] [32m✓[0m [ Drone 3 ]: sent a FloodResponse with flood_id: 0 to [ Drone 15 ]
2025-02-09 19:22:44 [INFO] [getdroned::get_droned] Drone 7 received a packet: Packet { routing_header: SourceRoutingHeader { hop_index: 6, hops: [14, 2, 5, 8, 1, 4, 7, 10] }, session_id: 38, pack_type: FloodResponse(FloodResponse { flood_id: 38, path_trace: [(10, Client), (7, Drone), (4, Drone), (1, Drone), (8, Drone), (5, Drone), (2, Drone), (14, Server)] }) }
2025-02-09 19:22:44 [INFO] [rustastic_drone::drone] [32m✓[0m [ Drone 3 ]: has received the packet Packet { routing_header: SourceRoutingHeader { hop_index: 0, hops: [] }, session_id: 1, pack_type: FloodRequest(FloodRequest { flood_id: 0, initiator_id: 15, path_trace: [(15, Server), (3, Drone), (6, Drone), (12, Client)] }) }
2025-02-09 19:22:44 [INFO] [rustastic_drone::drone] [32m✓[0m [ Drone 3 ]: sent the FloodResponse to [ Drone 12 ]
└─>Reason: [33m!!![0m [ Drone 3 ]: has already received a FloodRequest with flood_id: 0
2025-02-09 19:22:44 [INFO] [rustastic_drone::drone] [32m✓[0m [ Drone 3 ]: has received the packet Packet { routing_header: SourceRoutingHeader { hop_index: 1, hops: [12, 3, 15] }, session_id: 0, pack_type: FloodResponse(FloodResponse { flood_id: 0, path_trace: [(15, Server), (3, Drone), (12, Client)] }) }
2025-02-09 19:22:44 [INFO] [rustastic_drone::drone] [32m✓[0m Packet with [ session_id: 0 ] is being handled from [ Drone 3 ]
2025-02-09 19:22:44 [INFO] [rustastic_drone::drone] [32m✓[0m [ Drone 3 ]: sent a FloodResponse with flood_id: 0 to [ Drone 15 ]
2025-02-09 19:22:44 [INFO] [rustastic_drone::drone] [32m✓[0m [ Drone 3 ]: has received the packet Packet { routing_header: SourceRoutingHeader { hop_index: 0, hops: [] }, session_id: 4, pack_type: FloodRequest(FloodRequest { flood_id: 1, initiator_id: 15, path_trace: [(15, Server), (3, Drone), (6, Drone), (12, Client)] }) }
2025-02-09 19:22:44 [INFO] [rustastic_drone::drone] [32m✓[0m [ Drone 3 ]: sent the FloodResponse to [ Drone 12 ]
└─>Reason: [33m!!![0m [ Drone 3 ]: has already received a FloodRequest with flood_id: 1
2025-02-09 19:22:44 [INFO] [rustastic_drone::drone] [32m✓[0m [ Drone 3 ]: has received the packet Packet { routing_header: SourceRoutingHeader { hop_index: 0, hops: [] }, session_id: 49, pack_type: FloodRequest(FloodRequest { flood_id: 34, initiator_id: 0, path_trace: [(0, Client), (8, Drone), (15, Server)] }) }
2025-02-09 19:22:44 [INFO] [rustastic_drone::drone] [32m✓[0m [ Drone 3 ]: sent the FloodResponse to [ Drone 15 ]
└─>Reason: [33m!!![0m [ Drone 3 ]: has already received a FloodRequest with flood_id: 34
2025-02-09 19:22:44 [INFO] [rustastic_drone::drone] [32m✓[0m [ Drone 3 ]: has received the packet Packet { routing_header: SourceRoutingHeader { hop_index: 0, hops: [] }, session_id: 42, pack_type: FloodRequest(FloodRequest { flood_id: 11, initiator_id: 12, path_trace: [(12, Client), (6, Drone)] }) }
2025-02-09 19:22:44 [INFO] [rustastic_drone::drone] [32m✓[0m [ Drone 3 ]: sent the FloodResponse to [ Drone 6 ]
└─>Reason: [33m!!![0m [ Drone 3 ]: has already received a FloodRequest with flood_id: 11
2025-02-09 19:22:44 [INFO] [rustastic_drone::drone] [32m✓[0m [ Drone 3 ]: has received the packet Packet { routing_header: SourceRoutingHeader { hop_index: 1, hops: [12, 3, 15] }, session_id: 1, pack_type: FloodResponse(FloodResponse { flood_id: 1, path_trace: [(15, Server), (3, Drone), (12, Client)] }) }
2025-02-09 19:22:44 [INFO] [rustastic_drone::drone] [32m✓[0m Packet with [ session_id: 1 ] is being handled from [ Drone 3 ]
2025-02-09 19:22:44 [INFO] [rustastic_drone::drone] [32m✓[0m [ Drone 3 ]: sent a FloodResponse with flood_id: 1 to [ Drone 15 ]
2025-02-09 19:22:44 [INFO] [rust_do_it::drone] Drone 4 received packet Packet { routing_header: SourceRoutingHeader { hop_index: 0, hops: [] }, session_id: 42, pack_type: FloodRequest(FloodRequest { flood_id: 11, initiator_id: 12, path_trace: [(12, Client), (6, Drone), (11, Client), (2, Drone), (5, Drone), (8, Drone), (1, Drone)] }) }
2025-02-09 19:22:44 [INFO] [rustastic_drone::drone] [32m✓[0m [ Drone 3 ]: has received the packet Packet { routing_header: SourceRoutingHeader { hop_index: 0, hops: [] }, session_id: 40, pack_type: FloodRequest(FloodRequest { flood_id: 7, initiator_id: 9, path_trace: [(9, Client), (6, Drone), (12, Client)] }) }
2025-02-09 19:22:44 [INFO] [rustastic_drone::drone] [32m✓[0m [ Drone 3 ]: sent the FloodResponse to [ Drone 12 ]
└─>Reason: [33m!!![0m [ Drone 3 ]: has already received a FloodRequest with flood_id: 7
2025-02-09 19:22:44 [INFO] [getdroned::get_droned] Drone 7 received a packet: Packet { routing_header: SourceRoutingHeader { hop_index: 0, hops: [] }, session_id: 42, pack_type: FloodRequest(FloodRequest { flood_id: 11, initiator_id: 12, path_trace: [(12, Client), (6, Drone), (11, Client), (2, Drone), (5, Drone), (8, Drone), (1, Drone), (4, Drone)] }) }
2025-02-09 19:22:44 [INFO] [rustastic_drone::drone] [32m✓[0m [ Drone 3 ]: has received the packet Packet { routing_header: SourceRoutingHeader { hop_index: 0, hops: [] }, session_id: 5, pack_type: FloodRequest(FloodRequest { flood_id: 1, initiator_id: 14, path_trace: [(14, Server), (2, Drone), (9, Client), (6, Drone), (12, Client)] }) }
2025-02-09 19:22:44 [INFO] [rustastic_drone::drone] [32m✓[0m [ Drone 3 ]: sent the FloodResponse to [ Drone 12 ]
└─>Reason: [33m!!![0m [ Drone 3 ]: has already received a FloodRequest with flood_id: 1
2025-02-09 19:22:44 [INFO] [rustastic_drone::drone] [32m✓[0m [ Drone 3 ]: has received the packet Packet { routing_header: SourceRoutingHeader { hop_index: 0, hops: [] }, session_id: 49, pack_type: FloodRequest(FloodRequest { flood_id: 34, initiator_id: 0, path_trace: [(0, Client), (8, Drone), (5, Drone), (2, Drone), (9, Client), (6, Drone), (12, Client)] }) }
2025-02-09 19:22:44 [INFO] [rustastic_drone::drone] [32m✓[0m [ Drone 3 ]: sent the FloodResponse to [ Drone 12 ]
└─>Reason: [33m!!![0m [ Drone 3 ]: has already received a FloodRequest with flood_id: 34
2025-02-09 19:22:44 [INFO] [rustastic_drone::drone] [32m✓[0m [ Drone 3 ]: has received the packet Packet { routing_header: SourceRoutingHeader { hop_index: 1, hops: [12, 3, 15, 8, 5, 14] }, session_id: 1, pack_type: FloodResponse(FloodResponse { flood_id: 1, path_trace: [(14, Server), (5, Drone), (8, Drone), (15, Server), (3, Drone), (12, Client)] }) }
2025-02-09 19:22:44 [INFO] [rustastic_drone::drone] [32m✓[0m Packet with [ session_id: 1 ] is being handled from [ Drone 3 ]
2025-02-09 19:22:44 [INFO] [rustastic_drone::drone] [32m✓[0m [ Drone 3 ]: sent a FloodResponse with flood_id: 1 to [ Drone 15 ]
2025-02-09 19:22:44 [INFO] [rustastic_drone::drone] [32m✓[0m [ Drone 3 ]: has received the packet Packet { routing_header: SourceRoutingHeader { hop_index: 0, hops: [] }, session_id: 46, pack_type: FloodRequest(FloodRequest { flood_id: 38, initiator_id: 10, path_trace: [(10, Client)] }) }
2025-02-09 19:22:44 [INFO] [rustastic_drone::drone] [32m✓[0m [ Drone 3 ]: sent the FloodRequest with flood_id: 38 sent to [ Drone 6 ]
2025-02-09 19:22:44 [INFO] [rustastic_drone::drone] [32m✓[0m [ Drone 3 ]: sent a FloodRequest with flood_id: 38 to the [ Drone 6 ]
2025-02-09 19:22:44 [INFO] [rustastic_drone::drone] [32m✓[0m [ Drone 3 ]: sent the FloodRequest with flood_id: 38 sent to [ Drone 12 ]
2025-02-09 19:22:44 [INFO] [rustastic_drone::drone] [32m✓[0m [ Drone 3 ]: sent a FloodRequest with flood_id: 38 to the [ Drone 12 ]
2025-02-09 19:22:44 [INFO] [rustastic_drone::drone] [32m✓[0m [ Drone 3 ]: sent the FloodRequest with flood_id: 38 sent to [ Drone 15 ]
2025-02-09 19:22:44 [INFO] [rust_do_it::drone] Drone 4 received packet Packet { routing_header: SourceRoutingHeader { hop_index: 3, hops: [0, 8, 1, 4, 7, 10] }, session_id: 38, pack_type: FloodResponse(FloodResponse { flood_id: 38, path_trace: [(10, Client), (7, Drone), (4, Drone), (1, Drone), (8, Drone), (0, Client)] }) }
2025-02-09 19:22:44 [INFO] [rustastic_drone::drone] [32m✓[0m [ Drone 3 ]: sent a FloodRequest with flood_id: 38 to the [ Drone 15 ]
2025-02-09 19:22:44 [INFO] [getdroned::get_droned] Drone 7 received a packet: Packet { routing_header: SourceRoutingHeader { hop_index: 4, hops: [0, 8, 1, 4, 7, 10] }, session_id: 38, pack_type: FloodResponse(FloodResponse { flood_id: 38, path_trace: [(10, Client), (7, Drone), (4, Drone), (1, Drone), (8, Drone), (0, Client)] }) }
2025-02-09 19:22:44 [INFO] [rustastic_drone::drone] [32m✓[0m [ Drone 3 ]: has received the packet Packet { routing_header: SourceRoutingHeader { hop_index: 0, hops: [] }, session_id: 1, pack_type: FloodRequest(FloodRequest { flood_id: 0, initiator_id: 15, path_trace: [(15, Server), (8, Drone), (1, Drone), (4, Drone), (7, Drone), (10, Client)] }) }
2025-02-09 19:22:44 [INFO] [rustastic_drone::drone] [32m✓[0m [ Drone 3 ]: sent the FloodResponse to [ Drone 10 ]
└─>Reason: [33m!!![0m [ Drone 3 ]: has already received a FloodRequest with flood_id: 0
2025-02-09 19:22:44 [INFO] [rustastic_drone::drone] [32m✓[0m [ Drone 3 ]: has received the packet Packet { routing_header: SourceRoutingHeader { hop_index: 1, hops: [10, 3, 15, 8, 5, 14] }, session_id: 0, pack_type: FloodResponse(FloodResponse { flood_id: 0, path_trace: [(14, Server), (5, Drone), (8, Drone), (15, Server), (3, Drone), (10, Client)] }) }
2025-02-09 19:22:44 [INFO] [rustastic_drone::drone] [32m✓[0m Packet with [ session_id: 0 ] is being handled from [ Drone 3 ]
2025-02-09 19:22:44 [INFO] [rustastic_drone::drone] [32m✓[0m [ Drone 3 ]: sent a FloodResponse with flood_id: 0 to [ Drone 15 ]
2025-02-09 19:22:44 [INFO] [rustastic_drone::drone] [32m✓[0m [ Drone 3 ]: has received the packet Packet { routing_header: SourceRoutingHeader { hop_index: 1, hops: [10, 3, 15] }, session_id: 0, pack_type: FloodResponse(FloodResponse { flood_id: 0, path_trace: [(15, Server), (3, Drone), (10, Client)] }) }
2025-02-09 19:22:44 [INFO] [rustastic_drone::drone] [32m✓[0m Packet with [ session_id: 0 ] is being handled from [ Drone 3 ]
2025-02-09 19:22:44 [INFO] [rustastic_drone::drone] [32m✓[0m [ Drone 3 ]: sent a FloodResponse with flood_id: 0 to [ Drone 15 ]
2025-02-09 19:22:44 [INFO] [rustastic_drone::drone] [32m✓[0m [ Drone 3 ]: has received the packet Packet { routing_header: SourceRoutingHeader { hop_index: 0, hops: [] }, session_id: 4, pack_type: FloodRequest(FloodRequest { flood_id: 1, initiator_id: 15, path_trace: [(15, Server), (8, Drone), (1, Drone), (4, Drone), (7, Drone), (10, Client)] }) }
2025-02-09 19:22:44 [INFO] [rustastic_drone::drone] [32m✓[0m [ Drone 3 ]: sent the FloodResponse to [ Drone 10 ]
└─>Reason: [33m!!![0m [ Drone 3 ]: has already received a FloodRequest with flood_id: 1
2025-02-09 19:22:44 [INFO] [rustastic_drone::drone] [32m✓[0m [ Drone 3 ]: has received the packet Packet { routing_header: SourceRoutingHeader { hop_index: 1, hops: [10, 3, 15] }, session_id: 1, pack_type: FloodResponse(FloodResponse { flood_id: 1, path_trace: [(15, Server), (3, Drone), (10, Client)] }) }
2025-02-09 19:22:44 [INFO] [rustastic_drone::drone] [32m✓[0m Packet with [ session_id: 1 ] is being handled from [ Drone 3 ]
2025-02-09 19:22:44 [INFO] [rustastic_drone::drone] [32m✓[0m [ Drone 3 ]: sent a FloodResponse with flood_id: 1 to [ Drone 15 ]
2025-02-09 19:22:44 [INFO] [rustastic_drone::drone] [32m✓[0m [ Drone 3 ]: has received the packet Packet { routing_header: SourceRoutingHeader { hop_index: 0, hops: [] }, session_id: 5, pack_type: FloodRequest(FloodRequest { flood_id: 1, initiator_id: 14, path_trace: [(14, Server), (5, Drone), (8, Drone), (1, Drone), (4, Drone), (7, Drone), (10, Client)] }) }
2025-02-09 19:22:44 [INFO] [rustastic_drone::drone] [32m✓[0m [ Drone 3 ]: sent the FloodResponse to [ Drone 10 ]
└─>Reason: [33m!!![0m [ Drone 3 ]: has already received a FloodRequest with flood_id: 1
2025-02-09 19:22:44 [INFO] [rustastic_drone::drone] [32m✓[0m [ Drone 3 ]: has received the packet Packet { routing_header: SourceRoutingHeader { hop_index: 0, hops: [] }, session_id: 49, pack_type: FloodRequest(FloodRequest { flood_id: 34, initiator_id: 0, path_trace: [(0, Client), (1, Drone), (4, Drone), (7, Drone), (10, Client)] }) }
2025-02-09 19:22:44 [INFO] [rustastic_drone::drone] [32m✓[0m [ Drone 3 ]: sent the FloodResponse to [ Drone 10 ]
└─>Reason: [33m!!![0m [ Drone 3 ]: has already received a FloodRequest with flood_id: 34
2025-02-09 19:22:44 [INFO] [rustastic_drone::drone] [32m✓[0m [ Drone 3 ]: has received the packet Packet { routing_header: SourceRoutingHeader { hop_index: 1, hops: [10, 3, 15, 8, 5, 14] }, session_id: 1, pack_type: FloodResponse(FloodResponse { flood_id: 1, path_trace: [(14, Server), (5, Drone), (8, Drone), (15, Server), (3, Drone), (10, Client)] }) }
2025-02-09 19:22:44 [INFO] [rustastic_drone::drone] [32m✓[0m Packet with [ session_id: 1 ] is being handled from [ Drone 3 ]
2025-02-09 19:22:44 [INFO] [rustastic_drone::drone] [32m✓[0m [ Drone 3 ]: sent a FloodResponse with flood_id: 1 to [ Drone 15 ]
2025-02-09 19:22:44 [INFO] [rustastic_drone::drone] [32m✓[0m [ Drone 3 ]: has received the packet Packet { routing_header: SourceRoutingHeader { hop_index: 0, hops: [] }, session_id: 40, pack_type: FloodRequest(FloodRequest { flood_id: 7, initiator_id: 9, path_trace: [(9, Client), (2, Drone), (5, Drone), (8, Drone), (1, Drone), (4, Drone), (7, Drone), (10, Client)] }) }
2025-02-09 19:22:44 [INFO] [rustastic_drone::drone] [32m✓[0m [ Drone 3 ]: sent the FloodResponse to [ Drone 10 ]
└─>Reason: [33m!!![0m [ Drone 3 ]: has already received a FloodRequest with flood_id: 7
2025-02-09 19:22:44 [INFO] [rustastic_drone::drone] [32m✓[0m [ Drone 3 ]: has received the packet Packet { routing_header: SourceRoutingHeader { hop_index: 0, hops: [] }, session_id: 40, pack_type: FloodRequest(FloodRequest { flood_id: 7, initiator_id: 9, path_trace: [(9, Client), (2, Drone), (5, Drone), (8, Drone), (15, Server)] }) }
2025-02-09 19:22:44 [INFO] [rustastic_drone::drone] [32m✓[0m [ Drone 3 ]: sent the FloodResponse to [ Drone 15 ]
└─>Reason: [33m!!![0m [ Drone 3 ]: has already received a FloodRequest with flood_id: 7
2025-02-09 19:22:44 [INFO] [getdroned::get_droned] Drone 7 received a packet: Packet { routing_header: SourceRoutingHeader { hop_index: 0, hops: [] }, session_id: 42, pack_type: FloodRequest(FloodRequest { flood_id: 11, initiator_id: 12, path_trace: [(12, Client), (3, Drone), (10, Client)] }) }
2025-02-09 19:22:44 [INFO] [rustastic_drone::drone] [32m✓[0m [ Drone 3 ]: has received the packet Packet { routing_header: SourceRoutingHeader { hop_index: 1, hops: [6, 3, 12] }, session_id: 42, pack_type: FloodResponse(FloodResponse { flood_id: 11, path_trace: [(12, Client), (3, Drone), (6, Drone)] }) }
2025-02-09 19:22:44 [INFO] [rustastic_drone::drone] [32m✓[0m Packet with [ session_id: 42 ] is being handled from [ Drone 3 ]
2025-02-09 19:22:44 [INFO] [getdroned::get_droned] Drone 7 received a packet: Packet { routing_header: SourceRoutingHeader { hop_index: 1, hops: [10, 7, 4, 1, 8, 5, 2, 11, 6, 12] }, session_id: 11, pack_type: FloodResponse(FloodResponse { flood_id: 11, path_trace: [(12, Client), (6, Drone), (11, Client), (2, Drone), (5, Drone), (8, Drone), (1, Drone), (4, Drone), (7, Drone), (10, Client)] }) }
2025-02-09 19:22:44 [INFO] [rustastic_drone::drone] [32m✓[0m [ Drone 3 ]: sent a FloodResponse with flood_id: 11 to [ Drone 12 ]
2025-02-09 19:22:44 [INFO] [getdroned::get_droned] Drone 7 received a packet: Packet { routing_header: SourceRoutingHeader { hop_index: 2, hops: [3, 10, 7, 4, 1, 8, 15] }, session_id: 1, pack_type: FloodResponse(FloodResponse { flood_id: 0, path_trace: [(15, Server), (8, Drone), (1, Drone), (4, Drone), (7, Drone), (10, Client), (3, Drone)] }) }
2025-02-09 19:22:44 [INFO] [rustastic_drone::drone] [32m✓[0m [ Drone 3 ]: has received the packet Packet { routing_header: SourceRoutingHeader { hop_index: 2, hops: [11, 6, 3, 15] }, session_id: 1, pack_type: FloodResponse(FloodResponse { flood_id: 1, path_trace: [(15, Server), (3, Drone), (6, Drone), (11, Client)] }) }
2025-02-09 19:22:44 [INFO] [rust_do_it::drone] Drone 4 received packet Packet { routing_header: SourceRoutingHeader { hop_index: 3, hops: [8, 0, 1, 4, 7, 10] }, session_id: 46, pack_type: FloodResponse(FloodResponse { flood_id: 38, path_trace: [(10, Client), (7, Drone), (4, Drone), (1, Drone), (0, Client), (8, Drone)] }) }
2025-02-09 19:22:44 [INFO] [getdroned::get_droned] Drone 7 received a packet: Packet { routing_header: SourceRoutingHeader { hop_index: 2, hops: [3, 10, 7, 4, 1, 8, 15] }, session_id: 4, pack_type: FloodResponse(FloodResponse { flood_id: 1, path_trace: [(15, Server), (8, Drone), (1, Drone), (4, Drone), (7, Drone), (10, Client), (3, Drone)] }) }
2025-02-09 19:22:44 [INFO] [rustastic_drone::drone] [32m✓[0m Packet with [ session_id: 1 ] is being handled from [ Drone 3 ]
2025-02-09 19:22:44 [INFO] [rust_do_it::drone] Drone 4 received packet Packet { routing_header: SourceRoutingHeader { hop_index: 2, hops: [10, 7, 4, 1, 8, 5, 2, 11, 6, 12] }, session_id: 11, pack_type: FloodResponse(FloodResponse { flood_id: 11, path_trace: [(12, Client), (6, Drone), (11, Client), (2, Drone), (5, Drone), (8, Drone), (1, Drone), (4, Drone), (7, Drone), (10, Client)] }) }
2025-02-09 19:22:44 [INFO] [getdroned::get_droned] Drone 7 received a packet: Packet { routing_header: SourceRoutingHeader { hop_index: 2, hops: [3, 10, 7, 4, 1, 8, 5, 14] }, session_id: 5, pack_type: FloodResponse(FloodResponse { flood_id: 1, path_trace: [(14, Server), (5, Drone), (8, Drone), (1, Drone), (4, Drone), (7, Drone), (10, Client), (3, Drone)] }) }
2025-02-09 19:22:44 [INFO] [rustastic_drone::drone] [32m✓[0m [ Drone 3 ]: sent a FloodResponse with flood_id: 1 to [ Drone 15 ]
2025-02-09 19:22:44 [INFO] [getdroned::get_droned] Drone 7 received a packet: Packet { routing_header: SourceRoutingHeader { hop_index: 2, hops: [3, 10, 7, 4, 1, 0] }, session_id: 49, pack_type: FloodResponse(FloodResponse { flood_id: 34, path_trace: [(0, Client), (1, Drone), (4, Drone), (7, Drone), (10, Client), (3, Drone)] }) }
2025-02-09 19:22:44 [INFO] [rustastic_drone::drone] [32m✓[0m [ Drone 3 ]: has received the packet Packet { routing_header: SourceRoutingHeader { hop_index: 2, hops: [11, 6, 3, 15] }, session_id: 0, pack_type: Ack(Ack { fragment_index: 0 }) }
2025-02-09 19:22:44 [INFO] [rust_do_it::drone] Drone 4 received packet Packet { routing_header: SourceRoutingHeader { hop_index: 3, hops: [3, 10, 7, 4, 1, 8, 15] }, session_id: 1, pack_type: FloodResponse(FloodResponse { flood_id: 0, path_trace: [(15, Server), (8, Drone), (1, Drone), (4, Drone), (7, Drone), (10, Client), (3, Drone)] }) }
2025-02-09 19:22:44 [INFO] [rustastic_drone::drone] [32m✓[0m Packet with [ session_id: 0 ] is being handled from [ Drone 3 ]
2025-02-09 19:22:44 [INFO] [getdroned::get_droned] Drone 7 received a packet: Packet { routing_header: SourceRoutingHeader { hop_index: 2, hops: [3, 10, 7, 4, 1, 8, 5, 2, 9] }, session_id: 40, pack_type: FloodResponse(FloodResponse { flood_id: 7, path_trace: [(9, Client), (2, Drone), (5, Drone), (8, Drone), (1, Drone), (4, Drone), (7, Drone), (10, Client), (3, Drone)] }) }
2025-02-09 19:22:44 [INFO] [rustastic_drone::drone] [34mi[0m [ Drone 3 ]: received a Ack(0)
2025-02-09 19:22:44 [INFO] [rust_do_it::drone] Drone 4 received packet Packet { routing_header: SourceRoutingHeader { hop_index: 6, hops: [6, 9, 2, 5, 8, 1, 4, 7, 10] }, session_id: 46, pack_type: FloodResponse(FloodResponse { flood_id: 38, path_trace: [(10, Client), (7, Drone), (4, Drone), (1, Drone), (8, Drone), (5, Drone), (2, Drone), (9, Client), (6, Drone)] }) }
2025-02-09 19:22:44 [INFO] [getdroned::get_droned] Drone 7 received a packet: Packet { routing_header: SourceRoutingHeader { hop_index: 4, hops: [8, 0, 1, 4, 7, 10] }, session_id: 46, pack_type: FloodResponse(FloodResponse { flood_id: 38, path_trace: [(10, Client), (7, Drone), (4, Drone), (1, Drone), (0, Client), (8, Drone)] }) }
2025-02-09 19:22:44 [INFO] [rustastic_drone::drone] [32m✓[0m [ Drone 3 ]: was sent a Ack(0) packet to [ Drone 15 ]
2025-02-09 19:22:44 [INFO] [rust_do_it::drone] Drone 4 received packet Packet { routing_header: SourceRoutingHeader { hop_index: 3, hops: [3, 10, 7, 4, 1, 8, 15] }, session_id: 4, pack_type: FloodResponse(FloodResponse { flood_id: 1, path_trace: [(15, Server), (8, Drone), (1, Drone), (4, Drone), (7, Drone), (10, Client), (3, Drone)] }) }
2025-02-09 19:22:44 [INFO] [getdroned::get_droned] Drone 7 received a packet: Packet { routing_header: SourceRoutingHeader { hop_index: 7, hops: [6, 9, 2, 5, 8, 1, 4, 7, 10] }, session_id: 46, pack_type: FloodResponse(FloodResponse { flood_id: 38, path_trace: [(10, Client), (7, Drone), (4, Drone), (1, Drone), (8, Drone), (5, Drone), (2, Drone), (9, Client), (6, Drone)] }) }
2025-02-09 19:22:44 [INFO] [rustastic_drone::drone] [32m✓[0m [ Drone 3 ]: has received the packet Packet { routing_header: SourceRoutingHeader { hop_index: 2, hops: [11, 6, 3, 15] }, session_id: 2, pack_type: Ack(Ack { fragment_index: 0 }) }
2025-02-09 19:22:44 [INFO] [rust_do_it::drone] Drone 4 received packet Packet { routing_header: SourceRoutingHeader { hop_index: 3, hops: [3, 10, 7, 4, 1, 8, 5, 14] }, session_id: 5, pack_type: FloodResponse(FloodResponse { flood_id: 1, path_trace: [(14, Server), (5, Drone), (8, Drone), (1, Drone), (4, Drone), (7, Drone), (10, Client), (3, Drone)] }) }
2025-02-09 19:22:44 [INFO] [rustastic_drone::drone] [32m✓[0m Packet with [ session_id: 2 ] is being handled from [ Drone 3 ]
2025-02-09 19:22:44 [INFO] [rust_do_it::drone] Drone 4 received packet Packet { routing_header: SourceRoutingHeader { hop_index: 3, hops: [3, 10, 7, 4, 1, 0] }, session_id: 49, pack_type: FloodResponse(FloodResponse { flood_id: 34, path_trace: [(0, Client), (1, Drone), (4, Drone), (7, Drone), (10, Client), (3, Drone)] }) }
2025-02-09 19:22:44 [INFO] [rustastic_drone::drone] [34mi[0m [ Drone 3 ]: received a Ack(0)
2025-02-09 19:22:44 [INFO] [rustastic_drone::drone] [32m✓[0m [ Drone 3 ]: was sent a Ack(0) packet to [ Drone 15 ]
2025-02-09 19:22:44 [INFO] [rust_do_it::drone] Drone 4 received packet Packet { routing_header: SourceRoutingHeader { hop_index: 3, hops: [3, 10, 7, 4, 1, 8, 5, 2, 9] }, session_id: 40, pack_type: FloodResponse(FloodResponse { flood_id: 7, path_trace: [(9, Client), (2, Drone), (5, Drone), (8, Drone), (1, Drone), (4, Drone), (7, Drone), (10, Client), (3, Drone)] }) }
2025-02-09 19:22:44 [INFO] [rustastic_drone::drone] [32m✓[0m [ Drone 3 ]: has received the packet Packet { routing_header: SourceRoutingHeader { hop_index: 0, hops: [] }, session_id: 46, pack_type: FloodRequest(FloodRequest { flood_id: 38, initiator_id: 10, path_trace: [(10, Client), (7, Drone), (4, Drone), (1, Drone), (8, Drone), (15, Server)] }) }
2025-02-09 19:22:44 [INFO] [rust_do_it::drone] Drone 4 received packet Packet { routing_header: SourceRoutingHeader { hop_index: 5, hops: [2, 14, 5, 8, 1, 4, 7, 10] }, session_id: 46, pack_type: FloodResponse(FloodResponse { flood_id: 38, path_trace: [(10, Client), (7, Drone), (4, Drone), (1, Drone), (8, Drone), (5, Drone), (14, Server), (2, Drone)] }) }
2025-02-09 19:22:44 [INFO] [rustastic_drone::drone] [32m✓[0m [ Drone 3 ]: sent the FloodResponse to [ Drone 15 ]
└─>Reason: [33m!!![0m [ Drone 3 ]: has already received a FloodRequest with flood_id: 38
2025-02-09 19:22:44 [INFO] [rustastic_drone::drone] [32m✓[0m [ Drone 3 ]: has received the packet Packet { routing_header: SourceRoutingHeader { hop_index: 1, hops: [15, 3, 6, 9] }, session_id: 7, pack_type: FloodResponse(FloodResponse { flood_id: 7, path_trace: [(9, Client), (6, Drone), (3, Drone), (15, Server)] }) }
2025-02-09 19:22:44 [INFO] [getdroned::get_droned] Drone 7 received a packet: Packet { routing_header: SourceRoutingHeader { hop_index: 6, hops: [2, 14, 5, 8, 1, 4, 7, 10] }, session_id: 46, pack_type: FloodResponse(FloodResponse { flood_id: 38, path_trace: [(10, Client), (7, Drone), (4, Drone), (1, Drone), (8, Drone), (5, Drone), (14, Server), (2, Drone)] }) }
2025-02-09 19:22:44 [INFO] [rustastic_drone::drone] [32m✓[0m Packet with [ session_id: 7 ] is being handled from [ Drone 3 ]
2025-02-09 19:22:44 [INFO] [rustastic_drone::drone] [32m✓[0m [ Drone 3 ]: sent a FloodResponse with flood_id: 7 to [ Drone 6 ]
2025-02-09 19:22:44 [INFO] [rustastic_drone::drone] [32m✓[0m [ Drone 3 ]: has received the packet Packet { routing_header: SourceRoutingHeader { hop_index: 2, hops: [11, 6, 3, 15] }, session_id: 44, pack_type: MsgFragment(Fragment { fragment_index: 0, total_n_fragments: 1, length: 64, data: [123, 34, 84, 121, 112, 101, 82, 101, 115, 112, 111, 110, 115, 101, 34, 58, 123, 34, 101, 100, 103, 101, 95, 116, 121, 112, 101, 34, 58, 123, 34, 67, 108, 105, 101, 110, 116, 34, 58, 34, 87, 101, 98, 66, 114, 111, 119, 115, 101, 114, 34, 125, 44, 34, 102, 114, 111, 109, 34, 58, 49, 49, 125, 125, 0, 0, 0, 0, 0, 0, 0, 0, 0, 0, 0, 0, 0, 0, 0, 0, 0, 0, 0, 0, 0, 0, 0, 0, 0, 0, 0, 0, 0, 0, 0, 0, 0, 0, 0, 0, 0, 0, 0, 0, 0, 0, 0, 0, 0, 0, 0, 0, 0, 0, 0, 0, 0, 0, 0, 0, 0, 0, 0, 0, 0, 0, 0, 0] }) }
2025-02-09 19:22:44 [INFO] [rustastic_drone::drone] [32m✓[0m Packet with [ session_id: 44 ] is being handled from [ Drone 3 ]
2025-02-09 19:22:44 [INFO] [rustastic_drone::drone] [32m✓[0m [ Drone 3 ]: forwarded the the fragment [ fragment_index: 0 ] of the Packet [ session_id: 44 ]
2025-02-09 19:22:44 [WARN] [rustastic_drone::drone] └─>[33m!!![0m Fragment was added to the [ Drone 3 ] buffer
2025-02-09 19:22:44 [INFO] [rustastic_drone::drone] [32m✓[0m [ Drone 3 ]: was sent a Fragment { index: 1 out of 1, data: 0x7b2254797065526573706f6e7365223a7b226564... + other 44 bytes } packet to [ Drone 15 ]
2025-02-09 19:22:44 [INFO] [rustastic_drone::drone] [32m✓[0m [ Drone 3 ]: has received the packet Packet { routing_header: SourceRoutingHeader { hop_index: 0, hops: [] }, session_id: 46, pack_type: FloodRequest(FloodRequest { flood_id: 38, initiator_id: 10, path_trace: [(10, Client), (7, Drone), (4, Drone), (1, Drone), (8, Drone), (5, Drone), (2, Drone), (11, Client), (6, Drone)] }) }
2025-02-09 19:22:44 [INFO] [rustastic_drone::drone] [32m✓[0m [ Drone 3 ]: sent the FloodResponse to [ Drone 6 ]
└─>Reason: [33m!!![0m [ Drone 3 ]: has already received a FloodRequest with flood_id: 38
2025-02-09 19:22:44 [INFO] [rustastic_drone::drone] [32m✓[0m [ Drone 3 ]: has received the packet Packet { routing_header: SourceRoutingHeader { hop_index: 1, hops: [15, 3, 6, 9] }, session_id: 8, pack_type: MsgFragment(Fragment { fragment_index: 0, total_n_fragments: 1, length: 27, data: [123, 34, 84, 121, 112, 101, 82, 101, 113, 117, 101, 115, 116, 34, 58, 123, 34, 102, 114, 111, 109, 34, 58, 49, 53, 125, 125, 0, 0, 0, 0, 0, 0, 0, 0, 0, 0, 0, 0, 0, 0, 0, 0, 0, 0, 0, 0, 0, 0, 0, 0, 0, 0, 0, 0, 0, 0, 0, 0, 0, 0, 0, 0, 0, 0, 0, 0, 0, 0, 0, 0, 0, 0, 0, 0, 0, 0, 0, 0, 0, 0, 0, 0, 0, 0, 0, 0, 0, 0, 0, 0, 0, 0, 0, 0, 0, 0, 0, 0, 0, 0, 0, 0, 0, 0, 0, 0, 0, 0, 0, 0, 0, 0, 0, 0, 0, 0, 0, 0, 0, 0, 0, 0, 0, 0, 0, 0, 0] }) }
2025-02-09 19:22:44 [INFO] [rustastic_drone::drone] [32m✓[0m Packet with [ session_id: 8 ] is being handled from [ Drone 3 ]
2025-02-09 19:22:44 [INFO] [rustastic_drone::drone] [32m✓[0m [ Drone 3 ]: forwarded the the fragment [ fragment_index: 0 ] of the Packet [ session_id: 8 ]
2025-02-09 19:22:44 [WARN] [rustastic_drone::drone] └─>[33m!!![0m Fragment was added to the [ Drone 3 ] buffer
2025-02-09 19:22:44 [INFO] [rustastic_drone::drone] [32m✓[0m [ Drone 3 ]: was sent a Fragment { index: 1 out of 1, data: 0x7b225479706552657175657374223a7b2266726f... + other 7 bytes } packet to [ Drone 6 ]
2025-02-09 19:22:44 [INFO] [rustastic_drone::drone] [32m✓[0m [ Drone 3 ]: has received the packet Packet { routing_header: SourceRoutingHeader { hop_index: 1, hops: [15, 3, 6, 9, 2, 5, 8, 0] }, session_id: 34, pack_type: FloodResponse(FloodResponse { flood_id: 34, path_trace: [(0, Client), (8, Drone), (5, Drone), (2, Drone), (9, Client), (6, Drone), (3, Drone), (15, Server)] }) }
2025-02-09 19:22:44 [INFO] [rust_do_it::drone] Drone 4 received packet Packet { routing_header: SourceRoutingHeader { hop_index: 7, hops: [9, 6, 11, 2, 5, 8, 1, 4, 7, 10] }, session_id: 38, pack_type: FloodResponse(FloodResponse { flood_id: 38, path_trace: [(10, Client), (7, Drone), (4, Drone), (1, Drone), (8, Drone), (5, Drone), (2, Drone), (11, Client), (6, Drone), (9, Client)] }) }
2025-02-09 19:22:44 [INFO] [rustastic_drone::drone] [32m✓[0m Packet with [ session_id: 34 ] is being handled from [ Drone 3 ]
2025-02-09 19:22:44 [INFO] [rust_do_it::drone] Drone 4 received packet Packet { routing_header: SourceRoutingHeader { hop_index: 7, hops: [3, 6, 11, 2, 5, 8, 1, 4, 7, 10] }, session_id: 46, pack_type: FloodResponse(FloodResponse { flood_id: 38, path_trace: [(10, Client), (7, Drone), (4, Drone), (1, Drone), (8, Drone), (5, Drone), (2, Drone), (11, Client), (6, Drone), (3, Drone)] }) }
2025-02-09 19:22:44 [INFO] [rustastic_drone::drone] [32m✓[0m [ Drone 3 ]: sent a FloodResponse with flood_id: 34 to [ Drone 6 ]
2025-02-09 19:22:44 [INFO] [getdroned::get_droned] Drone 7 received a packet: Packet { routing_header: SourceRoutingHeader { hop_index: 8, hops: [9, 6, 11, 2, 5, 8, 1, 4, 7, 10] }, session_id: 38, pack_type: FloodResponse(FloodResponse { flood_id: 38, path_trace: [(10, Client), (7, Drone), (4, Drone), (1, Drone), (8, Drone), (5, Drone), (2, Drone), (11, Client), (6, Drone), (9, Client)] }) }
2025-02-09 19:22:44 [INFO] [rustastic_drone::drone] [32m✓[0m [ Drone 3 ]: has received the packet Packet { routing_header: SourceRoutingHeader { hop_index: 1, hops: [6, 3, 10] }, session_id: 46, pack_type: FloodResponse(FloodResponse { flood_id: 38, path_trace: [(10, Client), (3, Drone), (6, Drone)] }) }
2025-02-09 19:22:44 [INFO] [getdroned::get_droned] Drone 7 received a packet: Packet { routing_header: SourceRoutingHeader { hop_index: 8, hops: [3, 6, 11, 2, 5, 8, 1, 4, 7, 10] }, session_id: 46, pack_type: FloodResponse(FloodResponse { flood_id: 38, path_trace: [(10, Client), (7, Drone), (4, Drone), (1, Drone), (8, Drone), (5, Drone), (2, Drone), (11, Client), (6, Drone), (3, Drone)] }) }
2025-02-09 19:22:44 [INFO] [rustastic_drone::drone] [32m✓[0m Packet with [ session_id: 46 ] is being handled from [ Drone 3 ]
2025-02-09 19:22:44 [INFO] [rustastic_drone::drone] [32m✓[0m [ Drone 3 ]: sent a FloodResponse with flood_id: 38 to [ Drone 10 ]
2025-02-09 19:22:44 [INFO] [rustastic_drone::drone] [32m✓[0m [ Drone 3 ]: has received the packet Packet { routing_header: SourceRoutingHeader { hop_index: 1, hops: [12, 3, 6, 9] }, session_id: 7, pack_type: FloodResponse(FloodResponse { flood_id: 7, path_trace: [(9, Client), (6, Drone), (3, Drone), (12, Client)] }) }
2025-02-09 19:22:44 [INFO] [rustastic_drone::drone] [32m✓[0m Packet with [ session_id: 7 ] is being handled from [ Drone 3 ]
2025-02-09 19:22:44 [INFO] [rustastic_drone::drone] [32m✓[0m [ Drone 3 ]: sent a FloodResponse with flood_id: 7 to [ Drone 6 ]
2025-02-09 19:22:44 [INFO] [rustastic_drone::drone] [32m✓[0m [ Drone 3 ]: has received the packet Packet { routing_header: SourceRoutingHeader { hop_index: 1, hops: [12, 3, 6, 9, 2, 5, 8, 0] }, session_id: 34, pack_type: FloodResponse(FloodResponse { flood_id: 34, path_trace: [(0, Client), (8, Drone), (5, Drone), (2, Drone), (9, Client), (6, Drone), (3, Drone), (12, Client)] }) }
2025-02-09 19:22:44 [INFO] [rustastic_drone::drone] [32m✓[0m Packet with [ session_id: 34 ] is being handled from [ Drone 3 ]
2025-02-09 19:22:44 [INFO] [rustastic_drone::drone] [32m✓[0m [ Drone 3 ]: sent a FloodResponse with flood_id: 34 to [ Drone 6 ]
2025-02-09 19:22:44 [INFO] [rustastic_drone::drone] [32m✓[0m [ Drone 3 ]: has received the packet Packet { routing_header: SourceRoutingHeader { hop_index: 0, hops: [] }, session_id: 46, pack_type: FloodRequest(FloodRequest { flood_id: 38, initiator_id: 10, path_trace: [(10, Client), (7, Drone), (4, Drone), (1, Drone), (8, Drone), (5, Drone), (2, Drone), (11, Client), (6, Drone), (12, Client)] }) }
2025-02-09 19:22:44 [INFO] [rustastic_drone::drone] [32m✓[0m [ Drone 3 ]: sent the FloodResponse to [ Drone 12 ]
└─>Reason: [33m!!![0m [ Drone 3 ]: has already received a FloodRequest with flood_id: 38
2025-02-09 19:22:44 [INFO] [rustastic_drone::drone] [32m✓[0m [ Drone 3 ]: has received the packet Packet { routing_header: SourceRoutingHeader { hop_index: 1, hops: [15, 3, 12] }, session_id: 9, pack_type: MsgFragment(Fragment { fragment_index: 0, total_n_fragments: 1, length: 27, data: [123, 34, 84, 121, 112, 101, 82, 101, 113, 117, 101, 115, 116, 34, 58, 123, 34, 102, 114, 111, 109, 34, 58, 49, 53, 125, 125, 0, 0, 0, 0, 0, 0, 0, 0, 0, 0, 0, 0, 0, 0, 0, 0, 0, 0, 0, 0, 0, 0, 0, 0, 0, 0, 0, 0, 0, 0, 0, 0, 0, 0, 0, 0, 0, 0, 0, 0, 0, 0, 0, 0, 0, 0, 0, 0, 0, 0, 0, 0, 0, 0, 0, 0, 0, 0, 0, 0, 0, 0, 0, 0, 0, 0, 0, 0, 0, 0, 0, 0, 0, 0, 0, 0, 0, 0, 0, 0, 0, 0, 0, 0, 0, 0, 0, 0, 0, 0, 0, 0, 0, 0, 0, 0, 0, 0, 0, 0, 0] }) }
2025-02-09 19:22:44 [INFO] [rustastic_drone::drone] [32m✓[0m Packet with [ session_id: 9 ] is being handled from [ Drone 3 ]
2025-02-09 19:22:44 [INFO] [rustastic_drone::drone] [32m✓[0m [ Drone 3 ]: forwarded the the fragment [ fragment_index: 0 ] of the Packet [ session_id: 9 ]
2025-02-09 19:22:44 [WARN] [rustastic_drone::drone] └─>[33m!!![0m Fragment was added to the [ Drone 3 ] buffer
2025-02-09 19:22:44 [INFO] [rustastic_drone::drone] [32m✓[0m [ Drone 3 ]: was sent a Fragment { index: 1 out of 1, data: 0x7b225479706552657175657374223a7b2266726f... + other 7 bytes } packet to [ Drone 12 ]
2025-02-09 19:22:44 [INFO] [rustastic_drone::drone] [32m✓[0m [ Drone 3 ]: has received the packet Packet { routing_header: SourceRoutingHeader { hop_index: 1, hops: [12, 3, 10] }, session_id: 38, pack_type: FloodResponse(FloodResponse { flood_id: 38, path_trace: [(10, Client), (3, Drone), (12, Client)] }) }
2025-02-09 19:22:44 [INFO] [rustastic_drone::drone] [32m✓[0m Packet with [ session_id: 38 ] is being handled from [ Drone 3 ]
2025-02-09 19:22:44 [INFO] [rustastic_drone::drone] [32m✓[0m [ Drone 3 ]: sent a FloodResponse with flood_id: 38 to [ Drone 10 ]
2025-02-09 19:22:44 [INFO] [rustastic_drone::drone] [32m✓[0m [ Drone 3 ]: has received the packet Packet { routing_header: SourceRoutingHeader { hop_index: 3, hops: [3, 12, 6, 3, 15, 8, 5, 14] }, session_id: 1, pack_type: FloodResponse(FloodResponse { flood_id: 0, path_trace: [(14, Server), (5, Drone), (8, Drone), (15, Server), (3, Drone), (6, Drone), (12, Client), (3, Drone)] }) }
2025-02-09 19:22:44 [INFO] [rustastic_drone::drone] [32m✓[0m Packet with [ session_id: 1 ] is being handled from [ Drone 3 ]
2025-02-09 19:22:44 [INFO] [rustastic_drone::drone] [32m✓[0m [ Drone 3 ]: sent a FloodResponse with flood_id: 0 to [ Drone 15 ]
2025-02-09 19:22:44 [INFO] [rustastic_drone::drone] [32m✓[0m [ Drone 3 ]: has received the packet Packet { routing_header: SourceRoutingHeader { hop_index: 3, hops: [3, 12, 6, 3, 15] }, session_id: 1, pack_type: FloodResponse(FloodResponse { flood_id: 0, path_trace: [(15, Server), (3, Drone), (6, Drone), (12, Client), (3, Drone)] }) }
2025-02-09 19:22:44 [INFO] [rustastic_drone::drone] [32m✓[0m Packet with [ session_id: 1 ] is being handled from [ Drone 3 ]
2025-02-09 19:22:44 [INFO] [rustastic_drone::drone] [32m✓[0m [ Drone 3 ]: sent a FloodResponse with flood_id: 0 to [ Drone 15 ]
2025-02-09 19:22:44 [INFO] [rustastic_drone::drone] [32m✓[0m [ Drone 3 ]: has received the packet Packet { routing_header: SourceRoutingHeader { hop_index: 3, hops: [3, 12, 6, 3, 15] }, session_id: 4, pack_type: FloodResponse(FloodResponse { flood_id: 1, path_trace: [(15, Server), (3, Drone), (6, Drone), (12, Client), (3, Drone)] }) }
2025-02-09 19:22:44 [INFO] [rustastic_drone::drone] [32m✓[0m Packet with [ session_id: 4 ] is being handled from [ Drone 3 ]
2025-02-09 19:22:44 [INFO] [rustastic_drone::drone] [32m✓[0m [ Drone 3 ]: sent a FloodResponse with flood_id: 1 to [ Drone 15 ]
2025-02-09 19:22:44 [INFO] [rustastic_drone::drone] [32m✓[0m [ Drone 3 ]: has received the packet Packet { routing_header: SourceRoutingHeader { hop_index: 1, hops: [10, 3, 6, 9] }, session_id: 7, pack_type: FloodResponse(FloodResponse { flood_id: 7, path_trace: [(9, Client), (6, Drone), (3, Drone), (10, Client)] }) }
2025-02-09 19:22:44 [INFO] [rustastic_drone::drone] [32m✓[0m Packet with [ session_id: 7 ] is being handled from [ Drone 3 ]
2025-02-09 19:22:44 [INFO] [rustastic_drone::drone] [32m✓[0m [ Drone 3 ]: sent a FloodResponse with flood_id: 7 to [ Drone 6 ]
2025-02-09 19:22:44 [INFO] [rustastic_drone::drone] [32m✓[0m [ Drone 3 ]: has received the packet Packet { routing_header: SourceRoutingHeader { hop_index: 1, hops: [10, 3, 6, 9, 2, 5, 8, 0] }, session_id: 34, pack_type: FloodResponse(FloodResponse { flood_id: 34, path_trace: [(0, Client), (8, Drone), (5, Drone), (2, Drone), (9, Client), (6, Drone), (3, Drone), (10, Client)] }) }
2025-02-09 19:22:44 [INFO] [rustastic_drone::drone] [32m✓[0m Packet with [ session_id: 34 ] is being handled from [ Drone 3 ]
2025-02-09 19:22:44 [INFO] [rustastic_drone::drone] [32m✓[0m [ Drone 3 ]: sent a FloodResponse with flood_id: 34 to [ Drone 6 ]
2025-02-09 19:22:44 [INFO] [rustastic_drone::drone] [32m✓[0m [ Drone 3 ]: has received the packet Packet { routing_header: SourceRoutingHeader { hop_index: 2, hops: [7, 10, 3, 12] }, session_id: 42, pack_type: FloodResponse(FloodResponse { flood_id: 11, path_trace: [(12, Client), (3, Drone), (10, Client), (7, Drone)] }) }
2025-02-09 19:22:44 [INFO] [rustastic_drone::drone] [32m✓[0m Packet with [ session_id: 42 ] is being handled from [ Drone 3 ]
2025-02-09 19:22:44 [INFO] [rustastic_drone::drone] [32m✓[0m [ Drone 3 ]: sent a FloodResponse with flood_id: 11 to [ Drone 12 ]
2025-02-09 19:22:44 [INFO] [rustastic_drone::drone] [32m✓[0m [ Drone 3 ]: has received the packet Packet { routing_header: SourceRoutingHeader { hop_index: 2, hops: [8, 15, 3, 12] }, session_id: 42, pack_type: FloodResponse(FloodResponse { flood_id: 11, path_trace: [(12, Client), (3, Drone), (15, Server), (8, Drone)] }) }
2025-02-09 19:22:44 [INFO] [rustastic_drone::drone] [32m✓[0m Packet with [ session_id: 42 ] is being handled from [ Drone 3 ]
2025-02-09 19:22:44 [INFO] [rustastic_drone::drone] [32m✓[0m [ Drone 3 ]: sent a FloodResponse with flood_id: 11 to [ Drone 12 ]
2025-02-09 19:22:44 [INFO] [rustastic_drone::drone] [32m✓[0m [ Drone 3 ]: has received the packet Packet { routing_header: SourceRoutingHeader { hop_index: 1, hops: [15, 3, 10] }, session_id: 38, pack_type: FloodResponse(FloodResponse { flood_id: 38, path_trace: [(10, Client), (3, Drone), (15, Server)] }) }
2025-02-09 19:22:44 [INFO] [rustastic_drone::drone] [32m✓[0m Packet with [ session_id: 38 ] is being handled from [ Drone 3 ]
2025-02-09 19:22:44 [INFO] [rustastic_drone::drone] [32m✓[0m [ Drone 3 ]: sent a FloodResponse with flood_id: 38 to [ Drone 10 ]
2025-02-09 19:22:44 [INFO] [rustastic_drone::drone] [32m✓[0m [ Drone 3 ]: has received the packet Packet { routing_header: SourceRoutingHeader { hop_index: 1, hops: [15, 3, 10] }, session_id: 10, pack_type: MsgFragment(Fragment { fragment_index: 0, total_n_fragments: 1, length: 27, data: [123, 34, 84, 121, 112, 101, 82, 101, 113, 117, 101, 115, 116, 34, 58, 123, 34, 102, 114, 111, 109, 34, 58, 49, 53, 125, 125, 0, 0, 0, 0, 0, 0, 0, 0, 0, 0, 0, 0, 0, 0, 0, 0, 0, 0, 0, 0, 0, 0, 0, 0, 0, 0, 0, 0, 0, 0, 0, 0, 0, 0, 0, 0, 0, 0, 0, 0, 0, 0, 0, 0, 0, 0, 0, 0, 0, 0, 0, 0, 0, 0, 0, 0, 0, 0, 0, 0, 0, 0, 0, 0, 0, 0, 0, 0, 0, 0, 0, 0, 0, 0, 0, 0, 0, 0, 0, 0, 0, 0, 0, 0, 0, 0, 0, 0, 0, 0, 0, 0, 0, 0, 0, 0, 0, 0, 0, 0, 0] }) }
2025-02-09 19:22:44 [INFO] [rustastic_drone::drone] [32m✓[0m Packet with [ session_id: 10 ] is being handled from [ Drone 3 ]
2025-02-09 19:22:44 [INFO] [rustastic_drone::drone] [32m✓[0m [ Drone 3 ]: forwarded the the fragment [ fragment_index: 0 ] of the Packet [ session_id: 10 ]
2025-02-09 19:22:44 [WARN] [rustastic_drone::drone] └─>[33m!!![0m Fragment was added to the [ Drone 3 ] buffer
2025-02-09 19:22:44 [INFO] [rustastic_drone::drone] [32m✓[0m [ Drone 3 ]: was sent a Fragment { index: 1 out of 1, data: 0x7b225479706552657175657374223a7b2266726f... + other 7 bytes } packet to [ Drone 10 ]
2025-02-09 19:22:44 [INFO] [rustastic_drone::drone] [32m✓[0m [ Drone 3 ]: has received the packet Packet { routing_header: SourceRoutingHeader { hop_index: 1, hops: [12, 3, 15] }, session_id: 9, pack_type: Ack(Ack { fragment_index: 0 }) }
2025-02-09 19:22:44 [INFO] [rustastic_drone::drone] [32m✓[0m Packet with [ session_id: 9 ] is being handled from [ Drone 3 ]
2025-02-09 19:22:44 [INFO] [rustastic_drone::drone] [34mi[0m [ Drone 3 ]: received a Ack(0)
2025-02-09 19:22:44 [INFO] [rustastic_drone::drone] [32m✓[0m [ Drone 3 ]: was sent a Ack(0) packet to [ Drone 15 ]
2025-02-09 19:22:44 [INFO] [rust_do_it::drone] Drone 4 received packet Packet { routing_header: SourceRoutingHeader { hop_index: 8, hops: [3, 12, 6, 11, 2, 5, 8, 1, 4, 7, 10] }, session_id: 46, pack_type: FloodResponse(FloodResponse { flood_id: 38, path_trace: [(10, Client), (7, Drone), (4, Drone), (1, Drone), (8, Drone), (5, Drone), (2, Drone), (11, Client), (6, Drone), (12, Client), (3, Drone)] }) }
2025-02-09 19:22:44 [INFO] [getdroned::get_droned] Drone 7 received a packet: Packet { routing_header: SourceRoutingHeader { hop_index: 9, hops: [3, 12, 6, 11, 2, 5, 8, 1, 4, 7, 10] }, session_id: 46, pack_type: FloodResponse(FloodResponse { flood_id: 38, path_trace: [(10, Client), (7, Drone), (4, Drone), (1, Drone), (8, Drone), (5, Drone), (2, Drone), (11, Client), (6, Drone), (12, Client), (3, Drone)] }) }
2025-02-09 19:22:44 [INFO] [rustastic_drone::drone] [32m✓[0m [ Drone 3 ]: has received the packet Packet { routing_header: SourceRoutingHeader { hop_index: 1, hops: [15, 3, 6, 11] }, session_id: 44, pack_type: Ack(Ack { fragment_index: 0 }) }
2025-02-09 19:22:44 [INFO] [rustastic_drone::drone] [32m✓[0m Packet with [ session_id: 44 ] is being handled from [ Drone 3 ]
2025-02-09 19:22:44 [INFO] [rust_do_it::drone] Drone 4 received packet Packet { routing_header: SourceRoutingHeader { hop_index: 4, hops: [3, 15, 8, 1, 4, 7, 10] }, session_id: 46, pack_type: FloodResponse(FloodResponse { flood_id: 38, path_trace: [(10, Client), (7, Drone), (4, Drone), (1, Drone), (8, Drone), (15, Server), (3, Drone)] }) }
2025-02-09 19:22:44 [INFO] [rustastic_drone::drone] [34mi[0m [ Drone 3 ]: received a Ack(0)
2025-02-09 19:22:44 [INFO] [rustastic_drone::drone] [32m✓[0m [ Drone 3 ]: was sent a Ack(0) packet to [ Drone 6 ]
2025-02-09 19:22:44 [INFO] [getdroned::get_droned] Drone 7 received a packet: Packet { routing_header: SourceRoutingHeader { hop_index: 5, hops: [3, 15, 8, 1, 4, 7, 10] }, session_id: 46, pack_type: FloodResponse(FloodResponse { flood_id: 38, path_trace: [(10, Client), (7, Drone), (4, Drone), (1, Drone), (8, Drone), (15, Server), (3, Drone)] }) }
2025-02-09 19:22:44 [INFO] [rustastic_drone::drone] [32m✓[0m [ Drone 3 ]: has received the packet Packet { routing_header: SourceRoutingHeader { hop_index: 2, hops: [9, 6, 3, 15] }, session_id: 8, pack_type: Ack(Ack { fragment_index: 0 }) }
2025-02-09 19:22:44 [INFO] [rustastic_drone::drone] [32m✓[0m Packet with [ session_id: 8 ] is being handled from [ Drone 3 ]
2025-02-09 19:22:44 [INFO] [rustastic_drone::drone] [34mi[0m [ Drone 3 ]: received a Ack(0)
2025-02-09 19:22:44 [INFO] [rustastic_drone::drone] [32m✓[0m [ Drone 3 ]: was sent a Ack(0) packet to [ Drone 15 ]
2025-02-09 19:22:44 [INFO] [rustastic_drone::drone] [32m✓[0m [ Drone 3 ]: has received the packet Packet { routing_header: SourceRoutingHeader { hop_index: 2, hops: [9, 6, 3, 15] }, session_id: 40, pack_type: MsgFragment(Fragment { fragment_index: 0, total_n_fragments: 1, length: 63, data: [123, 34, 84, 121, 112, 101, 82, 101, 115, 112, 111, 110, 115, 101, 34, 58, 123, 34, 101, 100, 103, 101, 95, 116, 121, 112, 101, 34, 58, 123, 34, 67, 108, 105, 101, 110, 116, 34, 58, 34, 87, 101, 98, 66, 114, 111, 119, 115, 101, 114, 34, 125, 44, 34, 102, 114, 111, 109, 34, 58, 57, 125, 125, 0, 0, 0, 0, 0, 0, 0, 0, 0, 0, 0, 0, 0, 0, 0, 0, 0, 0, 0, 0, 0, 0, 0, 0, 0, 0, 0, 0, 0, 0, 0, 0, 0, 0, 0, 0, 0, 0, 0, 0, 0, 0, 0, 0, 0, 0, 0, 0, 0, 0, 0, 0, 0, 0, 0, 0, 0, 0, 0, 0, 0, 0, 0, 0, 0] }) }
2025-02-09 19:22:44 [INFO] [rustastic_drone::drone] [32m✓[0m Packet with [ session_id: 40 ] is being handled from [ Drone 3 ]
2025-02-09 19:22:44 [INFO] [rustastic_drone::drone] [32m✓[0m [ Drone 3 ]: forwarded the the fragment [ fragment_index: 0 ] of the Packet [ session_id: 40 ]
2025-02-09 19:22:44 [WARN] [rustastic_drone::drone] └─>[33m!!![0m Fragment was added to the [ Drone 3 ] buffer
2025-02-09 19:22:44 [INFO] [rustastic_drone::drone] [32m✓[0m [ Drone 3 ]: was sent a Fragment { index: 1 out of 1, data: 0x7b2254797065526573706f6e7365223a7b226564... + other 43 bytes } packet to [ Drone 15 ]
2025-02-09 19:22:44 [INFO] [rustastic_drone::drone] [32m✓[0m [ Drone 3 ]: has received the packet Packet { routing_header: SourceRoutingHeader { hop_index: 1, hops: [10, 3, 15] }, session_id: 10, pack_type: Ack(Ack { fragment_index: 0 }) }
2025-02-09 19:22:44 [INFO] [rustastic_drone::drone] [32m✓[0m Packet with [ session_id: 10 ] is being handled from [ Drone 3 ]
2025-02-09 19:22:44 [INFO] [rustastic_drone::drone] [34mi[0m [ Drone 3 ]: received a Ack(0)
2025-02-09 19:22:44 [INFO] [rustastic_drone::drone] [32m✓[0m [ Drone 3 ]: was sent a Ack(0) packet to [ Drone 15 ]
2025-02-09 19:22:44 [INFO] [rustastic_drone::drone] [32m✓[0m [ Drone 3 ]: has received the packet Packet { routing_header: SourceRoutingHeader { hop_index: 1, hops: [10, 3, 15] }, session_id: 58, pack_type: MsgFragment(Fragment { fragment_index: 0, total_n_fragments: 1, length: 64, data: [123, 34, 84, 121, 112, 101, 82, 101, 115, 112, 111, 110, 115, 101, 34, 58, 123, 34, 101, 100, 103, 101, 95, 116, 121, 112, 101, 34, 58, 123, 34, 67, 108, 105, 101, 110, 116, 34, 58, 34, 87, 101, 98, 66, 114, 111, 119, 115, 101, 114, 34, 125, 44, 34, 102, 114, 111, 109, 34, 58, 49, 48, 125, 125, 0, 0, 0, 0, 0, 0, 0, 0, 0, 0, 0, 0, 0, 0, 0, 0, 0, 0, 0, 0, 0, 0, 0, 0, 0, 0, 0, 0, 0, 0, 0, 0, 0, 0, 0, 0, 0, 0, 0, 0, 0, 0, 0, 0, 0, 0, 0, 0, 0, 0, 0, 0, 0, 0, 0, 0, 0, 0, 0, 0, 0, 0, 0, 0] }) }
2025-02-09 19:22:44 [INFO] [rustastic_drone::drone] [32m✓[0m Packet with [ session_id: 58 ] is being handled from [ Drone 3 ]
2025-02-09 19:22:44 [INFO] [rustastic_drone::drone] [32m✓[0m [ Drone 3 ]: forwarded the the fragment [ fragment_index: 0 ] of the Packet [ session_id: 58 ]
2025-02-09 19:22:44 [WARN] [rustastic_drone::drone] └─>[33m!!![0m Fragment was added to the [ Drone 3 ] buffer
2025-02-09 19:22:44 [INFO] [rustastic_drone::drone] [32m✓[0m [ Drone 3 ]: was sent a Fragment { index: 1 out of 1, data: 0x7b2254797065526573706f6e7365223a7b226564... + other 44 bytes } packet to [ Drone 15 ]
2025-02-09 19:22:44 [INFO] [rustastic_drone::drone] [32m✓[0m [ Drone 3 ]: has received the packet Packet { routing_header: SourceRoutingHeader { hop_index: 1, hops: [15, 3, 6, 9] }, session_id: 40, pack_type: Ack(Ack { fragment_index: 0 }) }
2025-02-09 19:22:44 [INFO] [rustastic_drone::drone] [32m✓[0m Packet with [ session_id: 40 ] is being handled from [ Drone 3 ]
2025-02-09 19:22:44 [INFO] [rustastic_drone::drone] [34mi[0m [ Drone 3 ]: received a Ack(0)
2025-02-09 19:22:44 [INFO] [rustastic_drone::drone] [32m✓[0m [ Drone 3 ]: was sent a Ack(0) packet to [ Drone 6 ]
2025-02-09 19:22:44 [INFO] [rustastic_drone::drone] [32m✓[0m [ Drone 3 ]: has received the packet Packet { routing_header: SourceRoutingHeader { hop_index: 1, hops: [15, 3, 10] }, session_id: 58, pack_type: Ack(Ack { fragment_index: 0 }) }
2025-02-09 19:22:44 [INFO] [rustastic_drone::drone] [32m✓[0m Packet with [ session_id: 58 ] is being handled from [ Drone 3 ]
2025-02-09 19:22:44 [INFO] [rustastic_drone::drone] [34mi[0m [ Drone 3 ]: received a Ack(0)
2025-02-09 19:22:44 [INFO] [rustastic_drone::drone] [32m✓[0m [ Drone 3 ]: was sent a Ack(0) packet to [ Drone 10 ]
2025-02-09 19:22:44 [INFO] [rustastic_drone::drone] [32m✓[0m [ Drone 3 ]: has received the packet Packet { routing_header: SourceRoutingHeader { hop_index: 4, hops: [14, 2, 11, 6, 3, 12] }, session_id: 9, pack_type: MsgFragment(Fragment { fragment_index: 0, total_n_fragments: 1, length: 27, data: [123, 34, 84, 121, 112, 101, 82, 101, 113, 117, 101, 115, 116, 34, 58, 123, 34, 102, 114, 111, 109, 34, 58, 49, 52, 125, 125, 0, 0, 0, 0, 0, 0, 0, 0, 0, 0, 0, 0, 0, 0, 0, 0, 0, 0, 0, 0, 0, 0, 0, 0, 0, 0, 0, 0, 0, 0, 0, 0, 0, 0, 0, 0, 0, 0, 0, 0, 0, 0, 0, 0, 0, 0, 0, 0, 0, 0, 0, 0, 0, 0, 0, 0, 0, 0, 0, 0, 0, 0, 0, 0, 0, 0, 0, 0, 0, 0, 0, 0, 0, 0, 0, 0, 0, 0, 0, 0, 0, 0, 0, 0, 0, 0, 0, 0, 0, 0, 0, 0, 0, 0, 0, 0, 0, 0, 0, 0, 0] }) }
2025-02-09 19:22:44 [INFO] [rustastic_drone::drone] [32m✓[0m Packet with [ session_id: 9 ] is being handled from [ Drone 3 ]
2025-02-09 19:22:44 [INFO] [rustastic_drone::drone] [32m✓[0m [ Drone 3 ]: forwarded the the fragment [ fragment_index: 0 ] of the Packet [ session_id: 9 ]
2025-02-09 19:22:44 [WARN] [rustastic_drone::drone] └─>[33m!!![0m Fragment was added to the [ Drone 3 ] buffer
2025-02-09 19:22:44 [INFO] [rustastic_drone::drone] [32m✓[0m [ Drone 3 ]: was sent a Fragment { index: 1 out of 1, data: 0x7b225479706552657175657374223a7b2266726f... + other 7 bytes } packet to [ Drone 12 ]
2025-02-09 19:22:44 [INFO] [rustastic_drone::drone] [32m✓[0m [ Drone 3 ]: has received the packet Packet { routing_header: SourceRoutingHeader { hop_index: 1, hops: [12, 3, 6, 11, 2, 14] }, session_id: 9, pack_type: Ack(Ack { fragment_index: 0 }) }
2025-02-09 19:22:44 [INFO] [rustastic_drone::drone] [32m✓[0m Packet with [ session_id: 9 ] is being handled from [ Drone 3 ]
2025-02-09 19:22:44 [INFO] [rustastic_drone::drone] [34mi[0m [ Drone 3 ]: received a Ack(0)
2025-02-09 19:22:44 [INFO] [rustastic_drone::drone] [32m✓[0m [ Drone 3 ]: was sent a Ack(0) packet to [ Drone 6 ]
2025-02-09 19:22:44 [INFO] [rustastic_drone::drone] [32m✓[0m [ Drone 3 ]: has received the packet Packet { routing_header: SourceRoutingHeader { hop_index: 4, hops: [14, 2, 11, 6, 3, 10] }, session_id: 10, pack_type: MsgFragment(Fragment { fragment_index: 0, total_n_fragments: 1, length: 27, data: [123, 34, 84, 121, 112, 101, 82, 101, 113, 117, 101, 115, 116, 34, 58, 123, 34, 102, 114, 111, 109, 34, 58, 49, 52, 125, 125, 0, 0, 0, 0, 0, 0, 0, 0, 0, 0, 0, 0, 0, 0, 0, 0, 0, 0, 0, 0, 0, 0, 0, 0, 0, 0, 0, 0, 0, 0, 0, 0, 0, 0, 0, 0, 0, 0, 0, 0, 0, 0, 0, 0, 0, 0, 0, 0, 0, 0, 0, 0, 0, 0, 0, 0, 0, 0, 0, 0, 0, 0, 0, 0, 0, 0, 0, 0, 0, 0, 0, 0, 0, 0, 0, 0, 0, 0, 0, 0, 0, 0, 0, 0, 0, 0, 0, 0, 0, 0, 0, 0, 0, 0, 0, 0, 0, 0, 0, 0, 0] }) }
2025-02-09 19:22:44 [INFO] [rustastic_drone::drone] [32m✓[0m Packet with [ session_id: 10 ] is being handled from [ Drone 3 ]
2025-02-09 19:22:44 [INFO] [rustastic_drone::drone] [32m✓[0m [ Drone 3 ]: forwarded the the fragment [ fragment_index: 0 ] of the Packet [ session_id: 10 ]
2025-02-09 19:22:44 [WARN] [rustastic_drone::drone] └─>[33m!!![0m Fragment was added to the [ Drone 3 ] buffer
2025-02-09 19:22:44 [INFO] [rustastic_drone::drone] [32m✓[0m [ Drone 3 ]: was sent a Fragment { index: 1 out of 1, data: 0x7b225479706552657175657374223a7b2266726f... + other 7 bytes } packet to [ Drone 10 ]
2025-02-09 19:22:44 [INFO] [rustastic_drone::drone] [32m✓[0m [ Drone 3 ]: has received the packet Packet { routing_header: SourceRoutingHeader { hop_index: 1, hops: [10, 3, 6, 11, 2, 14] }, session_id: 10, pack_type: Ack(Ack { fragment_index: 0 }) }
2025-02-09 19:22:44 [INFO] [rustastic_drone::drone] [32m✓[0m Packet with [ session_id: 10 ] is being handled from [ Drone 3 ]
2025-02-09 19:22:44 [INFO] [rustastic_drone::drone] [34mi[0m [ Drone 3 ]: received a Ack(0)
2025-02-09 19:22:44 [INFO] [rustastic_drone::drone] [32m✓[0m [ Drone 3 ]: was sent a Ack(0) packet to [ Drone 6 ]
2025-02-09 19:22:44 [INFO] [rustastic_drone::drone] [32m✓[0m [ Drone 3 ]: has received the packet Packet { routing_header: SourceRoutingHeader { hop_index: 1, hops: [10, 3, 6, 9, 2, 14] }, session_id: 22, pack_type: MsgFragment(Fragment { fragment_index: 0, total_n_fragments: 1, length: 64, data: [123, 34, 84, 121, 112, 101, 82, 101, 115, 112, 111, 110, 115, 101, 34, 58, 123, 34, 101, 100, 103, 101, 95, 116, 121, 112, 101, 34, 58, 123, 34, 67, 108, 105, 101, 110, 116, 34, 58, 34, 87, 101, 98, 66, 114, 111, 119, 115, 101, 114, 34, 125, 44, 34, 102, 114, 111, 109, 34, 58, 49, 48, 125, 125, 0, 0, 0, 0, 0, 0, 0, 0, 0, 0, 0, 0, 0, 0, 0, 0, 0, 0, 0, 0, 0, 0, 0, 0, 0, 0, 0, 0, 0, 0, 0, 0, 0, 0, 0, 0, 0, 0, 0, 0, 0, 0, 0, 0, 0, 0, 0, 0, 0, 0, 0, 0, 0, 0, 0, 0, 0, 0, 0, 0, 0, 0, 0, 0] }) }
2025-02-09 19:22:44 [INFO] [rustastic_drone::drone] [32m✓[0m Packet with [ session_id: 22 ] is being handled from [ Drone 3 ]
2025-02-09 19:22:44 [INFO] [rustastic_drone::drone] [32m✓[0m [ Drone 3 ]: forwarded the the fragment [ fragment_index: 0 ] of the Packet [ session_id: 22 ]
2025-02-09 19:22:44 [WARN] [rustastic_drone::drone] └─>[33m!!![0m Fragment was added to the [ Drone 3 ] buffer
2025-02-09 19:22:44 [INFO] [rustastic_drone::drone] [32m✓[0m [ Drone 3 ]: was sent a Fragment { index: 1 out of 1, data: 0x7b2254797065526573706f6e7365223a7b226564... + other 44 bytes } packet to [ Drone 6 ]
2025-02-09 19:22:44 [INFO] [rustastic_drone::drone] [32m✓[0m [ Drone 3 ]: has received the packet Packet { routing_header: SourceRoutingHeader { hop_index: 4, hops: [14, 2, 9, 6, 3, 10] }, session_id: 22, pack_type: Ack(Ack { fragment_index: 0 }) }
2025-02-09 19:22:44 [INFO] [rustastic_drone::drone] [32m✓[0m Packet with [ session_id: 22 ] is being handled from [ Drone 3 ]
2025-02-09 19:22:44 [INFO] [rustastic_drone::drone] [34mi[0m [ Drone 3 ]: received a Ack(0)
2025-02-09 19:22:44 [INFO] [rustastic_drone::drone] [32m✓[0m [ Drone 3 ]: was sent a Ack(0) packet to [ Drone 10 ]
2025-02-09 19:22:44 [INFO] [rustastic_drone::drone] [32m✓[0m [ Drone 3 ]: has received the packet Packet { routing_header: SourceRoutingHeader { hop_index: 2, hops: [9, 6, 3, 15] }, session_id: 25, pack_type: MsgFragment(Fragment { fragment_index: 0, total_n_fragments: 1, length: 26, data: [123, 34, 84, 121, 112, 101, 82, 101, 113, 117, 101, 115, 116, 34, 58, 123, 34, 102, 114, 111, 109, 34, 58, 57, 125, 125, 0, 0, 0, 0, 0, 0, 0, 0, 0, 0, 0, 0, 0, 0, 0, 0, 0, 0, 0, 0, 0, 0, 0, 0, 0, 0, 0, 0, 0, 0, 0, 0, 0, 0, 0, 0, 0, 0, 0, 0, 0, 0, 0, 0, 0, 0, 0, 0, 0, 0, 0, 0, 0, 0, 0, 0, 0, 0, 0, 0, 0, 0, 0, 0, 0, 0, 0, 0, 0, 0, 0, 0, 0, 0, 0, 0, 0, 0, 0, 0, 0, 0, 0, 0, 0, 0, 0, 0, 0, 0, 0, 0, 0, 0, 0, 0, 0, 0, 0, 0, 0, 0] }) }
2025-02-09 19:22:44 [INFO] [rustastic_drone::drone] [32m✓[0m Packet with [ session_id: 25 ] is being handled from [ Drone 3 ]
2025-02-09 19:22:44 [INFO] [rustastic_drone::drone] [32m✓[0m [ Drone 3 ]: forwarded the the fragment [ fragment_index: 0 ] of the Packet [ session_id: 25 ]
2025-02-09 19:22:44 [WARN] [rustastic_drone::drone] └─>[33m!!![0m Fragment was added to the [ Drone 3 ] buffer
2025-02-09 19:22:44 [INFO] [rustastic_drone::drone] [32m✓[0m [ Drone 3 ]: was sent a Fragment { index: 1 out of 1, data: 0x7b225479706552657175657374223a7b2266726f... + other 6 bytes } packet to [ Drone 15 ]
2025-02-09 19:22:44 [INFO] [rustastic_drone::drone] [32m✓[0m [ Drone 3 ]: has received the packet Packet { routing_header: SourceRoutingHeader { hop_index: 1, hops: [15, 3, 6, 9] }, session_id: 25, pack_type: Ack(Ack { fragment_index: 0 }) }
2025-02-09 19:22:44 [INFO] [rustastic_drone::drone] [32m✓[0m Packet with [ session_id: 25 ] is being handled from [ Drone 3 ]
2025-02-09 19:22:44 [INFO] [rustastic_drone::drone] [34mi[0m [ Drone 3 ]: received a Ack(0)
2025-02-09 19:22:44 [INFO] [rustastic_drone::drone] [32m✓[0m [ Drone 3 ]: was sent a Ack(0) packet to [ Drone 6 ]
2025-02-09 19:22:44 [INFO] [rustastic_drone::drone] [32m✓[0m [ Drone 3 ]: has received the packet Packet { routing_header: SourceRoutingHeader { hop_index: 1, hops: [15, 3, 6, 9] }, session_id: 11, pack_type: MsgFragment(Fragment { fragment_index: 0, total_n_fragments: 1, length: 71, data: [123, 34, 84, 121, 112, 101, 82, 101, 115, 112, 111, 110, 115, 101, 34, 58, 123, 34, 101, 100, 103, 101, 95, 116, 121, 112, 101, 34, 58, 123, 34, 83, 101, 114, 118, 101, 114, 34, 58, 123, 34, 67, 111, 110, 116, 101, 110, 116, 34, 58, 34, 77, 101, 100, 105, 97, 34, 125, 125, 44, 34, 102, 114, 111, 109, 34, 58, 49, 53, 125, 125, 0, 0, 0, 0, 0, 0, 0, 0, 0, 0, 0, 0, 0, 0, 0, 0, 0, 0, 0, 0, 0, 0, 0, 0, 0, 0, 0, 0, 0, 0, 0, 0, 0, 0, 0, 0, 0, 0, 0, 0, 0, 0, 0, 0, 0, 0, 0, 0, 0, 0, 0, 0, 0, 0, 0, 0, 0] }) }
2025-02-09 19:22:44 [INFO] [rustastic_drone::drone] [32m✓[0m Packet with [ session_id: 11 ] is being handled from [ Drone 3 ]
2025-02-09 19:22:44 [INFO] [rustastic_drone::drone] [32m✓[0m [ Drone 3 ]: forwarded the the fragment [ fragment_index: 0 ] of the Packet [ session_id: 11 ]
2025-02-09 19:22:44 [WARN] [rustastic_drone::drone] └─>[33m!!![0m Fragment was added to the [ Drone 3 ] buffer
2025-02-09 19:22:44 [INFO] [rustastic_drone::drone] [32m✓[0m [ Drone 3 ]: was sent a Fragment { index: 1 out of 1, data: 0x7b2254797065526573706f6e7365223a7b226564... + other 51 bytes } packet to [ Drone 6 ]
2025-02-09 19:22:44 [INFO] [rustastic_drone::drone] [32m✓[0m [ Drone 3 ]: has received the packet Packet { routing_header: SourceRoutingHeader { hop_index: 2, hops: [9, 6, 3, 10] }, session_id: 43, pack_type: MsgFragment(Fragment { fragment_index: 0, total_n_fragments: 1, length: 26, data: [123, 34, 84, 121, 112, 101, 82, 101, 113, 117, 101, 115, 116, 34, 58, 123, 34, 102, 114, 111, 109, 34, 58, 57, 125, 125, 0, 0, 0, 0, 0, 0, 0, 0, 0, 0, 0, 0, 0, 0, 0, 0, 0, 0, 0, 0, 0, 0, 0, 0, 0, 0, 0, 0, 0, 0, 0, 0, 0, 0, 0, 0, 0, 0, 0, 0, 0, 0, 0, 0, 0, 0, 0, 0, 0, 0, 0, 0, 0, 0, 0, 0, 0, 0, 0, 0, 0, 0, 0, 0, 0, 0, 0, 0, 0, 0, 0, 0, 0, 0, 0, 0, 0, 0, 0, 0, 0, 0, 0, 0, 0, 0, 0, 0, 0, 0, 0, 0, 0, 0, 0, 0, 0, 0, 0, 0, 0, 0] }) }
2025-02-09 19:22:44 [INFO] [rustastic_drone::drone] [32m✓[0m Packet with [ session_id: 43 ] is being handled from [ Drone 3 ]
2025-02-09 19:22:44 [INFO] [rustastic_drone::drone] [32m✓[0m [ Drone 3 ]: forwarded the the fragment [ fragment_index: 0 ] of the Packet [ session_id: 43 ]
2025-02-09 19:22:44 [WARN] [rustastic_drone::drone] └─>[33m!!![0m Fragment was added to the [ Drone 3 ] buffer
2025-02-09 19:22:44 [INFO] [rustastic_drone::drone] [32m✓[0m [ Drone 3 ]: was sent a Fragment { index: 1 out of 1, data: 0x7b225479706552657175657374223a7b2266726f... + other 6 bytes } packet to [ Drone 10 ]
2025-02-09 19:22:44 [INFO] [rustastic_drone::drone] [32m✓[0m [ Drone 3 ]: has received the packet Packet { routing_header: SourceRoutingHeader { hop_index: 2, hops: [9, 6, 3, 15] }, session_id: 11, pack_type: Ack(Ack { fragment_index: 0 }) }
2025-02-09 19:22:44 [INFO] [rustastic_drone::drone] [32m✓[0m Packet with [ session_id: 11 ] is being handled from [ Drone 3 ]
2025-02-09 19:22:44 [INFO] [rustastic_drone::drone] [34mi[0m [ Drone 3 ]: received a Ack(0)
2025-02-09 19:22:44 [INFO] [rustastic_drone::drone] [32m✓[0m [ Drone 3 ]: was sent a Ack(0) packet to [ Drone 15 ]
2025-02-09 19:22:44 [INFO] [rustastic_drone::drone] [32m✓[0m [ Drone 3 ]: has received the packet Packet { routing_header: SourceRoutingHeader { hop_index: 1, hops: [10, 3, 6, 9] }, session_id: 43, pack_type: Ack(Ack { fragment_index: 0 }) }
2025-02-09 19:22:44 [INFO] [rustastic_drone::drone] [32m✓[0m Packet with [ session_id: 43 ] is being handled from [ Drone 3 ]
2025-02-09 19:22:44 [INFO] [rustastic_drone::drone] [34mi[0m [ Drone 3 ]: received a Ack(0)
2025-02-09 19:22:44 [INFO] [rustastic_drone::drone] [32m✓[0m [ Drone 3 ]: was sent a Ack(0) packet to [ Drone 6 ]
2025-02-09 19:22:44 [INFO] [rustastic_drone::drone] [32m✓[0m [ Drone 3 ]: has received the packet Packet { routing_header: SourceRoutingHeader { hop_index: 1, hops: [10, 3, 6, 9] }, session_id: 45, pack_type: MsgFragment(Fragment { fragment_index: 0, total_n_fragments: 1, length: 64, data: [123, 34, 84, 121, 112, 101, 82, 101, 115, 112, 111, 110, 115, 101, 34, 58, 123, 34, 101, 100, 103, 101, 95, 116, 121, 112, 101, 34, 58, 123, 34, 67, 108, 105, 101, 110, 116, 34, 58, 34, 87, 101, 98, 66, 114, 111, 119, 115, 101, 114, 34, 125, 44, 34, 102, 114, 111, 109, 34, 58, 49, 48, 125, 125, 0, 0, 0, 0, 0, 0, 0, 0, 0, 0, 0, 0, 0, 0, 0, 0, 0, 0, 0, 0, 0, 0, 0, 0, 0, 0, 0, 0, 0, 0, 0, 0, 0, 0, 0, 0, 0, 0, 0, 0, 0, 0, 0, 0, 0, 0, 0, 0, 0, 0, 0, 0, 0, 0, 0, 0, 0, 0, 0, 0, 0, 0, 0, 0] }) }
2025-02-09 19:22:44 [INFO] [rustastic_drone::drone] [32m✓[0m Packet with [ session_id: 45 ] is being handled from [ Drone 3 ]
2025-02-09 19:22:44 [INFO] [rustastic_drone::drone] [32m✓[0m [ Drone 3 ]: forwarded the the fragment [ fragment_index: 0 ] of the Packet [ session_id: 45 ]
2025-02-09 19:22:44 [WARN] [rustastic_drone::drone] └─>[33m!!![0m Fragment was added to the [ Drone 3 ] buffer
2025-02-09 19:22:44 [INFO] [rustastic_drone::drone] [32m✓[0m [ Drone 3 ]: was sent a Fragment { index: 1 out of 1, data: 0x7b2254797065526573706f6e7365223a7b226564... + other 44 bytes } packet to [ Drone 6 ]
2025-02-09 19:22:44 [INFO] [rustastic_drone::drone] [32m✓[0m [ Drone 3 ]: has received the packet Packet { routing_header: SourceRoutingHeader { hop_index: 2, hops: [9, 6, 3, 10] }, session_id: 45, pack_type: Ack(Ack { fragment_index: 0 }) }
2025-02-09 19:22:44 [INFO] [rustastic_drone::drone] [32m✓[0m Packet with [ session_id: 45 ] is being handled from [ Drone 3 ]
2025-02-09 19:22:44 [INFO] [rustastic_drone::drone] [34mi[0m [ Drone 3 ]: received a Ack(0)
2025-02-09 19:22:44 [INFO] [rustastic_drone::drone] [32m✓[0m [ Drone 3 ]: was sent a Ack(0) packet to [ Drone 10 ]
2025-02-09 19:22:44 [INFO] [rustastic_drone::drone] [32m✓[0m [ Drone 3 ]: has received the packet Packet { routing_header: SourceRoutingHeader { hop_index: 1, hops: [12, 3, 15] }, session_id: 30, pack_type: MsgFragment(Fragment { fragment_index: 0, total_n_fragments: 1, length: 27, data: [123, 34, 84, 121, 112, 101, 82, 101, 113, 117, 101, 115, 116, 34, 58, 123, 34, 102, 114, 111, 109, 34, 58, 49, 50, 125, 125, 0, 0, 0, 0, 0, 0, 0, 0, 0, 0, 0, 0, 0, 0, 0, 0, 0, 0, 0, 0, 0, 0, 0, 0, 0, 0, 0, 0, 0, 0, 0, 0, 0, 0, 0, 0, 0, 0, 0, 0, 0, 0, 0, 0, 0, 0, 0, 0, 0, 0, 0, 0, 0, 0, 0, 0, 0, 0, 0, 0, 0, 0, 0, 0, 0, 0, 0, 0, 0, 0, 0, 0, 0, 0, 0, 0, 0, 0, 0, 0, 0, 0, 0, 0, 0, 0, 0, 0, 0, 0, 0, 0, 0, 0, 0, 0, 0, 0, 0, 0, 0] }) }
2025-02-09 19:22:44 [INFO] [rustastic_drone::drone] [32m✓[0m Packet with [ session_id: 30 ] is being handled from [ Drone 3 ]
2025-02-09 19:22:44 [INFO] [rustastic_drone::drone] [32m✓[0m [ Drone 3 ]: forwarded the the fragment [ fragment_index: 0 ] of the Packet [ session_id: 30 ]
2025-02-09 19:22:44 [WARN] [rustastic_drone::drone] └─>[33m!!![0m Fragment was added to the [ Drone 3 ] buffer
2025-02-09 19:22:44 [INFO] [rustastic_drone::drone] [32m✓[0m [ Drone 3 ]: was sent a Fragment { index: 1 out of 1, data: 0x7b225479706552657175657374223a7b2266726f... + other 7 bytes } packet to [ Drone 15 ]
2025-02-09 19:22:44 [INFO] [rustastic_drone::drone] [32m✓[0m [ Drone 3 ]: has received the packet Packet { routing_header: SourceRoutingHeader { hop_index: 1, hops: [15, 3, 12] }, session_id: 30, pack_type: Ack(Ack { fragment_index: 0 }) }
2025-02-09 19:22:44 [INFO] [rustastic_drone::drone] [32m✓[0m Packet with [ session_id: 30 ] is being handled from [ Drone 3 ]
2025-02-09 19:22:44 [INFO] [rustastic_drone::drone] [34mi[0m [ Drone 3 ]: received a Ack(0)
2025-02-09 19:22:44 [INFO] [rustastic_drone::drone] [32m✓[0m [ Drone 3 ]: was sent a Ack(0) packet to [ Drone 12 ]
2025-02-09 19:22:44 [INFO] [rustastic_drone::drone] [32m✓[0m [ Drone 3 ]: has received the packet Packet { routing_header: SourceRoutingHeader { hop_index: 1, hops: [12, 3, 10] }, session_id: 32, pack_type: MsgFragment(Fragment { fragment_index: 0, total_n_fragments: 1, length: 27, data: [123, 34, 84, 121, 112, 101, 82, 101, 113, 117, 101, 115, 116, 34, 58, 123, 34, 102, 114, 111, 109, 34, 58, 49, 50, 125, 125, 0, 0, 0, 0, 0, 0, 0, 0, 0, 0, 0, 0, 0, 0, 0, 0, 0, 0, 0, 0, 0, 0, 0, 0, 0, 0, 0, 0, 0, 0, 0, 0, 0, 0, 0, 0, 0, 0, 0, 0, 0, 0, 0, 0, 0, 0, 0, 0, 0, 0, 0, 0, 0, 0, 0, 0, 0, 0, 0, 0, 0, 0, 0, 0, 0, 0, 0, 0, 0, 0, 0, 0, 0, 0, 0, 0, 0, 0, 0, 0, 0, 0, 0, 0, 0, 0, 0, 0, 0, 0, 0, 0, 0, 0, 0, 0, 0, 0, 0, 0, 0] }) }
2025-02-09 19:22:44 [INFO] [rustastic_drone::drone] [32m✓[0m Packet with [ session_id: 32 ] is being handled from [ Drone 3 ]
2025-02-09 19:22:44 [INFO] [rustastic_drone::drone] [32m✓[0m [ Drone 3 ]: forwarded the the fragment [ fragment_index: 0 ] of the Packet [ session_id: 32 ]
2025-02-09 19:22:44 [WARN] [rustastic_drone::drone] └─>[33m!!![0m Fragment was added to the [ Drone 3 ] buffer
2025-02-09 19:22:44 [INFO] [rustastic_drone::drone] [32m✓[0m [ Drone 3 ]: was sent a Fragment { index: 1 out of 1, data: 0x7b225479706552657175657374223a7b2266726f... + other 7 bytes } packet to [ Drone 10 ]
2025-02-09 19:22:44 [INFO] [rustastic_drone::drone] [32m✓[0m [ Drone 3 ]: has received the packet Packet { routing_header: SourceRoutingHeader { hop_index: 1, hops: [15, 3, 12] }, session_id: 12, pack_type: MsgFragment(Fragment { fragment_index: 0, total_n_fragments: 1, length: 71, data: [123, 34, 84, 121, 112, 101, 82, 101, 115, 112, 111, 110, 115, 101, 34, 58, 123, 34, 101, 100, 103, 101, 95, 116, 121, 112, 101, 34, 58, 123, 34, 83, 101, 114, 118, 101, 114, 34, 58, 123, 34, 67, 111, 110, 116, 101, 110, 116, 34, 58, 34, 77, 101, 100, 105, 97, 34, 125, 125, 44, 34, 102, 114, 111, 109, 34, 58, 49, 53, 125, 125, 0, 0, 0, 0, 0, 0, 0, 0, 0, 0, 0, 0, 0, 0, 0, 0, 0, 0, 0, 0, 0, 0, 0, 0, 0, 0, 0, 0, 0, 0, 0, 0, 0, 0, 0, 0, 0, 0, 0, 0, 0, 0, 0, 0, 0, 0, 0, 0, 0, 0, 0, 0, 0, 0, 0, 0, 0] }) }
2025-02-09 19:22:44 [INFO] [rustastic_drone::drone] [32m✓[0m Packet with [ session_id: 12 ] is being handled from [ Drone 3 ]
2025-02-09 19:22:44 [INFO] [rustastic_drone::drone] [32m✓[0m [ Drone 3 ]: forwarded the the fragment [ fragment_index: 0 ] of the Packet [ session_id: 12 ]
2025-02-09 19:22:44 [WARN] [rustastic_drone::drone] └─>[33m!!![0m Fragment was added to the [ Drone 3 ] buffer
2025-02-09 19:22:44 [INFO] [rustastic_drone::drone] [32m✓[0m [ Drone 3 ]: was sent a Fragment { index: 1 out of 1, data: 0x7b2254797065526573706f6e7365223a7b226564... + other 51 bytes } packet to [ Drone 12 ]
2025-02-09 19:22:44 [INFO] [rustastic_drone::drone] [32m✓[0m [ Drone 3 ]: has received the packet Packet { routing_header: SourceRoutingHeader { hop_index: 1, hops: [12, 3, 15, 8, 0] }, session_id: 59, pack_type: MsgFragment(Fragment { fragment_index: 0, total_n_fragments: 1, length: 27, data: [123, 34, 84, 121, 112, 101, 82, 101, 113, 117, 101, 115, 116, 34, 58, 123, 34, 102, 114, 111, 109, 34, 58, 49, 50, 125, 125, 0, 0, 0, 0, 0, 0, 0, 0, 0, 0, 0, 0, 0, 0, 0, 0, 0, 0, 0, 0, 0, 0, 0, 0, 0, 0, 0, 0, 0, 0, 0, 0, 0, 0, 0, 0, 0, 0, 0, 0, 0, 0, 0, 0, 0, 0, 0, 0, 0, 0, 0, 0, 0, 0, 0, 0, 0, 0, 0, 0, 0, 0, 0, 0, 0, 0, 0, 0, 0, 0, 0, 0, 0, 0, 0, 0, 0, 0, 0, 0, 0, 0, 0, 0, 0, 0, 0, 0, 0, 0, 0, 0, 0, 0, 0, 0, 0, 0, 0, 0, 0] }) }
2025-02-09 19:22:44 [INFO] [rustastic_drone::drone] [32m✓[0m Packet with [ session_id: 59 ] is being handled from [ Drone 3 ]
2025-02-09 19:22:44 [INFO] [rustastic_drone::drone] [32m✓[0m [ Drone 3 ]: forwarded the the fragment [ fragment_index: 0 ] of the Packet [ session_id: 59 ]
2025-02-09 19:22:44 [WARN] [rustastic_drone::drone] └─>[33m!!![0m Fragment was added to the [ Drone 3 ] buffer
2025-02-09 19:22:44 [INFO] [rustastic_drone::drone] [32m✓[0m [ Drone 3 ]: was sent a Fragment { index: 1 out of 1, data: 0x7b225479706552657175657374223a7b2266726f... + other 7 bytes } packet to [ Drone 15 ]
2025-02-09 19:22:44 [INFO] [rustastic_drone::drone] [32m✓[0m [ Drone 3 ]: has received the packet Packet { routing_header: SourceRoutingHeader { hop_index: 3, hops: [0, 8, 15, 3, 12] }, session_id: 30, pack_type: MsgFragment(Fragment { fragment_index: 0, total_n_fragments: 1, length: 26, data: [123, 34, 84, 121, 112, 101, 82, 101, 113, 117, 101, 115, 116, 34, 58, 123, 34, 102, 114, 111, 109, 34, 58, 48, 125, 125, 0, 0, 0, 0, 0, 0, 0, 0, 0, 0, 0, 0, 0, 0, 0, 0, 0, 0, 0, 0, 0, 0, 0, 0, 0, 0, 0, 0, 0, 0, 0, 0, 0, 0, 0, 0, 0, 0, 0, 0, 0, 0, 0, 0, 0, 0, 0, 0, 0, 0, 0, 0, 0, 0, 0, 0, 0, 0, 0, 0, 0, 0, 0, 0, 0, 0, 0, 0, 0, 0, 0, 0, 0, 0, 0, 0, 0, 0, 0, 0, 0, 0, 0, 0, 0, 0, 0, 0, 0, 0, 0, 0, 0, 0, 0, 0, 0, 0, 0, 0, 0, 0] }) }
2025-02-09 19:22:44 [INFO] [rustastic_drone::drone] [32m✓[0m Packet with [ session_id: 30 ] is being handled from [ Drone 3 ]
2025-02-09 19:22:44 [INFO] [rustastic_drone::drone] [32m✓[0m [ Drone 3 ]: forwarded the the fragment [ fragment_index: 0 ] of the Packet [ session_id: 30 ]
2025-02-09 19:22:44 [WARN] [rustastic_drone::drone] └─>[33m!!![0m Fragment was added to the [ Drone 3 ] buffer
2025-02-09 19:22:44 [INFO] [rustastic_drone::drone] [32m✓[0m [ Drone 3 ]: was sent a Fragment { index: 1 out of 1, data: 0x7b225479706552657175657374223a7b2266726f... + other 6 bytes } packet to [ Drone 12 ]
2025-02-09 19:22:44 [INFO] [rustastic_drone::drone] [32m✓[0m [ Drone 3 ]: has received the packet Packet { routing_header: SourceRoutingHeader { hop_index: 1, hops: [12, 3, 15] }, session_id: 12, pack_type: Ack(Ack { fragment_index: 0 }) }
2025-02-09 19:22:44 [INFO] [rustastic_drone::drone] [32m✓[0m Packet with [ session_id: 12 ] is being handled from [ Drone 3 ]
2025-02-09 19:22:44 [INFO] [rustastic_drone::drone] [34mi[0m [ Drone 3 ]: received a Ack(0)
2025-02-09 19:22:44 [INFO] [rustastic_drone::drone] [32m✓[0m [ Drone 3 ]: was sent a Ack(0) packet to [ Drone 15 ]
2025-02-09 19:22:44 [INFO] [rustastic_drone::drone] [32m✓[0m [ Drone 3 ]: has received the packet Packet { routing_header: SourceRoutingHeader { hop_index: 1, hops: [10, 3, 12] }, session_id: 32, pack_type: Ack(Ack { fragment_index: 0 }) }
2025-02-09 19:22:44 [INFO] [rustastic_drone::drone] [32m✓[0m Packet with [ session_id: 32 ] is being handled from [ Drone 3 ]
2025-02-09 19:22:44 [INFO] [rustastic_drone::drone] [34mi[0m [ Drone 3 ]: received a Ack(0)
2025-02-09 19:22:44 [INFO] [rustastic_drone::drone] [32m✓[0m [ Drone 3 ]: was sent a Ack(0) packet to [ Drone 12 ]
2025-02-09 19:22:44 [INFO] [rustastic_drone::drone] [32m✓[0m [ Drone 3 ]: has received the packet Packet { routing_header: SourceRoutingHeader { hop_index: 1, hops: [10, 3, 12] }, session_id: 56, pack_type: MsgFragment(Fragment { fragment_index: 0, total_n_fragments: 1, length: 64, data: [123, 34, 84, 121, 112, 101, 82, 101, 115, 112, 111, 110, 115, 101, 34, 58, 123, 34, 101, 100, 103, 101, 95, 116, 121, 112, 101, 34, 58, 123, 34, 67, 108, 105, 101, 110, 116, 34, 58, 34, 87, 101, 98, 66, 114, 111, 119, 115, 101, 114, 34, 125, 44, 34, 102, 114, 111, 109, 34, 58, 49, 48, 125, 125, 0, 0, 0, 0, 0, 0, 0, 0, 0, 0, 0, 0, 0, 0, 0, 0, 0, 0, 0, 0, 0, 0, 0, 0, 0, 0, 0, 0, 0, 0, 0, 0, 0, 0, 0, 0, 0, 0, 0, 0, 0, 0, 0, 0, 0, 0, 0, 0, 0, 0, 0, 0, 0, 0, 0, 0, 0, 0, 0, 0, 0, 0, 0, 0] }) }
2025-02-09 19:22:44 [INFO] [rustastic_drone::drone] [32m✓[0m Packet with [ session_id: 56 ] is being handled from [ Drone 3 ]
2025-02-09 19:22:44 [INFO] [rustastic_drone::drone] [32m✓[0m [ Drone 3 ]: forwarded the the fragment [ fragment_index: 0 ] of the Packet [ session_id: 56 ]
2025-02-09 19:22:44 [WARN] [rustastic_drone::drone] └─>[33m!!![0m Fragment was added to the [ Drone 3 ] buffer
2025-02-09 19:22:44 [INFO] [rustastic_drone::drone] [32m✓[0m [ Drone 3 ]: was sent a Fragment { index: 1 out of 1, data: 0x7b2254797065526573706f6e7365223a7b226564... + other 44 bytes } packet to [ Drone 12 ]
2025-02-09 19:22:44 [INFO] [rustastic_drone::drone] [32m✓[0m [ Drone 3 ]: has received the packet Packet { routing_header: SourceRoutingHeader { hop_index: 3, hops: [0, 8, 15, 3, 12] }, session_id: 59, pack_type: Ack(Ack { fragment_index: 0 }) }
2025-02-09 19:22:44 [INFO] [rustastic_drone::drone] [32m✓[0m Packet with [ session_id: 59 ] is being handled from [ Drone 3 ]
2025-02-09 19:22:44 [INFO] [rustastic_drone::drone] [34mi[0m [ Drone 3 ]: received a Ack(0)
2025-02-09 19:22:44 [INFO] [rustastic_drone::drone] [32m✓[0m [ Drone 3 ]: was sent a Ack(0) packet to [ Drone 12 ]
2025-02-09 19:22:44 [INFO] [rustastic_drone::drone] [32m✓[0m [ Drone 3 ]: has received the packet Packet { routing_header: SourceRoutingHeader { hop_index: 3, hops: [0, 8, 15, 3, 12] }, session_id: 58, pack_type: MsgFragment(Fragment { fragment_index: 0, total_n_fragments: 1, length: 63, data: [123, 34, 84, 121, 112, 101, 82, 101, 115, 112, 111, 110, 115, 101, 34, 58, 123, 34, 101, 100, 103, 101, 95, 116, 121, 112, 101, 34, 58, 123, 34, 67, 108, 105, 101, 110, 116, 34, 58, 34, 87, 101, 98, 66, 114, 111, 119, 115, 101, 114, 34, 125, 44, 34, 102, 114, 111, 109, 34, 58, 48, 125, 125, 0, 0, 0, 0, 0, 0, 0, 0, 0, 0, 0, 0, 0, 0, 0, 0, 0, 0, 0, 0, 0, 0, 0, 0, 0, 0, 0, 0, 0, 0, 0, 0, 0, 0, 0, 0, 0, 0, 0, 0, 0, 0, 0, 0, 0, 0, 0, 0, 0, 0, 0, 0, 0, 0, 0, 0, 0, 0, 0, 0, 0, 0, 0, 0, 0] }) }
2025-02-09 19:22:44 [INFO] [rustastic_drone::drone] [32m✓[0m Packet with [ session_id: 58 ] is being handled from [ Drone 3 ]
2025-02-09 19:22:44 [INFO] [rustastic_drone::drone] [32m✓[0m [ Drone 3 ]: forwarded the the fragment [ fragment_index: 0 ] of the Packet [ session_id: 58 ]
2025-02-09 19:22:44 [WARN] [rustastic_drone::drone] └─>[33m!!![0m Fragment was added to the [ Drone 3 ] buffer
2025-02-09 19:22:44 [INFO] [rustastic_drone::drone] [32m✓[0m [ Drone 3 ]: was sent a Fragment { index: 1 out of 1, data: 0x7b2254797065526573706f6e7365223a7b226564... + other 43 bytes } packet to [ Drone 12 ]
2025-02-09 19:22:44 [INFO] [rustastic_drone::drone] [32m✓[0m [ Drone 3 ]: has received the packet Packet { routing_header: SourceRoutingHeader { hop_index: 3, hops: [0, 8, 15, 3, 10] }, session_id: 49, pack_type: MsgFragment(Fragment { fragment_index: 0, total_n_fragments: 1, length: 26, data: [123, 34, 84, 121, 112, 101, 82, 101, 113, 117, 101, 115, 116, 34, 58, 123, 34, 102, 114, 111, 109, 34, 58, 48, 125, 125, 0, 0, 0, 0, 0, 0, 0, 0, 0, 0, 0, 0, 0, 0, 0, 0, 0, 0, 0, 0, 0, 0, 0, 0, 0, 0, 0, 0, 0, 0, 0, 0, 0, 0, 0, 0, 0, 0, 0, 0, 0, 0, 0, 0, 0, 0, 0, 0, 0, 0, 0, 0, 0, 0, 0, 0, 0, 0, 0, 0, 0, 0, 0, 0, 0, 0, 0, 0, 0, 0, 0, 0, 0, 0, 0, 0, 0, 0, 0, 0, 0, 0, 0, 0, 0, 0, 0, 0, 0, 0, 0, 0, 0, 0, 0, 0, 0, 0, 0, 0, 0, 0] }) }
2025-02-09 19:22:44 [INFO] [rustastic_drone::drone] [32m✓[0m Packet with [ session_id: 49 ] is being handled from [ Drone 3 ]
2025-02-09 19:22:44 [INFO] [rustastic_drone::drone] [32m✓[0m [ Drone 3 ]: forwarded the the fragment [ fragment_index: 0 ] of the Packet [ session_id: 49 ]
2025-02-09 19:22:44 [WARN] [rustastic_drone::drone] └─>[33m!!![0m Fragment was added to the [ Drone 3 ] buffer
2025-02-09 19:22:44 [INFO] [rustastic_drone::drone] [32m✓[0m [ Drone 3 ]: was sent a Fragment { index: 1 out of 1, data: 0x7b225479706552657175657374223a7b2266726f... + other 6 bytes } packet to [ Drone 10 ]
2025-02-09 19:22:44 [INFO] [rustastic_drone::drone] [32m✓[0m [ Drone 3 ]: has received the packet Packet { routing_header: SourceRoutingHeader { hop_index: 1, hops: [12, 3, 15, 8, 0] }, session_id: 30, pack_type: Ack(Ack { fragment_index: 0 }) }
2025-02-09 19:22:44 [INFO] [rustastic_drone::drone] [32m✓[0m Packet with [ session_id: 30 ] is being handled from [ Drone 3 ]
2025-02-09 19:22:44 [INFO] [rustastic_drone::drone] [34mi[0m [ Drone 3 ]: received a Ack(0)
2025-02-09 19:22:44 [INFO] [rustastic_drone::drone] [32m✓[0m [ Drone 3 ]: was sent a Ack(0) packet to [ Drone 15 ]
2025-02-09 19:22:44 [INFO] [rustastic_drone::drone] [32m✓[0m [ Drone 3 ]: has received the packet Packet { routing_header: SourceRoutingHeader { hop_index: 1, hops: [12, 3, 15, 8, 0] }, session_id: 46, pack_type: MsgFragment(Fragment { fragment_index: 0, total_n_fragments: 1, length: 64, data: [123, 34, 84, 121, 112, 101, 82, 101, 115, 112, 111, 110, 115, 101, 34, 58, 123, 34, 101, 100, 103, 101, 95, 116, 121, 112, 101, 34, 58, 123, 34, 67, 108, 105, 101, 110, 116, 34, 58, 34, 87, 101, 98, 66, 114, 111, 119, 115, 101, 114, 34, 125, 44, 34, 102, 114, 111, 109, 34, 58, 49, 50, 125, 125, 0, 0, 0, 0, 0, 0, 0, 0, 0, 0, 0, 0, 0, 0, 0, 0, 0, 0, 0, 0, 0, 0, 0, 0, 0, 0, 0, 0, 0, 0, 0, 0, 0, 0, 0, 0, 0, 0, 0, 0, 0, 0, 0, 0, 0, 0, 0, 0, 0, 0, 0, 0, 0, 0, 0, 0, 0, 0, 0, 0, 0, 0, 0, 0] }) }
2025-02-09 19:22:44 [INFO] [rustastic_drone::drone] [32m✓[0m Packet with [ session_id: 46 ] is being handled from [ Drone 3 ]
2025-02-09 19:22:44 [INFO] [rustastic_drone::drone] [32m✓[0m [ Drone 3 ]: forwarded the the fragment [ fragment_index: 0 ] of the Packet [ session_id: 46 ]
2025-02-09 19:22:44 [WARN] [rustastic_drone::drone] └─>[33m!!![0m Fragment was added to the [ Drone 3 ] buffer
2025-02-09 19:22:44 [INFO] [rustastic_drone::drone] [32m✓[0m [ Drone 3 ]: was sent a Fragment { index: 1 out of 1, data: 0x7b2254797065526573706f6e7365223a7b226564... + other 44 bytes } packet to [ Drone 15 ]
2025-02-09 19:22:44 [INFO] [rustastic_drone::drone] [32m✓[0m [ Drone 3 ]: has received the packet Packet { routing_header: SourceRoutingHeader { hop_index: 1, hops: [12, 3, 10] }, session_id: 56, pack_type: Ack(Ack { fragment_index: 0 }) }
2025-02-09 19:22:44 [INFO] [rustastic_drone::drone] [32m✓[0m Packet with [ session_id: 56 ] is being handled from [ Drone 3 ]
2025-02-09 19:22:44 [INFO] [rustastic_drone::drone] [34mi[0m [ Drone 3 ]: received a Ack(0)
2025-02-09 19:22:44 [INFO] [rustastic_drone::drone] [32m✓[0m [ Drone 3 ]: was sent a Ack(0) packet to [ Drone 10 ]
2025-02-09 19:22:44 [INFO] [rustastic_drone::drone] [32m✓[0m [ Drone 3 ]: has received the packet Packet { routing_header: SourceRoutingHeader { hop_index: 1, hops: [12, 3, 15, 8, 0] }, session_id: 58, pack_type: Ack(Ack { fragment_index: 0 }) }
2025-02-09 19:22:44 [INFO] [rustastic_drone::drone] [32m✓[0m Packet with [ session_id: 58 ] is being handled from [ Drone 3 ]
2025-02-09 19:22:44 [INFO] [rustastic_drone::drone] [34mi[0m [ Drone 3 ]: received a Ack(0)
2025-02-09 19:22:44 [INFO] [rustastic_drone::drone] [32m✓[0m [ Drone 3 ]: was sent a Ack(0) packet to [ Drone 15 ]
2025-02-09 19:22:44 [INFO] [rustastic_drone::drone] [32m✓[0m [ Drone 3 ]: has received the packet Packet { routing_header: SourceRoutingHeader { hop_index: 1, hops: [10, 3, 15, 8, 0] }, session_id: 49, pack_type: Ack(Ack { fragment_index: 0 }) }
2025-02-09 19:22:44 [INFO] [rustastic_drone::drone] [32m✓[0m Packet with [ session_id: 49 ] is being handled from [ Drone 3 ]
2025-02-09 19:22:44 [INFO] [rustastic_drone::drone] [34mi[0m [ Drone 3 ]: received a Ack(0)
2025-02-09 19:22:44 [INFO] [rustastic_drone::drone] [32m✓[0m [ Drone 3 ]: was sent a Ack(0) packet to [ Drone 15 ]
2025-02-09 19:22:44 [INFO] [getdroned::get_droned] Drone 7 received a packet: Packet { routing_header: SourceRoutingHeader { hop_index: 1, hops: [10, 7, 4, 1, 0] }, session_id: 22, pack_type: MsgFragment(Fragment { fragment_index: 0, total_n_fragments: 1, length: 64, data: [123, 34, 84, 121, 112, 101, 82, 101, 115, 112, 111, 110, 115, 101, 34, 58, 123, 34, 101, 100, 103, 101, 95, 116, 121, 112, 101, 34, 58, 123, 34, 67, 108, 105, 101, 110, 116, 34, 58, 34, 87, 101, 98, 66, 114, 111, 119, 115, 101, 114, 34, 125, 44, 34, 102, 114, 111, 109, 34, 58, 49, 48, 125, 125, 0, 0, 0, 0, 0, 0, 0, 0, 0, 0, 0, 0, 0, 0, 0, 0, 0, 0, 0, 0, 0, 0, 0, 0, 0, 0, 0, 0, 0, 0, 0, 0, 0, 0, 0, 0, 0, 0, 0, 0, 0, 0, 0, 0, 0, 0, 0, 0, 0, 0, 0, 0, 0, 0, 0, 0, 0, 0, 0, 0, 0, 0, 0, 0] }) }
2025-02-09 19:22:44 [INFO] [rust_do_it::drone] Drone 4 received packet Packet { routing_header: SourceRoutingHeader { hop_index: 2, hops: [10, 7, 4, 1, 0] }, session_id: 22, pack_type: MsgFragment(Fragment { fragment_index: 0, total_n_fragments: 1, length: 64, data: [123, 34, 84, 121, 112, 101, 82, 101, 115, 112, 111, 110, 115, 101, 34, 58, 123, 34, 101, 100, 103, 101, 95, 116, 121, 112, 101, 34, 58, 123, 34, 67, 108, 105, 101, 110, 116, 34, 58, 34, 87, 101, 98, 66, 114, 111, 119, 115, 101, 114, 34, 125, 44, 34, 102, 114, 111, 109, 34, 58, 49, 48, 125, 125, 0, 0, 0, 0, 0, 0, 0, 0, 0, 0, 0, 0, 0, 0, 0, 0, 0, 0, 0, 0, 0, 0, 0, 0, 0, 0, 0, 0, 0, 0, 0, 0, 0, 0, 0, 0, 0, 0, 0, 0, 0, 0, 0, 0, 0, 0, 0, 0, 0, 0, 0, 0, 0, 0, 0, 0, 0, 0, 0, 0, 0, 0, 0, 0] }) }
2025-02-09 19:22:44 [INFO] [rust_do_it::drone] Drone 4 received packet Packet { routing_header: SourceRoutingHeader { hop_index: 1, hops: [1, 4, 7, 10] }, session_id: 22, pack_type: Nack(Nack { fragment_index: 0, nack_type: Dropped }) }
2025-02-09 19:22:44 [INFO] [getdroned::get_droned] Drone 7 received a packet: Packet { routing_header: SourceRoutingHeader { hop_index: 2, hops: [1, 4, 7, 10] }, session_id: 22, pack_type: Nack(Nack { fragment_index: 0, nack_type: Dropped }) }
2025-02-09 19:22:44 [INFO] [rustastic_drone::drone] [32m✓[0m [ Drone 3 ]: has received the packet Packet { routing_header: SourceRoutingHeader { hop_index: 3, hops: [0, 8, 15, 3, 12] }, session_id: 46, pack_type: Ack(Ack { fragment_index: 0 }) }
2025-02-09 19:22:44 [INFO] [rustastic_drone::drone] [32m✓[0m Packet with [ session_id: 46 ] is being handled from [ Drone 3 ]
2025-02-09 19:22:44 [INFO] [rustastic_drone::drone] [34mi[0m [ Drone 3 ]: received a Ack(0)
2025-02-09 19:22:44 [INFO] [rustastic_drone::drone] [32m✓[0m [ Drone 3 ]: was sent a Ack(0) packet to [ Drone 12 ]
2025-02-09 19:22:44 [INFO] [rustastic_drone::drone] [32m✓[0m [ Drone 3 ]: has received the packet Packet { routing_header: SourceRoutingHeader { hop_index: 1, hops: [10, 3, 15, 8, 0] }, session_id: 22, pack_type: MsgFragment(Fragment { fragment_index: 0, total_n_fragments: 1, length: 64, data: [123, 34, 84, 121, 112, 101, 82, 101, 115, 112, 111, 110, 115, 101, 34, 58, 123, 34, 101, 100, 103, 101, 95, 116, 121, 112, 101, 34, 58, 123, 34, 67, 108, 105, 101, 110, 116, 34, 58, 34, 87, 101, 98, 66, 114, 111, 119, 115, 101, 114, 34, 125, 44, 34, 102, 114, 111, 109, 34, 58, 49, 48, 125, 125, 0, 0, 0, 0, 0, 0, 0, 0, 0, 0, 0, 0, 0, 0, 0, 0, 0, 0, 0, 0, 0, 0, 0, 0, 0, 0, 0, 0, 0, 0, 0, 0, 0, 0, 0, 0, 0, 0, 0, 0, 0, 0, 0, 0, 0, 0, 0, 0, 0, 0, 0, 0, 0, 0, 0, 0, 0, 0, 0, 0, 0, 0, 0, 0] }) }
2025-02-09 19:22:44 [INFO] [rustastic_drone::drone] [32m✓[0m Packet with [ session_id: 22 ] is being handled from [ Drone 3 ]
2025-02-09 19:22:44 [INFO] [rustastic_drone::drone] [32m✓[0m [ Drone 3 ]: forwarded the the fragment [ fragment_index: 0 ] of the Packet [ session_id: 22 ]
2025-02-09 19:22:44 [WARN] [rustastic_drone::drone] └─>[33m!!![0m Fragment was added to the [ Drone 3 ] buffer
2025-02-09 19:22:44 [INFO] [rustastic_drone::drone] [32m✓[0m [ Drone 3 ]: was sent a Fragment { index: 1 out of 1, data: 0x7b2254797065526573706f6e7365223a7b226564... + other 44 bytes } packet to [ Drone 15 ]
2025-02-09 19:22:44 [INFO] [rustastic_drone::drone] [32m✓[0m [ Drone 3 ]: has received the packet Packet { routing_header: SourceRoutingHeader { hop_index: 3, hops: [0, 8, 15, 3, 10] }, session_id: 22, pack_type: Ack(Ack { fragment_index: 0 }) }
2025-02-09 19:22:44 [INFO] [rustastic_drone::drone] [32m✓[0m Packet with [ session_id: 22 ] is being handled from [ Drone 3 ]
2025-02-09 19:22:44 [INFO] [rustastic_drone::drone] [34mi[0m [ Drone 3 ]: received a Ack(0)
2025-02-09 19:22:44 [INFO] [rustastic_drone::drone] [32m✓[0m [ Drone 3 ]: was sent a Ack(0) packet to [ Drone 10 ]
2025-02-09 19:22:45 [INFO] [rustastic_drone::drone] [32m✓[0m [ Drone 3 ]: has received the packet Packet { routing_header: SourceRoutingHeader { hop_index: 2, hops: [11, 6, 3, 10] }, session_id: 27, pack_type: MsgFragment(Fragment { fragment_index: 0, total_n_fragments: 1, length: 27, data: [123, 34, 84, 121, 112, 101, 82, 101, 113, 117, 101, 115, 116, 34, 58, 123, 34, 102, 114, 111, 109, 34, 58, 49, 49, 125, 125, 0, 0, 0, 0, 0, 0, 0, 0, 0, 0, 0, 0, 0, 0, 0, 0, 0, 0, 0, 0, 0, 0, 0, 0, 0, 0, 0, 0, 0, 0, 0, 0, 0, 0, 0, 0, 0, 0, 0, 0, 0, 0, 0, 0, 0, 0, 0, 0, 0, 0, 0, 0, 0, 0, 0, 0, 0, 0, 0, 0, 0, 0, 0, 0, 0, 0, 0, 0, 0, 0, 0, 0, 0, 0, 0, 0, 0, 0, 0, 0, 0, 0, 0, 0, 0, 0, 0, 0, 0, 0, 0, 0, 0, 0, 0, 0, 0, 0, 0, 0, 0] }) }
2025-02-09 19:22:45 [INFO] [rustastic_drone::drone] [32m✓[0m Packet with [ session_id: 27 ] is being handled from [ Drone 3 ]
2025-02-09 19:22:45 [INFO] [rustastic_drone::drone] [32m✓[0m [ Drone 3 ]: forwarded the the fragment [ fragment_index: 0 ] of the Packet [ session_id: 27 ]
2025-02-09 19:22:45 [WARN] [rustastic_drone::drone] └─>[33m!!![0m Fragment was added to the [ Drone 3 ] buffer
2025-02-09 19:22:45 [INFO] [rustastic_drone::drone] [32m✓[0m [ Drone 3 ]: was sent a Fragment { index: 1 out of 1, data: 0x7b225479706552657175657374223a7b2266726f... + other 7 bytes } packet to [ Drone 10 ]
2025-02-09 19:22:45 [INFO] [rustastic_drone::drone] [32m✓[0m [ Drone 3 ]: has received the packet Packet { routing_header: SourceRoutingHeader { hop_index: 1, hops: [10, 3, 6, 11] }, session_id: 27, pack_type: Ack(Ack { fragment_index: 0 }) }
2025-02-09 19:22:45 [INFO] [rustastic_drone::drone] [32m✓[0m Packet with [ session_id: 27 ] is being handled from [ Drone 3 ]
2025-02-09 19:22:45 [INFO] [rustastic_drone::drone] [34mi[0m [ Drone 3 ]: received a Ack(0)
2025-02-09 19:22:45 [INFO] [rustastic_drone::drone] [32m✓[0m [ Drone 3 ]: was sent a Ack(0) packet to [ Drone 6 ]
2025-02-09 19:22:45 [INFO] [rustastic_drone::drone] [32m✓[0m [ Drone 3 ]: has received the packet Packet { routing_header: SourceRoutingHeader { hop_index: 1, hops: [10, 3, 6, 11] }, session_id: 30, pack_type: MsgFragment(Fragment { fragment_index: 0, total_n_fragments: 1, length: 64, data: [123, 34, 84, 121, 112, 101, 82, 101, 115, 112, 111, 110, 115, 101, 34, 58, 123, 34, 101, 100, 103, 101, 95, 116, 121, 112, 101, 34, 58, 123, 34, 67, 108, 105, 101, 110, 116, 34, 58, 34, 87, 101, 98, 66, 114, 111, 119, 115, 101, 114, 34, 125, 44, 34, 102, 114, 111, 109, 34, 58, 49, 48, 125, 125, 0, 0, 0, 0, 0, 0, 0, 0, 0, 0, 0, 0, 0, 0, 0, 0, 0, 0, 0, 0, 0, 0, 0, 0, 0, 0, 0, 0, 0, 0, 0, 0, 0, 0, 0, 0, 0, 0, 0, 0, 0, 0, 0, 0, 0, 0, 0, 0, 0, 0, 0, 0, 0, 0, 0, 0, 0, 0, 0, 0, 0, 0, 0, 0] }) }
2025-02-09 19:22:45 [INFO] [rustastic_drone::drone] [32m✓[0m Packet with [ session_id: 30 ] is being handled from [ Drone 3 ]
2025-02-09 19:22:45 [INFO] [rustastic_drone::drone] [32m✓[0m [ Drone 3 ]: forwarded the the fragment [ fragment_index: 0 ] of the Packet [ session_id: 30 ]
2025-02-09 19:22:45 [WARN] [rustastic_drone::drone] └─>[33m!!![0m Fragment was added to the [ Drone 3 ] buffer
2025-02-09 19:22:45 [INFO] [rustastic_drone::drone] [32m✓[0m [ Drone 3 ]: was sent a Fragment { index: 1 out of 1, data: 0x7b2254797065526573706f6e7365223a7b226564... + other 44 bytes } packet to [ Drone 6 ]
2025-02-09 19:22:45 [INFO] [rustastic_drone::drone] [32m✓[0m [ Drone 3 ]: has received the packet Packet { routing_header: SourceRoutingHeader { hop_index: 2, hops: [11, 6, 3, 10] }, session_id: 30, pack_type: Ack(Ack { fragment_index: 0 }) }
2025-02-09 19:22:45 [INFO] [rustastic_drone::drone] [32m✓[0m Packet with [ session_id: 30 ] is being handled from [ Drone 3 ]
2025-02-09 19:22:45 [INFO] [rustastic_drone::drone] [34mi[0m [ Drone 3 ]: received a Ack(0)
2025-02-09 19:22:45 [INFO] [rustastic_drone::drone] [32m✓[0m [ Drone 3 ]: was sent a Ack(0) packet to [ Drone 10 ]
2025-02-09 19:22:45 [INFO] [rustastic_drone::drone] [32m✓[0m [ Drone 3 ]: has received the packet Packet { routing_header: SourceRoutingHeader { hop_index: 1, hops: [10, 3, 15] }, session_id: 56, pack_type: MsgFragment(Fragment { fragment_index: 0, total_n_fragments: 1, length: 27, data: [123, 34, 84, 121, 112, 101, 82, 101, 113, 117, 101, 115, 116, 34, 58, 123, 34, 102, 114, 111, 109, 34, 58, 49, 48, 125, 125, 0, 0, 0, 0, 0, 0, 0, 0, 0, 0, 0, 0, 0, 0, 0, 0, 0, 0, 0, 0, 0, 0, 0, 0, 0, 0, 0, 0, 0, 0, 0, 0, 0, 0, 0, 0, 0, 0, 0, 0, 0, 0, 0, 0, 0, 0, 0, 0, 0, 0, 0, 0, 0, 0, 0, 0, 0, 0, 0, 0, 0, 0, 0, 0, 0, 0, 0, 0, 0, 0, 0, 0, 0, 0, 0, 0, 0, 0, 0, 0, 0, 0, 0, 0, 0, 0, 0, 0, 0, 0, 0, 0, 0, 0, 0, 0, 0, 0, 0, 0, 0] }) }
2025-02-09 19:22:45 [INFO] [rustastic_drone::drone] [32m✓[0m Packet with [ session_id: 56 ] is being handled from [ Drone 3 ]
2025-02-09 19:22:45 [INFO] [rustastic_drone::drone] [32m✓[0m [ Drone 3 ]: forwarded the the fragment [ fragment_index: 0 ] of the Packet [ session_id: 56 ]
2025-02-09 19:22:45 [WARN] [rustastic_drone::drone] └─>[33m!!![0m Fragment was added to the [ Drone 3 ] buffer
2025-02-09 19:22:45 [INFO] [rustastic_drone::drone] [32m✓[0m [ Drone 3 ]: was sent a Fragment { index: 1 out of 1, data: 0x7b225479706552657175657374223a7b2266726f... + other 7 bytes } packet to [ Drone 15 ]
2025-02-09 19:22:45 [INFO] [rustastic_drone::drone] [32m✓[0m [ Drone 3 ]: has received the packet Packet { routing_header: SourceRoutingHeader { hop_index: 1, hops: [15, 3, 10] }, session_id: 56, pack_type: Ack(Ack { fragment_index: 0 }) }
2025-02-09 19:22:45 [INFO] [rustastic_drone::drone] [32m✓[0m Packet with [ session_id: 56 ] is being handled from [ Drone 3 ]
2025-02-09 19:22:45 [INFO] [rustastic_drone::drone] [34mi[0m [ Drone 3 ]: received a Ack(0)
2025-02-09 19:22:45 [INFO] [rustastic_drone::drone] [32m✓[0m [ Drone 3 ]: was sent a Ack(0) packet to [ Drone 10 ]
2025-02-09 19:22:45 [INFO] [rustastic_drone::drone] [32m✓[0m [ Drone 3 ]: has received the packet Packet { routing_header: SourceRoutingHeader { hop_index: 1, hops: [10, 3, 12] }, session_id: 44, pack_type: MsgFragment(Fragment { fragment_index: 0, total_n_fragments: 1, length: 27, data: [123, 34, 84, 121, 112, 101, 82, 101, 113, 117, 101, 115, 116, 34, 58, 123, 34, 102, 114, 111, 109, 34, 58, 49, 48, 125, 125, 0, 0, 0, 0, 0, 0, 0, 0, 0, 0, 0, 0, 0, 0, 0, 0, 0, 0, 0, 0, 0, 0, 0, 0, 0, 0, 0, 0, 0, 0, 0, 0, 0, 0, 0, 0, 0, 0, 0, 0, 0, 0, 0, 0, 0, 0, 0, 0, 0, 0, 0, 0, 0, 0, 0, 0, 0, 0, 0, 0, 0, 0, 0, 0, 0, 0, 0, 0, 0, 0, 0, 0, 0, 0, 0, 0, 0, 0, 0, 0, 0, 0, 0, 0, 0, 0, 0, 0, 0, 0, 0, 0, 0, 0, 0, 0, 0, 0, 0, 0, 0] }) }
2025-02-09 19:22:45 [INFO] [rustastic_drone::drone] [32m✓[0m Packet with [ session_id: 44 ] is being handled from [ Drone 3 ]
2025-02-09 19:22:45 [INFO] [rustastic_drone::drone] [32m✓[0m [ Drone 3 ]: forwarded the the fragment [ fragment_index: 0 ] of the Packet [ session_id: 44 ]
2025-02-09 19:22:45 [WARN] [rustastic_drone::drone] └─>[33m!!![0m Fragment was added to the [ Drone 3 ] buffer
2025-02-09 19:22:45 [INFO] [rustastic_drone::drone] [32m✓[0m [ Drone 3 ]: was sent a Fragment { index: 1 out of 1, data: 0x7b225479706552657175657374223a7b2266726f... + other 7 bytes } packet to [ Drone 12 ]
2025-02-09 19:22:45 [INFO] [rustastic_drone::drone] [32m✓[0m [ Drone 3 ]: has received the packet Packet { routing_header: SourceRoutingHeader { hop_index: 1, hops: [15, 3, 10] }, session_id: 14, pack_type: MsgFragment(Fragment { fragment_index: 0, total_n_fragments: 1, length: 71, data: [123, 34, 84, 121, 112, 101, 82, 101, 115, 112, 111, 110, 115, 101, 34, 58, 123, 34, 101, 100, 103, 101, 95, 116, 121, 112, 101, 34, 58, 123, 34, 83, 101, 114, 118, 101, 114, 34, 58, 123, 34, 67, 111, 110, 116, 101, 110, 116, 34, 58, 34, 77, 101, 100, 105, 97, 34, 125, 125, 44, 34, 102, 114, 111, 109, 34, 58, 49, 53, 125, 125, 0, 0, 0, 0, 0, 0, 0, 0, 0, 0, 0, 0, 0, 0, 0, 0, 0, 0, 0, 0, 0, 0, 0, 0, 0, 0, 0, 0, 0, 0, 0, 0, 0, 0, 0, 0, 0, 0, 0, 0, 0, 0, 0, 0, 0, 0, 0, 0, 0, 0, 0, 0, 0, 0, 0, 0, 0] }) }
2025-02-09 19:22:45 [INFO] [rustastic_drone::drone] [32m✓[0m Packet with [ session_id: 14 ] is being handled from [ Drone 3 ]
2025-02-09 19:22:45 [INFO] [rustastic_drone::drone] [32m✓[0m [ Drone 3 ]: forwarded the the fragment [ fragment_index: 0 ] of the Packet [ session_id: 14 ]
2025-02-09 19:22:45 [WARN] [rustastic_drone::drone] └─>[33m!!![0m Fragment was added to the [ Drone 3 ] buffer
2025-02-09 19:22:45 [INFO] [rustastic_drone::drone] [32m✓[0m [ Drone 3 ]: was sent a Fragment { index: 1 out of 1, data: 0x7b2254797065526573706f6e7365223a7b226564... + other 51 bytes } packet to [ Drone 10 ]
2025-02-09 19:22:45 [INFO] [rustastic_drone::drone] [32m✓[0m [ Drone 3 ]: has received the packet Packet { routing_header: SourceRoutingHeader { hop_index: 1, hops: [10, 3, 6, 9] }, session_id: 37, pack_type: MsgFragment(Fragment { fragment_index: 0, total_n_fragments: 1, length: 27, data: [123, 34, 84, 121, 112, 101, 82, 101, 113, 117, 101, 115, 116, 34, 58, 123, 34, 102, 114, 111, 109, 34, 58, 49, 48, 125, 125, 0, 0, 0, 0, 0, 0, 0, 0, 0, 0, 0, 0, 0, 0, 0, 0, 0, 0, 0, 0, 0, 0, 0, 0, 0, 0, 0, 0, 0, 0, 0, 0, 0, 0, 0, 0, 0, 0, 0, 0, 0, 0, 0, 0, 0, 0, 0, 0, 0, 0, 0, 0, 0, 0, 0, 0, 0, 0, 0, 0, 0, 0, 0, 0, 0, 0, 0, 0, 0, 0, 0, 0, 0, 0, 0, 0, 0, 0, 0, 0, 0, 0, 0, 0, 0, 0, 0, 0, 0, 0, 0, 0, 0, 0, 0, 0, 0, 0, 0, 0, 0] }) }
2025-02-09 19:22:45 [INFO] [rustastic_drone::drone] [32m✓[0m Packet with [ session_id: 37 ] is being handled from [ Drone 3 ]
2025-02-09 19:22:45 [INFO] [rustastic_drone::drone] [32m✓[0m [ Drone 3 ]: forwarded the the fragment [ fragment_index: 0 ] of the Packet [ session_id: 37 ]
2025-02-09 19:22:45 [WARN] [rustastic_drone::drone] └─>[33m!!![0m Fragment was added to the [ Drone 3 ] buffer
2025-02-09 19:22:45 [INFO] [rustastic_drone::drone] [32m✓[0m [ Drone 3 ]: was sent a Fragment { index: 1 out of 1, data: 0x7b225479706552657175657374223a7b2266726f... + other 7 bytes } packet to [ Drone 6 ]
2025-02-09 19:22:45 [INFO] [rustastic_drone::drone] [32m✓[0m [ Drone 3 ]: has received the packet Packet { routing_header: SourceRoutingHeader { hop_index: 1, hops: [10, 3, 15, 8, 0] }, session_id: 59, pack_type: MsgFragment(Fragment { fragment_index: 0, total_n_fragments: 1, length: 27, data: [123, 34, 84, 121, 112, 101, 82, 101, 113, 117, 101, 115, 116, 34, 58, 123, 34, 102, 114, 111, 109, 34, 58, 49, 48, 125, 125, 0, 0, 0, 0, 0, 0, 0, 0, 0, 0, 0, 0, 0, 0, 0, 0, 0, 0, 0, 0, 0, 0, 0, 0, 0, 0, 0, 0, 0, 0, 0, 0, 0, 0, 0, 0, 0, 0, 0, 0, 0, 0, 0, 0, 0, 0, 0, 0, 0, 0, 0, 0, 0, 0, 0, 0, 0, 0, 0, 0, 0, 0, 0, 0, 0, 0, 0, 0, 0, 0, 0, 0, 0, 0, 0, 0, 0, 0, 0, 0, 0, 0, 0, 0, 0, 0, 0, 0, 0, 0, 0, 0, 0, 0, 0, 0, 0, 0, 0, 0, 0] }) }
2025-02-09 19:22:45 [INFO] [rustastic_drone::drone] [32m✓[0m Packet with [ session_id: 59 ] is being handled from [ Drone 3 ]
2025-02-09 19:22:45 [INFO] [rustastic_drone::drone] [32m✓[0m [ Drone 3 ]: forwarded the the fragment [ fragment_index: 0 ] of the Packet [ session_id: 59 ]
2025-02-09 19:22:45 [WARN] [rustastic_drone::drone] └─>[33m!!![0m Fragment was added to the [ Drone 3 ] buffer
2025-02-09 19:22:45 [INFO] [rustastic_drone::drone] [32m✓[0m [ Drone 3 ]: was sent a Fragment { index: 1 out of 1, data: 0x7b225479706552657175657374223a7b2266726f... + other 7 bytes } packet to [ Drone 15 ]
2025-02-09 19:22:45 [INFO] [rustastic_drone::drone] [32m✓[0m [ Drone 3 ]: has received the packet Packet { routing_header: SourceRoutingHeader { hop_index: 1, hops: [10, 3, 6, 11] }, session_id: 53, pack_type: MsgFragment(Fragment { fragment_index: 0, total_n_fragments: 1, length: 27, data: [123, 34, 84, 121, 112, 101, 82, 101, 113, 117, 101, 115, 116, 34, 58, 123, 34, 102, 114, 111, 109, 34, 58, 49, 48, 125, 125, 0, 0, 0, 0, 0, 0, 0, 0, 0, 0, 0, 0, 0, 0, 0, 0, 0, 0, 0, 0, 0, 0, 0, 0, 0, 0, 0, 0, 0, 0, 0, 0, 0, 0, 0, 0, 0, 0, 0, 0, 0, 0, 0, 0, 0, 0, 0, 0, 0, 0, 0, 0, 0, 0, 0, 0, 0, 0, 0, 0, 0, 0, 0, 0, 0, 0, 0, 0, 0, 0, 0, 0, 0, 0, 0, 0, 0, 0, 0, 0, 0, 0, 0, 0, 0, 0, 0, 0, 0, 0, 0, 0, 0, 0, 0, 0, 0, 0, 0, 0, 0] }) }
2025-02-09 19:22:45 [INFO] [rustastic_drone::drone] [32m✓[0m Packet with [ session_id: 53 ] is being handled from [ Drone 3 ]
2025-02-09 19:22:45 [INFO] [rustastic_drone::drone] [32m✓[0m [ Drone 3 ]: forwarded the the fragment [ fragment_index: 0 ] of the Packet [ session_id: 53 ]
2025-02-09 19:22:45 [WARN] [rustastic_drone::drone] └─>[33m!!![0m Fragment was added to the [ Drone 3 ] buffer
2025-02-09 19:22:45 [INFO] [rustastic_drone::drone] [32m✓[0m [ Drone 3 ]: was sent a Fragment { index: 1 out of 1, data: 0x7b225479706552657175657374223a7b2266726f... + other 7 bytes } packet to [ Drone 6 ]
2025-02-09 19:22:45 [INFO] [rustastic_drone::drone] [32m✓[0m [ Drone 3 ]: has received the packet Packet { routing_header: SourceRoutingHeader { hop_index: 1, hops: [12, 3, 10] }, session_id: 44, pack_type: Ack(Ack { fragment_index: 0 }) }
2025-02-09 19:22:45 [INFO] [rustastic_drone::drone] [32m✓[0m Packet with [ session_id: 44 ] is being handled from [ Drone 3 ]
2025-02-09 19:22:45 [INFO] [rustastic_drone::drone] [34mi[0m [ Drone 3 ]: received a Ack(0)
2025-02-09 19:22:45 [INFO] [rustastic_drone::drone] [32m✓[0m [ Drone 3 ]: was sent a Ack(0) packet to [ Drone 10 ]
2025-02-09 19:22:45 [INFO] [rustastic_drone::drone] [32m✓[0m [ Drone 3 ]: has received the packet Packet { routing_header: SourceRoutingHeader { hop_index: 1, hops: [10, 3, 6, 9, 2, 14] }, session_id: 41, pack_type: MsgFragment(Fragment { fragment_index: 0, total_n_fragments: 1, length: 27, data: [123, 34, 84, 121, 112, 101, 82, 101, 113, 117, 101, 115, 116, 34, 58, 123, 34, 102, 114, 111, 109, 34, 58, 49, 48, 125, 125, 0, 0, 0, 0, 0, 0, 0, 0, 0, 0, 0, 0, 0, 0, 0, 0, 0, 0, 0, 0, 0, 0, 0, 0, 0, 0, 0, 0, 0, 0, 0, 0, 0, 0, 0, 0, 0, 0, 0, 0, 0, 0, 0, 0, 0, 0, 0, 0, 0, 0, 0, 0, 0, 0, 0, 0, 0, 0, 0, 0, 0, 0, 0, 0, 0, 0, 0, 0, 0, 0, 0, 0, 0, 0, 0, 0, 0, 0, 0, 0, 0, 0, 0, 0, 0, 0, 0, 0, 0, 0, 0, 0, 0, 0, 0, 0, 0, 0, 0, 0, 0] }) }
2025-02-09 19:22:45 [INFO] [rustastic_drone::drone] [32m✓[0m Packet with [ session_id: 41 ] is being handled from [ Drone 3 ]
2025-02-09 19:22:45 [INFO] [rustastic_drone::drone] [32m✓[0m [ Drone 3 ]: forwarded the the fragment [ fragment_index: 0 ] of the Packet [ session_id: 41 ]
2025-02-09 19:22:45 [WARN] [rustastic_drone::drone] └─>[33m!!![0m Fragment was added to the [ Drone 3 ] buffer
2025-02-09 19:22:45 [INFO] [rustastic_drone::drone] [32m✓[0m [ Drone 3 ]: was sent a Fragment { index: 1 out of 1, data: 0x7b225479706552657175657374223a7b2266726f... + other 7 bytes } packet to [ Drone 6 ]
2025-02-09 19:22:45 [INFO] [rustastic_drone::drone] [32m✓[0m [ Drone 3 ]: has received the packet Packet { routing_header: SourceRoutingHeader { hop_index: 1, hops: [12, 3, 10] }, session_id: 57, pack_type: MsgFragment(Fragment { fragment_index: 0, total_n_fragments: 1, length: 64, data: [123, 34, 84, 121, 112, 101, 82, 101, 115, 112, 111, 110, 115, 101, 34, 58, 123, 34, 101, 100, 103, 101, 95, 116, 121, 112, 101, 34, 58, 123, 34, 67, 108, 105, 101, 110, 116, 34, 58, 34, 87, 101, 98, 66, 114, 111, 119, 115, 101, 114, 34, 125, 44, 34, 102, 114, 111, 109, 34, 58, 49, 50, 125, 125, 0, 0, 0, 0, 0, 0, 0, 0, 0, 0, 0, 0, 0, 0, 0, 0, 0, 0, 0, 0, 0, 0, 0, 0, 0, 0, 0, 0, 0, 0, 0, 0, 0, 0, 0, 0, 0, 0, 0, 0, 0, 0, 0, 0, 0, 0, 0, 0, 0, 0, 0, 0, 0, 0, 0, 0, 0, 0, 0, 0, 0, 0, 0, 0] }) }
2025-02-09 19:22:45 [INFO] [rustastic_drone::drone] [32m✓[0m Packet with [ session_id: 57 ] is being handled from [ Drone 3 ]
2025-02-09 19:22:45 [INFO] [rustastic_drone::drone] [32m✓[0m [ Drone 3 ]: forwarded the the fragment [ fragment_index: 0 ] of the Packet [ session_id: 57 ]
2025-02-09 19:22:45 [WARN] [rustastic_drone::drone] └─>[33m!!![0m Fragment was added to the [ Drone 3 ] buffer
2025-02-09 19:22:45 [INFO] [rustastic_drone::drone] [32m✓[0m [ Drone 3 ]: was sent a Fragment { index: 1 out of 1, data: 0x7b2254797065526573706f6e7365223a7b226564... + other 44 bytes } packet to [ Drone 10 ]
2025-02-09 19:22:45 [INFO] [rustastic_drone::drone] [32m✓[0m [ Drone 3 ]: has received the packet Packet { routing_header: SourceRoutingHeader { hop_index: 1, hops: [10, 3, 6, 11] }, session_id: 21, pack_type: MsgFragment(Fragment { fragment_index: 0, total_n_fragments: 1, length: 64, data: [123, 34, 84, 121, 112, 101, 82, 101, 115, 112, 111, 110, 115, 101, 34, 58, 123, 34, 101, 100, 103, 101, 95, 116, 121, 112, 101, 34, 58, 123, 34, 67, 108, 105, 101, 110, 116, 34, 58, 34, 87, 101, 98, 66, 114, 111, 119, 115, 101, 114, 34, 125, 44, 34, 102, 114, 111, 109, 34, 58, 49, 48, 125, 125, 0, 0, 0, 0, 0, 0, 0, 0, 0, 0, 0, 0, 0, 0, 0, 0, 0, 0, 0, 0, 0, 0, 0, 0, 0, 0, 0, 0, 0, 0, 0, 0, 0, 0, 0, 0, 0, 0, 0, 0, 0, 0, 0, 0, 0, 0, 0, 0, 0, 0, 0, 0, 0, 0, 0, 0, 0, 0, 0, 0, 0, 0, 0, 0] }) }
2025-02-09 19:22:45 [INFO] [rustastic_drone::drone] [32m✓[0m Packet with [ session_id: 21 ] is being handled from [ Drone 3 ]
2025-02-09 19:22:45 [INFO] [rustastic_drone::drone] [32m✓[0m [ Drone 3 ]: forwarded the the fragment [ fragment_index: 0 ] of the Packet [ session_id: 21 ]
2025-02-09 19:22:45 [WARN] [rustastic_drone::drone] └─>[33m!!![0m Fragment was added to the [ Drone 3 ] buffer
2025-02-09 19:22:45 [INFO] [rustastic_drone::drone] [32m✓[0m [ Drone 3 ]: was sent a Fragment { index: 1 out of 1, data: 0x7b2254797065526573706f6e7365223a7b226564... + other 44 bytes } packet to [ Drone 6 ]
2025-02-09 19:22:45 [INFO] [rustastic_drone::drone] [32m✓[0m [ Drone 3 ]: has received the packet Packet { routing_header: SourceRoutingHeader { hop_index: 1, hops: [10, 3, 15] }, session_id: 14, pack_type: Ack(Ack { fragment_index: 0 }) }
2025-02-09 19:22:45 [INFO] [rustastic_drone::drone] [32m✓[0m Packet with [ session_id: 14 ] is being handled from [ Drone 3 ]
2025-02-09 19:22:45 [INFO] [rustastic_drone::drone] [34mi[0m [ Drone 3 ]: received a Ack(0)
2025-02-09 19:22:45 [INFO] [rustastic_drone::drone] [32m✓[0m [ Drone 3 ]: was sent a Ack(0) packet to [ Drone 15 ]
2025-02-09 19:22:45 [INFO] [rustastic_drone::drone] [32m✓[0m [ Drone 3 ]: has received the packet Packet { routing_header: SourceRoutingHeader { hop_index: 2, hops: [9, 6, 3, 10] }, session_id: 37, pack_type: Ack(Ack { fragment_index: 0 }) }
2025-02-09 19:22:45 [INFO] [rustastic_drone::drone] [32m✓[0m Packet with [ session_id: 37 ] is being handled from [ Drone 3 ]
2025-02-09 19:22:45 [INFO] [rustastic_drone::drone] [34mi[0m [ Drone 3 ]: received a Ack(0)
2025-02-09 19:22:45 [INFO] [rustastic_drone::drone] [32m✓[0m [ Drone 3 ]: was sent a Ack(0) packet to [ Drone 10 ]
2025-02-09 19:22:45 [INFO] [rustastic_drone::drone] [32m✓[0m [ Drone 3 ]: has received the packet Packet { routing_header: SourceRoutingHeader { hop_index: 2, hops: [9, 6, 3, 10] }, session_id: 40, pack_type: MsgFragment(Fragment { fragment_index: 0, total_n_fragments: 1, length: 63, data: [123, 34, 84, 121, 112, 101, 82, 101, 115, 112, 111, 110, 115, 101, 34, 58, 123, 34, 101, 100, 103, 101, 95, 116, 121, 112, 101, 34, 58, 123, 34, 67, 108, 105, 101, 110, 116, 34, 58, 34, 87, 101, 98, 66, 114, 111, 119, 115, 101, 114, 34, 125, 44, 34, 102, 114, 111, 109, 34, 58, 57, 125, 125, 0, 0, 0, 0, 0, 0, 0, 0, 0, 0, 0, 0, 0, 0, 0, 0, 0, 0, 0, 0, 0, 0, 0, 0, 0, 0, 0, 0, 0, 0, 0, 0, 0, 0, 0, 0, 0, 0, 0, 0, 0, 0, 0, 0, 0, 0, 0, 0, 0, 0, 0, 0, 0, 0, 0, 0, 0, 0, 0, 0, 0, 0, 0, 0, 0] }) }
2025-02-09 19:22:45 [INFO] [rustastic_drone::drone] [32m✓[0m Packet with [ session_id: 40 ] is being handled from [ Drone 3 ]
2025-02-09 19:22:45 [INFO] [rustastic_drone::drone] [32m✓[0m [ Drone 3 ]: forwarded the the fragment [ fragment_index: 0 ] of the Packet [ session_id: 40 ]
2025-02-09 19:22:45 [WARN] [rustastic_drone::drone] └─>[33m!!![0m Fragment was added to the [ Drone 3 ] buffer
2025-02-09 19:22:45 [INFO] [rustastic_drone::drone] [32m✓[0m [ Drone 3 ]: was sent a Fragment { index: 1 out of 1, data: 0x7b2254797065526573706f6e7365223a7b226564... + other 43 bytes } packet to [ Drone 10 ]
2025-02-09 19:22:45 [INFO] [rustastic_drone::drone] [32m✓[0m [ Drone 3 ]: has received the packet Packet { routing_header: SourceRoutingHeader { hop_index: 2, hops: [11, 6, 3, 10] }, session_id: 53, pack_type: Ack(Ack { fragment_index: 0 }) }
2025-02-09 19:22:45 [INFO] [rustastic_drone::drone] [32m✓[0m Packet with [ session_id: 53 ] is being handled from [ Drone 3 ]
2025-02-09 19:22:45 [INFO] [rustastic_drone::drone] [34mi[0m [ Drone 3 ]: received a Ack(0)
2025-02-09 19:22:45 [INFO] [rustastic_drone::drone] [32m✓[0m [ Drone 3 ]: was sent a Ack(0) packet to [ Drone 10 ]
2025-02-09 19:22:45 [INFO] [rustastic_drone::drone] [32m✓[0m [ Drone 3 ]: has received the packet Packet { routing_header: SourceRoutingHeader { hop_index: 2, hops: [11, 6, 3, 10] }, session_id: 50, pack_type: MsgFragment(Fragment { fragment_index: 0, total_n_fragments: 1, length: 64, data: [123, 34, 84, 121, 112, 101, 82, 101, 115, 112, 111, 110, 115, 101, 34, 58, 123, 34, 101, 100, 103, 101, 95, 116, 121, 112, 101, 34, 58, 123, 34, 67, 108, 105, 101, 110, 116, 34, 58, 34, 87, 101, 98, 66, 114, 111, 119, 115, 101, 114, 34, 125, 44, 34, 102, 114, 111, 109, 34, 58, 49, 49, 125, 125, 0, 0, 0, 0, 0, 0, 0, 0, 0, 0, 0, 0, 0, 0, 0, 0, 0, 0, 0, 0, 0, 0, 0, 0, 0, 0, 0, 0, 0, 0, 0, 0, 0, 0, 0, 0, 0, 0, 0, 0, 0, 0, 0, 0, 0, 0, 0, 0, 0, 0, 0, 0, 0, 0, 0, 0, 0, 0, 0, 0, 0, 0, 0, 0] }) }
2025-02-09 19:22:45 [INFO] [rustastic_drone::drone] [32m✓[0m Packet with [ session_id: 50 ] is being handled from [ Drone 3 ]
2025-02-09 19:22:45 [INFO] [rustastic_drone::drone] [32m✓[0m [ Drone 3 ]: forwarded the the fragment [ fragment_index: 0 ] of the Packet [ session_id: 50 ]
2025-02-09 19:22:45 [WARN] [rustastic_drone::drone] └─>[33m!!![0m Fragment was added to the [ Drone 3 ] buffer
2025-02-09 19:22:45 [INFO] [rustastic_drone::drone] [32m✓[0m [ Drone 3 ]: was sent a Fragment { index: 1 out of 1, data: 0x7b2254797065526573706f6e7365223a7b226564... + other 44 bytes } packet to [ Drone 10 ]
2025-02-09 19:22:45 [INFO] [rustastic_drone::drone] [32m✓[0m [ Drone 3 ]: has received the packet Packet { routing_header: SourceRoutingHeader { hop_index: 3, hops: [0, 8, 15, 3, 10] }, session_id: 59, pack_type: Ack(Ack { fragment_index: 0 }) }
2025-02-09 19:22:45 [INFO] [rustastic_drone::drone] [32m✓[0m Packet with [ session_id: 59 ] is being handled from [ Drone 3 ]
2025-02-09 19:22:45 [INFO] [rustastic_drone::drone] [34mi[0m [ Drone 3 ]: received a Ack(0)
2025-02-09 19:22:45 [INFO] [rustastic_drone::drone] [32m✓[0m [ Drone 3 ]: was sent a Ack(0) packet to [ Drone 10 ]
2025-02-09 19:22:45 [INFO] [rustastic_drone::drone] [32m✓[0m [ Drone 3 ]: has received the packet Packet { routing_header: SourceRoutingHeader { hop_index: 3, hops: [0, 8, 15, 3, 10] }, session_id: 50, pack_type: MsgFragment(Fragment { fragment_index: 0, total_n_fragments: 1, length: 63, data: [123, 34, 84, 121, 112, 101, 82, 101, 115, 112, 111, 110, 115, 101, 34, 58, 123, 34, 101, 100, 103, 101, 95, 116, 121, 112, 101, 34, 58, 123, 34, 67, 108, 105, 101, 110, 116, 34, 58, 34, 87, 101, 98, 66, 114, 111, 119, 115, 101, 114, 34, 125, 44, 34, 102, 114, 111, 109, 34, 58, 48, 125, 125, 0, 0, 0, 0, 0, 0, 0, 0, 0, 0, 0, 0, 0, 0, 0, 0, 0, 0, 0, 0, 0, 0, 0, 0, 0, 0, 0, 0, 0, 0, 0, 0, 0, 0, 0, 0, 0, 0, 0, 0, 0, 0, 0, 0, 0, 0, 0, 0, 0, 0, 0, 0, 0, 0, 0, 0, 0, 0, 0, 0, 0, 0, 0, 0, 0] }) }
2025-02-09 19:22:45 [INFO] [rustastic_drone::drone] [32m✓[0m Packet with [ session_id: 50 ] is being handled from [ Drone 3 ]
2025-02-09 19:22:45 [INFO] [rustastic_drone::drone] [32m✓[0m [ Drone 3 ]: forwarded the the fragment [ fragment_index: 0 ] of the Packet [ session_id: 50 ]
2025-02-09 19:22:45 [WARN] [rustastic_drone::drone] └─>[33m!!![0m Fragment was added to the [ Drone 3 ] buffer
2025-02-09 19:22:45 [INFO] [rustastic_drone::drone] [32m✓[0m [ Drone 3 ]: was sent a Fragment { index: 1 out of 1, data: 0x7b2254797065526573706f6e7365223a7b226564... + other 43 bytes } packet to [ Drone 10 ]
2025-02-09 19:22:45 [INFO] [rustastic_drone::drone] [32m✓[0m [ Drone 3 ]: has received the packet Packet { routing_header: SourceRoutingHeader { hop_index: 4, hops: [14, 2, 9, 6, 3, 10] }, session_id: 41, pack_type: Ack(Ack { fragment_index: 0 }) }
2025-02-09 19:22:45 [INFO] [rustastic_drone::drone] [32m✓[0m Packet with [ session_id: 41 ] is being handled from [ Drone 3 ]
2025-02-09 19:22:45 [INFO] [rustastic_drone::drone] [34mi[0m [ Drone 3 ]: received a Ack(0)
2025-02-09 19:22:45 [INFO] [rustastic_drone::drone] [32m✓[0m [ Drone 3 ]: was sent a Ack(0) packet to [ Drone 10 ]
2025-02-09 19:22:45 [INFO] [rustastic_drone::drone] [32m✓[0m [ Drone 3 ]: has received the packet Packet { routing_header: SourceRoutingHeader { hop_index: 4, hops: [14, 2, 11, 6, 3, 10] }, session_id: 14, pack_type: MsgFragment(Fragment { fragment_index: 0, total_n_fragments: 1, length: 70, data: [123, 34, 84, 121, 112, 101, 82, 101, 115, 112, 111, 110, 115, 101, 34, 58, 123, 34, 101, 100, 103, 101, 95, 116, 121, 112, 101, 34, 58, 123, 34, 83, 101, 114, 118, 101, 114, 34, 58, 123, 34, 67, 111, 110, 116, 101, 110, 116, 34, 58, 34, 84, 101, 120, 116, 34, 125, 125, 44, 34, 102, 114, 111, 109, 34, 58, 49, 52, 125, 125, 0, 0, 0, 0, 0, 0, 0, 0, 0, 0, 0, 0, 0, 0, 0, 0, 0, 0, 0, 0, 0, 0, 0, 0, 0, 0, 0, 0, 0, 0, 0, 0, 0, 0, 0, 0, 0, 0, 0, 0, 0, 0, 0, 0, 0, 0, 0, 0, 0, 0, 0, 0, 0, 0, 0, 0, 0, 0] }) }
2025-02-09 19:22:45 [INFO] [rustastic_drone::drone] [32m✓[0m Packet with [ session_id: 14 ] is being handled from [ Drone 3 ]
2025-02-09 19:22:45 [INFO] [rustastic_drone::drone] [32m✓[0m [ Drone 3 ]: forwarded the the fragment [ fragment_index: 0 ] of the Packet [ session_id: 14 ]
2025-02-09 19:22:45 [WARN] [rustastic_drone::drone] └─>[33m!!![0m Fragment was added to the [ Drone 3 ] buffer
2025-02-09 19:22:45 [INFO] [rustastic_drone::drone] [32m✓[0m [ Drone 3 ]: was sent a Fragment { index: 1 out of 1, data: 0x7b2254797065526573706f6e7365223a7b226564... + other 50 bytes } packet to [ Drone 10 ]
2025-02-09 19:22:45 [INFO] [rustastic_drone::drone] [32m✓[0m [ Drone 3 ]: has received the packet Packet { routing_header: SourceRoutingHeader { hop_index: 2, hops: [11, 6, 3, 10] }, session_id: 21, pack_type: Ack(Ack { fragment_index: 0 }) }
2025-02-09 19:22:45 [INFO] [rustastic_drone::drone] [32m✓[0m Packet with [ session_id: 21 ] is being handled from [ Drone 3 ]
2025-02-09 19:22:45 [INFO] [rustastic_drone::drone] [34mi[0m [ Drone 3 ]: received a Ack(0)
2025-02-09 19:22:45 [INFO] [rustastic_drone::drone] [32m✓[0m [ Drone 3 ]: was sent a Ack(0) packet to [ Drone 10 ]
2025-02-09 19:22:45 [INFO] [rustastic_drone::drone] [32m✓[0m [ Drone 3 ]: has received the packet Packet { routing_header: SourceRoutingHeader { hop_index: 1, hops: [10, 3, 12] }, session_id: 57, pack_type: Ack(Ack { fragment_index: 0 }) }
2025-02-09 19:22:45 [INFO] [rustastic_drone::drone] [32m✓[0m Packet with [ session_id: 57 ] is being handled from [ Drone 3 ]
2025-02-09 19:22:45 [INFO] [rustastic_drone::drone] [34mi[0m [ Drone 3 ]: received a Ack(0)
2025-02-09 19:22:45 [INFO] [rustastic_drone::drone] [32m✓[0m [ Drone 3 ]: was sent a Ack(0) packet to [ Drone 12 ]
2025-02-09 19:22:45 [INFO] [rustastic_drone::drone] [32m✓[0m [ Drone 3 ]: has received the packet Packet { routing_header: SourceRoutingHeader { hop_index: 1, hops: [10, 3, 6, 9] }, session_id: 40, pack_type: Ack(Ack { fragment_index: 0 }) }
2025-02-09 19:22:45 [INFO] [rustastic_drone::drone] [32m✓[0m Packet with [ session_id: 40 ] is being handled from [ Drone 3 ]
2025-02-09 19:22:45 [INFO] [rustastic_drone::drone] [34mi[0m [ Drone 3 ]: received a Ack(0)
2025-02-09 19:22:45 [INFO] [rustastic_drone::drone] [32m✓[0m [ Drone 3 ]: was sent a Ack(0) packet to [ Drone 6 ]
2025-02-09 19:22:45 [INFO] [rustastic_drone::drone] [32m✓[0m [ Drone 3 ]: has received the packet Packet { routing_header: SourceRoutingHeader { hop_index: 1, hops: [10, 3, 6, 11] }, session_id: 50, pack_type: Ack(Ack { fragment_index: 0 }) }
2025-02-09 19:22:45 [INFO] [rustastic_drone::drone] [32m✓[0m Packet with [ session_id: 50 ] is being handled from [ Drone 3 ]
2025-02-09 19:22:45 [INFO] [rustastic_drone::drone] [34mi[0m [ Drone 3 ]: received a Ack(0)
2025-02-09 19:22:45 [INFO] [rustastic_drone::drone] [32m✓[0m [ Drone 3 ]: was sent a Ack(0) packet to [ Drone 6 ]
2025-02-09 19:22:45 [INFO] [rustastic_drone::drone] [32m✓[0m [ Drone 3 ]: has received the packet Packet { routing_header: SourceRoutingHeader { hop_index: 1, hops: [10, 3, 15, 8, 0] }, session_id: 50, pack_type: Ack(Ack { fragment_index: 0 }) }
2025-02-09 19:22:45 [INFO] [rustastic_drone::drone] [32m✓[0m Packet with [ session_id: 50 ] is being handled from [ Drone 3 ]
2025-02-09 19:22:45 [INFO] [rustastic_drone::drone] [34mi[0m [ Drone 3 ]: received a Ack(0)
2025-02-09 19:22:45 [INFO] [rustastic_drone::drone] [32m✓[0m [ Drone 3 ]: was sent a Ack(0) packet to [ Drone 15 ]
2025-02-09 19:22:45 [INFO] [rustastic_drone::drone] [32m✓[0m [ Drone 3 ]: has received the packet Packet { routing_header: SourceRoutingHeader { hop_index: 1, hops: [10, 3, 6, 11, 2, 14] }, session_id: 14, pack_type: Ack(Ack { fragment_index: 0 }) }
2025-02-09 19:22:45 [INFO] [rustastic_drone::drone] [32m✓[0m Packet with [ session_id: 14 ] is being handled from [ Drone 3 ]
2025-02-09 19:22:45 [INFO] [rustastic_drone::drone] [34mi[0m [ Drone 3 ]: received a Ack(0)
2025-02-09 19:22:45 [INFO] [rustastic_drone::drone] [32m✓[0m [ Drone 3 ]: was sent a Ack(0) packet to [ Drone 6 ]
